序号,标题,BV号,AV号,UP主,UID,分区,时长,发布时间,播放量,点赞,收藏,弹幕,评论,标签,简介,封面
1,从1块泥巴到上亿天价！非遗汝瓷如何点土成“金”？,BV1rsjmzbEWd,114574342757495,影视飓风,946974,手工,12:5,2025-05-28 17:00,2948281,168993,39702,32794,3557,"碧蓝航线,汝瓷,4K,拍摄,匠人,制作,非遗,碧蓝航线8周年,非物质文化遗产",这些看似不起眼的泥巴和石头，经过巧妙的加工，竟然可能卖出上亿元的天价。作为瓷器的一种，为什么“它”这么值钱？这次我们和@碧蓝航线  一拍即合，前往河南汝州，想带你一起来看看这门传承了千年的中国手艺——汝瓷。如果你喜欢这期视频，请多多支持我们，并把视频分享给你的朋友们一起看看!,https://i0.hdslb.com/bfs/archive/de6649ac16c7c62fab9774d44b60a36965bf8592.jpg
2,【超燃】中国非遗超燃混剪,BV1a1keYbEF2,113695099261522,万川嘉心,1970823994,影视剪辑,5:25,2024-12-22 14:44,43569,522,935,1,71,"非遗文化分享官,非遗,传统文化,中国,人文历史档案馆2.0",-,https://i0.hdslb.com/bfs/archive/8ee2d7ef1efc6aa7d7727e5abbe06bb3a52eb859.jpg
3,开者即死，这四个字震慑了盗墓贼整整1400年,BV1W1ckz1EYk,116215389363710,江寻千,1895195099,手工,7:22,2026-03-12 17:11,1689695,71807,35514,702,773,"文化,闹蛾扑花钗,寻找100位非遗手艺人,非遗,花丝镶嵌,手工艺",,https://i2.hdslb.com/bfs/archive/2bdc919399b36b6c49fcc199af199f86ff1e8252.jpg
4,笑不中了！贾旭明老师号都没了，圆桌也没整清楚，又跑到非遗相声大会说相声了哈哈哈哈哈哈，网友：“相声这个行业危险系数这么高吗”哈哈哈哈或许是贾老师危险系数高？,BV1K8NMzYEmj,116192387795647,又一次嗑到了,3546939108886611,娱乐粉丝创作,22:12,2026-03-08 15:37,163500,3921,1214,998,330,"相声,爆笑,搞笑,贾局,段子,贾旭明,讽刺,小品,最新",-,https://i0.hdslb.com/bfs/archive/23c1efe6437884d6ea193d2b052293322e74de66.jpg
5,这个杯子浑身是孔，却滴水不漏,BV1jm84zcExE,114919047503711,江寻千,1895195099,影视剪辑,8:57,2025-07-26 18:28,8061672,297315,157059,4390,3837,"瓷器,传统文化,陶瓷,玲珑瓷,手工,非遗,寻找100位非遗手艺人",,https://i1.hdslb.com/bfs/archive/d3717a4ab06941d7e11769fe1a7e10133677d782.jpg
6,"贾旭明郑健相声《贾诗人》高清字幕版,贾旭明非遗相声春晚作品，搞笑不断！",BV1yBPoztEG3,116201934098540,相声茶馆,25375697,搞笑,22:12,2026-03-10 11:05,12542,150,72,19,16,"非遗相声,贾旭明相声,郑健,搞笑相声,非遗,相声小品,贾旭明,相声,春晚,搞笑","贾旭明郑健相声《贾诗人》高清字幕版,贾旭明非遗相声春晚作品，搞笑不断！",https://i1.hdslb.com/bfs/archive/32b9839ce3dd1a1fac4cbb5be6083dddea99bffa.jpg
7,【央视】综合频道CCTV-1《非遗里的中国》（第一季）,BV1AN411M7VY,493763285,八神逸枫,10289419,综艺,1086:50,2023-11-25 18:26,333807,3674,14406,1972,114,"非遗,人文,文化","https://tv.cctv.com/2022/12/30/VIDAIxSnFuJtsqzH4HZK9Yc4221230.shtml
《非遗里的中国》通过非遗创新秀演、沉浸体验、还原绝技等全新的方式来打开非遗，多维度呈现非遗的创新成果、历史底蕴、中国智慧、东方美学。节目展现非遗在新时代迸发出的焕新力量，呈现非遗时光流变中的一脉相承与继往开来。",https://i0.hdslb.com/bfs/archive/8268536bcc5c0b6c21c2dc540a25c7aad0559223.png
8,东巴纸,BV1ozw4ztEqm,116228106551729,归乡人山白,3494349557992101,手工,8:10,2026-03-14 23:02,677305,98023,9908,1849,1113,"寻找100位非遗手艺人,东巴纸,纳西族,手工纸,手工艺,手工,原创",纸寿千年，纳西族手工造纸。,https://i1.hdslb.com/bfs/archive/62ed064b30e48ab8740683535ec2a4640da5791a.jpg
9,中国的42项世界非遗项目 你都知道吗？,BV1NK411G7rv,500654333,中新视频,104092224,社会,4:38,2020-12-19 15:11,28939,680,801,21,38,"世界非遗项目,中国",12月17日晚，中国单独申报的“太极拳”、与马来西亚联合申报的“送王船——有关人与海洋可持续联系的仪式及相关实践”两个项目，经联合国教科文组织保护非物质文化遗产政府间委员会评审通过，列入联合国教科文组织人类非物质文化遗产代表作名录。那么，你知道中国的世界非物质文化遗产项目有多少个？有哪些？快跟我一起增长知识吧！,https://i2.hdslb.com/bfs/archive/f2e9d4d1134718bada898f5f9cce68245e4c7592.jpg
10,【大学生纪录短片/非遗/剪纸/原创】纸下的时间旅行者【高清1080P】万物理论拯救传统文化,BV1xs411y7CG,5301655,暗海见雪生,25005818,小剧场,15:39,2016-07-12 14:20,390083,7508,12177,347,198,"传统文化,传承,纪录片,冯骥才,万物理论",以乡村七十多岁民间剪纸艺人几十年扎根于民间文化为起点，伴随着生活在城市却致力于剪纸的保护与创新的艺术家郭梅花的故事进行交叉叙事，串起剪纸的历史与发展，民俗与文化。,https://i1.hdslb.com/bfs/archive/36284d6e91d13a830b61de8ac73cc367a4f1f2d7.jpg
11,非遗群像MVP结算画面,BV1JwWyzPE74,115387786207195,Locus建鹏,448415359,运动综合,0:33,2025-10-17 13:15,3426803,947394,222098,100260,8884,"逆水寒手游,逆水寒非遗计划,逆水寒次元破壁",-,https://i2.hdslb.com/bfs/archive/b1acff3579f22a0752d4961c7d319667c1866b16.jpg
12,谁还不是个rapper！一首歌串起中国43项世界级非遗,BV1FV4y1y78y,870118526,央视新闻,456664753,人文历史,3:13,2023-06-22 09:56,353154,46508,9405,272,783,"非遗,说唱",目前，中国43个项目列入联合国教科文组织，非物质文化遗产名录、名册数量居世界第一。端午节到来之际，央视新闻推出原创音乐MV《非常·非遗》，用一首歌曲串联起这43项世界级非遗项目，以音乐和视觉符号呈现中国式浪漫，彰显古老东方的历史文明之美。,https://i0.hdslb.com/bfs/archive/4b2558b64cc8011d043597b24c184eb78ec51587.jpg
13,网红想火想疯了？魔改中国非遗“黄梅戏”，惨遭央视发文“怒”批,BV1oq4y1N7ug,547995107,下饭音乐,11173348,乐评盘点,4:29,2021-09-14 17:10,3642675,192762,15640,47189,12344,"音乐分享官,乐评盘点,周杰伦,小姐姐,漫步人生路,青花瓷,网红翻唱,粤语歌,黄梅戏",要说现在刷手机，新歌没几首，老歌倒是不断被 魔改翻唱~甚至为了流量，网红们跟风拍摄 根本不管歌曲内容~今天饭饭 就带来的几首 被网红玩“变味”的歌，坚持听完的 可都是我的死忠粉呐,https://i2.hdslb.com/bfs/archive/65a0a945e8e351ea4548859398048a400a3bc155.jpg
14,以朱为信，以泥承魂，印泥，中华文房瑰宝,BV1VanmzbEbt,115293598781324,I彭传明,589188442,手工,22:26,2025-09-30 22:15,335678,28987,2825,1570,500,"中国,原创,文化",-,https://i2.hdslb.com/bfs/archive/9f1331aecca0077f75a416b03dd6219d90c378e5.jpg
15,鬼步、僵尸摔、滚灯……科普19种技惊四座的非遗绝技,BV1kXpWzyE6u,115217564570288,全球顶尖投影,3546744608524364,出行,2:45,2025-09-17 11:45,423693,37473,8866,256,555,"绝技,人文历史档案馆,传统文化,变脸,杂技,戏曲,鬼步,非遗,科普,京剧",,https://i1.hdslb.com/bfs/archive/c60f3ec3e64997d87ead2e58699a3eb49cb40e99.jpg
16,这不是迷信，这是中国傩戏。,BV1Xf421v74t,1206450288,唱饭的王小潮,1107899745,人文历史,2:45,2024-08-10 09:58,4003237,421831,190004,3655,4475,"非遗文化,文化,正能量,寻找非遗文化,行走的人文,中国",-,https://i1.hdslb.com/bfs/archive/49daebd4631fa0c00276d9350417f86fbd6af584.jpg
17,【《浮光》遇到中国非遗】中国的43个世界级非遗，你知道几个？,BV1L1421275U,1555202564,非遗正年轻,156651846,人文历史,4:21,2024-05-27 21:37,70621,1491,2589,17,61,"浮光,周深,世界级非遗,中国,传统文化,历史,非遗,文化",-,https://i0.hdslb.com/bfs/archive/a11d2fe91f98de969d84d93481c666bc65adbd4f.jpg
18,99%的人没见过这个非遗，可它正在消失,BV14A57zLEd1,114358101284195,摇铃啊摇铃儿,1330962869,人文历史,6:55,2025-04-18 17:10,2833317,123676,118188,4454,1189,"烟花,药发木偶,非遗,温州,寻找100位非遗手艺人,传统文化,寻找100位非遗手艺人 3.0,木偶戏",这是99%的人没听说过的非遗，温州泰顺的药发木偶。是火树银花的真实写照历时四个月，在失望与希望中反复挣扎，这次终于把周尔禄爷爷坚持了一生的热爱，带到了你的面前。因为这项非遗原料的特殊，一直在法律的文化传承的矛盾中挣扎，几度垂危，这期视频，中间有过很多次想放弃的时候，或许是因为我成为了他的第一位年轻“女徒弟”，或许因为这是我家乡的非遗，又或许只是因为它的传承人是周爷爷，这个历经种种磨难，依然在苦难中开出花的，理想主义老头！他真的太好啦87天的争取实在是漫长！可又怎么漫长得过周爷爷60多年，2万多天的坚持呢。,https://i2.hdslb.com/bfs/archive/f1dde5456c9361870e919747e4b14e1c10f212cc.jpg
19,老祖宗：不管了！好歹非遗传下来了！,BV1sjwez4ENA,116249463881838,料理小咪,18237423,颜值·网红舞,0:36,2026-03-18 17:29,13192,2075,651,122,67,"川剧摇,四时少女,火苗dj,葛仙村,古风","我们来葛仙村玩啦！好好玩！下次还来～
从左到右出境：
玉玲珑：小水泡汤
汉服：西海岸红杉
胡桃：料理小咪
大乔：十元酱少女",https://i2.hdslb.com/bfs/archive/59308324aa32767546f15be431472416fb28151a.jpg
20,手写代码的程序员成非遗了❓「古法编程」突然火了❗️,BV1UzwDz1E6w,116243071835663,智冷Shaw,480800563,计算机技术,0:51,2026-03-17 14:22,12239,121,75,86,63,"万万没想到,AI,人工智能,编程,程序员,学习,高能,科普,分享我的专业知识,代码",“古法编程”这个词一出来，我先笑了。以前程序员不用AI写代码叫基本操作，现在居然成了“古法手艺”。照这趋势下去，未来程序员怕不是要进博物馆现场表演纯手搓代码了。你觉得，不靠AI写代码的人，以后会不会真成“非遗传承人”？关注智冷Shaw，AI时代走前头！,https://i1.hdslb.com/bfs/archive/dedb798ce2c9122234b899598e2262af3e525da5.jpg
21,【非遗美学创业】每周工作一小时，每年躺平收入超七位数,BV1Hm421g7hX,1606157528,村姑欣陶,384402877,财经商业,42:49,2024-07-05 19:40,18723,905,830,59,34,"青年用「财」图鉴,共同富裕,投资,找工作,乡村振兴,非遗美学,创业,李子柒,融资,创业合伙人",作为斜杠财经博主，想做些差异化的内容，可以和大家共同富裕，比如好的合伙创业、商务合作和工作的机会。而且不是在项目极早期，充满高度不确定性的时候介绍给大家，希望是有数据支持的商业模式小DEMO已经跑通的时候，在项目充满生命力蓬勃发展的时候，介绍给大家。作为前投资人，未来也将继续做投资的创业财经博主，将以投资人的角度和创始人对话，探讨创业过程中的挑战和应对方案，希望想创业或者正在创业ing的朋友们有借鉴意义。如果有想和我一起录制视频的创业者，希望自己的项目让更多投资人、创业者、合作伙伴或者未来团队成员看到，欢,https://i0.hdslb.com/bfs/archive/f8cb19204ce43fe8528dd2d144d8ba0dc070a9ca.jpg
22,在你看到这期视频之前，它，没有观众,BV1Nw4m1k7Mk,1106345646,南翔,596842980,手工,6:6,2024-08-14 16:50,15767244,917337,442020,17326,7673,"一起做手工吧16.0 手工暑期大作战,非遗,打铁花,我的整活手工大赏,非遗传承,炭花舞,七江炭花舞,火壶",-,https://i0.hdslb.com/bfs/archive/c3cc26fc610220badb0b446469ca0ecf63577451.jpg
23,每周质量报告 | 央视曝光假非遗乱象,BV1Upf9BVEut,116009952416434,央视网,222103174,日常,18:18,2026-02-04 10:20,30411,1851,309,51,81,非遗,,https://i2.hdslb.com/bfs/archive/34738e7584707de16910fa86679013ae30a45b8a.jpg
24,非遗植物拓染｜锤出三千年前的中国色,BV1wh72z8EXt,114611957272674,陈二十,22309487,日常,3:45,2025-06-02 17:00,606312,9965,17638,82,104,"非遗,我的手工真的很解压,传统文化,手工,植物拓染",周末如果不想聚会跟人社交，那就试试跟大自然产生链接，动手做一副属于自己独一无二的作品吧~,https://i2.hdslb.com/bfs/archive/cdf4bc1202ff41f59c71c6274c7a043cdc2171d4.jpg
25,【全程高能】中国各地的非遗年俗能有多震撼？直接看呆了！,BV1XywNeNEd3,113849181145296,司空离,358807,人文历史,7:16,2025-01-18 20:12,2901923,43884,29288,621,338,"2025克穷暴富,民俗,英歌舞,传统文化,年俗,打铁花,非遗",-,https://i2.hdslb.com/bfs/archive/07a04911a2dadb3b495f1beb71f181169a64b619.jpg
26,陈都灵四次非遗旗袍变装,BV1i1ZiB6E3G,116097378426485,可爱又迷人旳反派,3493079277373656,明星综合,4:13,2026-02-19 20:55,9081,202,328,5,17,"陈都灵,表演,美女",-,https://i2.hdslb.com/bfs/archive/b8060f153a8c411e26e498e997adf6661f015e7e.jpg
27,外网热评：中国非遗文化传承《傩戏》外国网友：精准的动作和传统文化的传承，很精彩,BV1WyckzjEd5,116215473242189,轩宝看油管,387967038,日常,1:36,2026-03-12 17:24,1067,12,5,0,0,"传统文化,中国,外网热评,中国非遗,外国网友评论,外网评论,评论翻译,外国人看中国,文化传承,非物质文化遗产",,https://i1.hdslb.com/bfs/archive/734cc883611d5be6e1ef3823234a16f1f8c2d334.jpg
28,中国文化输出赢麻了！国风舞惊艳全场，街头“非遗喷火”看懵老外,BV14fXVYxEV6,114182427116994,下饭音乐,11173348,乐评盘点,5:45,2025-03-18 16:18,196063,3377,875,253,56,"非遗文化,中国舞,文化输出",,https://i1.hdslb.com/bfs/archive/233a03d3aafc688e7c5bc9fe392337f875fc58ef.jpg
29,挑战戏神非遗大片 今天拍的是“傩戏”！,BV1uLByBvELm,115791680838243,-小胡同学呀,262240557,穿搭,2:45,2025-12-27 21:18,1729251,38471,60664,1453,357,"传统文化,冷不丁化妆挑战,胡有姬,葛仙村,戏神,傩戏,非遗,江西,非物质文化遗产,挑战",-,https://i2.hdslb.com/bfs/archive/084a84aa9c8c5dc3386443cd5993a8e3f35b684d.jpg
30,《针尖上的非遗》纪录片作品,BV1DTwezYEgC,116247752675641,爱学习美女罢了,491748066,影视剪辑,12:40,2026-03-18 10:15,13,0,0,0,0,"纪录片,文化,艺术,非遗",,https://i0.hdslb.com/bfs/archive/8a5752778faa90c0c173dbc419191bacfa40b9ad.jpg
31,外网看我国非遗文化变装转场！热评：文化自信在此刻具象化！ #非遗文化 #转场 #舞狮 #外国人看中国,BV1mWkzBtEho,115528446251640,星禾搞笑娱乐,1680121791,日常,1:36,2025-11-11 09:25,156077,2194,573,33,39,"中国风,制作,变装转场,B站辩论季！,歪果仁,传统文化,中国,文化",外网看我国非遗文化变装转场！热评：文化自信在此刻具象化！ #非遗文化 #转场 #舞狮 #外国人看中国,https://i0.hdslb.com/bfs/archive/2817e02809a8d3e33c7ece58178345d287ed3ea0.jpg
32,【纪录片】《中国手作》第一季 木作 第一集 榫卯智慧,BV1mk4y1c7M4,745848737,长安书院_,2147327022,人文历史,121:19,2023-09-09 17:26,166210,2479,12555,99,44,"历史,工匠,科普,人文,木作,榫卯,非遗,手作,纪录片,传统文化",如果觉得还不错，麻烦给个三连！谢谢~,https://i2.hdslb.com/bfs/archive/19f159e05c860021238a410bb02e3138deae4c61.png
33,江寻千：把100种非遗，拍成文艺复兴名场面,BV1nvceznEoG,116055401826217,环球人物新媒体,30042311,运动文化,8:7,2026-02-19 09:00,7354,530,246,8,8,"传统文化,文化,中国,非遗",,https://i1.hdslb.com/bfs/archive/f83a1f00a4aa6149581d5a49c0a01bcf3a027dbd.jpg
34,为什么都以为排箫是国外乐器？&quot;非遗 &quot;传统文化 &quot;乐器 &quot;,BV1NRwezhEmx,116249379996802,非遗传统手艺哥,3632303318239519,田园美食,2:30,2026-03-18 17:09,1191,60,5,2,4,"制作,文化,寻找100位非遗手艺人,B站好片有奖种草,非物质文化遗产",-,https://i0.hdslb.com/bfs/archive/d15c455bdb33bbcad358aa0ddb7cd3f5b788fdca.jpg
35,外网热评：中国非遗！龙须面惊艳外网！一根面能拉千米，中华绝技太绝了,BV1WyckzjE38,116215473245756,轩宝看油管,387967038,日常,2:4,2026-03-12 17:24,2939,44,3,3,1,"外网热评,文化,中国,外国网友评论,外网评论,评论翻译,外国网友,外国人看中国,外网,娱乐资讯",,https://i1.hdslb.com/bfs/archive/017a6b927ce0726e3ae65bc65666be3e5caa1f74.jpg
36,中国非遗惊艳世界，视觉盛宴引全球热议,BV1UVwszqEVM,116225405359197,油管外网趣评,508321791,日常,1:41,2026-03-14 11:31,1256,28,1,0,0,"绘画,游戏,动作游戏",-,https://i2.hdslb.com/bfs/archive/d80dab66b5956ebc796846f4ef9075ea766ceac7.jpg
37,千年龙韵-非遗六坊云龙舞-采访市级传承人,BV1WswBzqEew,116251108050595,知行潮汐队,629256315,搞笑,9:56,2026-03-19 00:30,8,4,2,0,0,"优秀传统文化,传承,北京交通大学,传统文化,文化,中国",-,https://i0.hdslb.com/bfs/archive/245c8af03fd420f353ee7c9caff2aa96e6173561.jpg
38,毛晓彤丨福州非遗嘉年华伞舞 拍的最好的版本,BV1NnPtz7EAo,116183730752186,毛曉彤,257442725,国风舞蹈,1:4,2026-03-07 09:00,144047,14678,3257,85,336,"毛晓彤,新春舞蹈集结计划,非遗嘉年华,古典舞,国风舞蹈,仙女,演员,中国风,古风,现场",,https://i0.hdslb.com/bfs/archive/fc4823fb65786cf1aa38b96f3f9a5b8b111df2cd.jpg
39,从1块泥巴到上亿天价！非遗汝瓷如何点土成“金”？,BV1rsjmzbEWd,114574342757495,影视飓风,946974,手工,12:5,2025-05-28 17:00,2948281,168993,39702,32794,3557,"碧蓝航线,汝瓷,4K,拍摄,匠人,制作,非遗,碧蓝航线8周年,非物质文化遗产",这些看似不起眼的泥巴和石头，经过巧妙的加工，竟然可能卖出上亿元的天价。作为瓷器的一种，为什么“它”这么值钱？这次我们和@碧蓝航线  一拍即合，前往河南汝州，想带你一起来看看这门传承了千年的中国手艺——汝瓷。如果你喜欢这期视频，请多多支持我们，并把视频分享给你的朋友们一起看看!,https://i0.hdslb.com/bfs/archive/de6649ac16c7c62fab9774d44b60a36965bf8592.jpg
40,【超燃】中国非遗超燃混剪,BV1a1keYbEF2,113695099261522,万川嘉心,1970823994,影视剪辑,5:25,2024-12-22 14:44,43569,522,935,1,71,"非遗文化分享官,非遗,传统文化,中国,人文历史档案馆2.0",-,https://i0.hdslb.com/bfs/archive/8ee2d7ef1efc6aa7d7727e5abbe06bb3a52eb859.jpg
41,开者即死，这四个字震慑了盗墓贼整整1400年,BV1W1ckz1EYk,116215389363710,江寻千,1895195099,手工,7:22,2026-03-12 17:11,1689695,71807,35514,702,773,"文化,闹蛾扑花钗,寻找100位非遗手艺人,非遗,花丝镶嵌,手工艺",,https://i2.hdslb.com/bfs/archive/2bdc919399b36b6c49fcc199af199f86ff1e8252.jpg
42,笑不中了！贾旭明老师号都没了，圆桌也没整清楚，又跑到非遗相声大会说相声了哈哈哈哈哈哈，网友：“相声这个行业危险系数这么高吗”哈哈哈哈或许是贾老师危险系数高？,BV1K8NMzYEmj,116192387795647,又一次嗑到了,3546939108886611,娱乐粉丝创作,22:12,2026-03-08 15:37,163502,3921,1214,998,330,"相声,爆笑,搞笑,贾局,段子,贾旭明,讽刺,小品,最新",-,https://i0.hdslb.com/bfs/archive/23c1efe6437884d6ea193d2b052293322e74de66.jpg
43,这个杯子浑身是孔，却滴水不漏,BV1jm84zcExE,114919047503711,江寻千,1895195099,影视剪辑,8:57,2025-07-26 18:28,8061672,297315,157059,4390,3837,"瓷器,传统文化,陶瓷,玲珑瓷,手工,非遗,寻找100位非遗手艺人",,https://i1.hdslb.com/bfs/archive/d3717a4ab06941d7e11769fe1a7e10133677d782.jpg
44,"贾旭明郑健相声《贾诗人》高清字幕版,贾旭明非遗相声春晚作品，搞笑不断！",BV1yBPoztEG3,116201934098540,相声茶馆,25375697,搞笑,22:12,2026-03-10 11:05,12543,150,72,19,16,"非遗相声,贾旭明相声,郑健,搞笑相声,非遗,相声小品,贾旭明,相声,春晚,搞笑","贾旭明郑健相声《贾诗人》高清字幕版,贾旭明非遗相声春晚作品，搞笑不断！",https://i1.hdslb.com/bfs/archive/32b9839ce3dd1a1fac4cbb5be6083dddea99bffa.jpg
45,【央视】综合频道CCTV-1《非遗里的中国》（第一季）,BV1AN411M7VY,493763285,八神逸枫,10289419,综艺,1086:50,2023-11-25 18:26,333807,3674,14406,1972,114,"非遗,人文,文化","https://tv.cctv.com/2022/12/30/VIDAIxSnFuJtsqzH4HZK9Yc4221230.shtml
《非遗里的中国》通过非遗创新秀演、沉浸体验、还原绝技等全新的方式来打开非遗，多维度呈现非遗的创新成果、历史底蕴、中国智慧、东方美学。节目展现非遗在新时代迸发出的焕新力量，呈现非遗时光流变中的一脉相承与继往开来。",https://i0.hdslb.com/bfs/archive/8268536bcc5c0b6c21c2dc540a25c7aad0559223.png
46,东巴纸,BV1ozw4ztEqm,116228106551729,归乡人山白,3494349557992101,手工,8:10,2026-03-14 23:02,677305,98023,9908,1849,1113,"寻找100位非遗手艺人,东巴纸,纳西族,手工纸,手工艺,手工,原创",纸寿千年，纳西族手工造纸。,https://i1.hdslb.com/bfs/archive/62ed064b30e48ab8740683535ec2a4640da5791a.jpg
47,中国的42项世界非遗项目 你都知道吗？,BV1NK411G7rv,500654333,中新视频,104092224,社会,4:38,2020-12-19 15:11,28939,680,801,21,38,"世界非遗项目,中国",12月17日晚，中国单独申报的“太极拳”、与马来西亚联合申报的“送王船——有关人与海洋可持续联系的仪式及相关实践”两个项目，经联合国教科文组织保护非物质文化遗产政府间委员会评审通过，列入联合国教科文组织人类非物质文化遗产代表作名录。那么，你知道中国的世界非物质文化遗产项目有多少个？有哪些？快跟我一起增长知识吧！,https://i2.hdslb.com/bfs/archive/f2e9d4d1134718bada898f5f9cce68245e4c7592.jpg
48,【大学生纪录短片/非遗/剪纸/原创】纸下的时间旅行者【高清1080P】万物理论拯救传统文化,BV1xs411y7CG,5301655,暗海见雪生,25005818,小剧场,15:39,2016-07-12 14:20,390083,7508,12177,347,198,"传统文化,传承,纪录片,冯骥才,万物理论",以乡村七十多岁民间剪纸艺人几十年扎根于民间文化为起点，伴随着生活在城市却致力于剪纸的保护与创新的艺术家郭梅花的故事进行交叉叙事，串起剪纸的历史与发展，民俗与文化。,https://i1.hdslb.com/bfs/archive/36284d6e91d13a830b61de8ac73cc367a4f1f2d7.jpg
49,非遗群像MVP结算画面,BV1JwWyzPE74,115387786207195,Locus建鹏,448415359,运动综合,0:33,2025-10-17 13:15,3426803,947394,222098,100260,8884,"逆水寒手游,逆水寒非遗计划,逆水寒次元破壁",-,https://i2.hdslb.com/bfs/archive/b1acff3579f22a0752d4961c7d319667c1866b16.jpg
50,谁还不是个rapper！一首歌串起中国43项世界级非遗,BV1FV4y1y78y,870118526,央视新闻,456664753,人文历史,3:13,2023-06-22 09:56,353154,46508,9405,272,783,"非遗,说唱",目前，中国43个项目列入联合国教科文组织，非物质文化遗产名录、名册数量居世界第一。端午节到来之际，央视新闻推出原创音乐MV《非常·非遗》，用一首歌曲串联起这43项世界级非遗项目，以音乐和视觉符号呈现中国式浪漫，彰显古老东方的历史文明之美。,https://i0.hdslb.com/bfs/archive/4b2558b64cc8011d043597b24c184eb78ec51587.jpg
51,网红想火想疯了？魔改中国非遗“黄梅戏”，惨遭央视发文“怒”批,BV1oq4y1N7ug,547995107,下饭音乐,11173348,乐评盘点,4:29,2021-09-14 17:10,3642675,192762,15640,47189,12344,"音乐分享官,乐评盘点,周杰伦,小姐姐,漫步人生路,青花瓷,网红翻唱,粤语歌,黄梅戏",要说现在刷手机，新歌没几首，老歌倒是不断被 魔改翻唱~甚至为了流量，网红们跟风拍摄 根本不管歌曲内容~今天饭饭 就带来的几首 被网红玩“变味”的歌，坚持听完的 可都是我的死忠粉呐,https://i2.hdslb.com/bfs/archive/65a0a945e8e351ea4548859398048a400a3bc155.jpg
52,鬼步、僵尸摔、滚灯……科普19种技惊四座的非遗绝技,BV1kXpWzyE6u,115217564570288,全球顶尖投影,3546744608524364,出行,2:45,2025-09-17 11:45,423693,37473,8866,256,555,"绝技,人文历史档案馆,传统文化,变脸,杂技,戏曲,鬼步,非遗,科普,京剧",,https://i1.hdslb.com/bfs/archive/c60f3ec3e64997d87ead2e58699a3eb49cb40e99.jpg
53,以朱为信，以泥承魂，印泥，中华文房瑰宝,BV1VanmzbEbt,115293598781324,I彭传明,589188442,手工,22:26,2025-09-30 22:15,335678,28987,2825,1570,500,"中国,原创,文化",-,https://i2.hdslb.com/bfs/archive/9f1331aecca0077f75a416b03dd6219d90c378e5.jpg
54,这不是迷信，这是中国傩戏。,BV1Xf421v74t,1206450288,唱饭的王小潮,1107899745,人文历史,2:45,2024-08-10 09:58,4003237,421831,190004,3655,4475,"非遗文化,文化,正能量,寻找非遗文化,行走的人文,中国",-,https://i1.hdslb.com/bfs/archive/49daebd4631fa0c00276d9350417f86fbd6af584.jpg
55,【《浮光》遇到中国非遗】中国的43个世界级非遗，你知道几个？,BV1L1421275U,1555202564,非遗正年轻,156651846,人文历史,4:21,2024-05-27 21:37,70621,1491,2589,17,61,"浮光,周深,世界级非遗,中国,传统文化,历史,非遗,文化",-,https://i0.hdslb.com/bfs/archive/a11d2fe91f98de969d84d93481c666bc65adbd4f.jpg
56,99%的人没见过这个非遗，可它正在消失,BV14A57zLEd1,114358101284195,摇铃啊摇铃儿,1330962869,人文历史,6:55,2025-04-18 17:10,2833317,123676,118188,4454,1189,"烟花,药发木偶,非遗,温州,寻找100位非遗手艺人,传统文化,寻找100位非遗手艺人 3.0,木偶戏",这是99%的人没听说过的非遗，温州泰顺的药发木偶。是火树银花的真实写照历时四个月，在失望与希望中反复挣扎，这次终于把周尔禄爷爷坚持了一生的热爱，带到了你的面前。因为这项非遗原料的特殊，一直在法律的文化传承的矛盾中挣扎，几度垂危，这期视频，中间有过很多次想放弃的时候，或许是因为我成为了他的第一位年轻“女徒弟”，或许因为这是我家乡的非遗，又或许只是因为它的传承人是周爷爷，这个历经种种磨难，依然在苦难中开出花的，理想主义老头！他真的太好啦87天的争取实在是漫长！可又怎么漫长得过周爷爷60多年，2万多天的坚持呢。,https://i2.hdslb.com/bfs/archive/f1dde5456c9361870e919747e4b14e1c10f212cc.jpg
57,老祖宗：不管了！好歹非遗传下来了！,BV1sjwez4ENA,116249463881838,料理小咪,18237423,颜值·网红舞,0:36,2026-03-18 17:29,13192,2075,651,122,67,"川剧摇,四时少女,火苗dj,葛仙村,古风","我们来葛仙村玩啦！好好玩！下次还来～
从左到右出境：
玉玲珑：小水泡汤
汉服：西海岸红杉
胡桃：料理小咪
大乔：十元酱少女",https://i2.hdslb.com/bfs/archive/59308324aa32767546f15be431472416fb28151a.jpg
58,【非遗美学创业】每周工作一小时，每年躺平收入超七位数,BV1Hm421g7hX,1606157528,村姑欣陶,384402877,财经商业,42:49,2024-07-05 19:40,18723,905,830,59,34,"青年用「财」图鉴,共同富裕,投资,找工作,乡村振兴,非遗美学,创业,李子柒,融资,创业合伙人",作为斜杠财经博主，想做些差异化的内容，可以和大家共同富裕，比如好的合伙创业、商务合作和工作的机会。而且不是在项目极早期，充满高度不确定性的时候介绍给大家，希望是有数据支持的商业模式小DEMO已经跑通的时候，在项目充满生命力蓬勃发展的时候，介绍给大家。作为前投资人，未来也将继续做投资的创业财经博主，将以投资人的角度和创始人对话，探讨创业过程中的挑战和应对方案，希望想创业或者正在创业ing的朋友们有借鉴意义。如果有想和我一起录制视频的创业者，希望自己的项目让更多投资人、创业者、合作伙伴或者未来团队成员看到，欢,https://i0.hdslb.com/bfs/archive/f8cb19204ce43fe8528dd2d144d8ba0dc070a9ca.jpg
59,手写代码的程序员成非遗了❓「古法编程」突然火了❗️,BV1UzwDz1E6w,116243071835663,智冷Shaw,480800563,计算机技术,0:51,2026-03-17 14:22,12243,121,75,86,63,"万万没想到,AI,人工智能,编程,程序员,学习,高能,科普,分享我的专业知识,代码",“古法编程”这个词一出来，我先笑了。以前程序员不用AI写代码叫基本操作，现在居然成了“古法手艺”。照这趋势下去，未来程序员怕不是要进博物馆现场表演纯手搓代码了。你觉得，不靠AI写代码的人，以后会不会真成“非遗传承人”？关注智冷Shaw，AI时代走前头！,https://i1.hdslb.com/bfs/archive/dedb798ce2c9122234b899598e2262af3e525da5.jpg
60,在你看到这期视频之前，它，没有观众,BV1Nw4m1k7Mk,1106345646,南翔,596842980,手工,6:6,2024-08-14 16:50,15767244,917337,442020,17326,7673,"一起做手工吧16.0 手工暑期大作战,非遗,打铁花,我的整活手工大赏,非遗传承,炭花舞,七江炭花舞,火壶",-,https://i0.hdslb.com/bfs/archive/c3cc26fc610220badb0b446469ca0ecf63577451.jpg
61,每周质量报告 | 央视曝光假非遗乱象,BV1Upf9BVEut,116009952416434,央视网,222103174,日常,18:18,2026-02-04 10:20,30411,1851,309,51,81,非遗,,https://i2.hdslb.com/bfs/archive/34738e7584707de16910fa86679013ae30a45b8a.jpg
62,非遗植物拓染｜锤出三千年前的中国色,BV1wh72z8EXt,114611957272674,陈二十,22309487,日常,3:45,2025-06-02 17:00,606312,9965,17638,82,104,"非遗,我的手工真的很解压,传统文化,手工,植物拓染",周末如果不想聚会跟人社交，那就试试跟大自然产生链接，动手做一副属于自己独一无二的作品吧~,https://i2.hdslb.com/bfs/archive/cdf4bc1202ff41f59c71c6274c7a043cdc2171d4.jpg
63,【全程高能】中国各地的非遗年俗能有多震撼？直接看呆了！,BV1XywNeNEd3,113849181145296,司空离,358807,人文历史,7:16,2025-01-18 20:12,2901923,43884,29288,621,338,"2025克穷暴富,民俗,英歌舞,传统文化,年俗,打铁花,非遗",-,https://i2.hdslb.com/bfs/archive/07a04911a2dadb3b495f1beb71f181169a64b619.jpg
64,陈都灵四次非遗旗袍变装,BV1i1ZiB6E3G,116097378426485,可爱又迷人旳反派,3493079277373656,明星综合,4:13,2026-02-19 20:55,9081,202,328,5,17,"陈都灵,表演,美女",-,https://i2.hdslb.com/bfs/archive/b8060f153a8c411e26e498e997adf6661f015e7e.jpg
65,外网热评：中国非遗文化传承《傩戏》外国网友：精准的动作和传统文化的传承，很精彩,BV1WyckzjEd5,116215473242189,轩宝看油管,387967038,日常,1:36,2026-03-12 17:24,1067,12,5,0,0,"传统文化,中国,外网热评,中国非遗,外国网友评论,外网评论,评论翻译,外国人看中国,文化传承,非物质文化遗产",,https://i1.hdslb.com/bfs/archive/734cc883611d5be6e1ef3823234a16f1f8c2d334.jpg
66,中国文化输出赢麻了！国风舞惊艳全场，街头“非遗喷火”看懵老外,BV14fXVYxEV6,114182427116994,下饭音乐,11173348,乐评盘点,5:45,2025-03-18 16:18,196063,3377,875,253,56,"非遗文化,中国舞,文化输出",,https://i1.hdslb.com/bfs/archive/233a03d3aafc688e7c5bc9fe392337f875fc58ef.jpg
67,挑战戏神非遗大片 今天拍的是“傩戏”！,BV1uLByBvELm,115791680838243,-小胡同学呀,262240557,穿搭,2:45,2025-12-27 21:18,1729251,38471,60664,1453,357,"传统文化,冷不丁化妆挑战,胡有姬,葛仙村,戏神,傩戏,非遗,江西,非物质文化遗产,挑战",-,https://i2.hdslb.com/bfs/archive/084a84aa9c8c5dc3386443cd5993a8e3f35b684d.jpg
68,【纪录片】《中国手作》第一季 木作 第一集 榫卯智慧,BV1mk4y1c7M4,745848737,长安书院_,2147327022,人文历史,121:19,2023-09-09 17:26,166211,2479,12555,99,44,"历史,工匠,科普,人文,木作,榫卯,非遗,手作,纪录片,传统文化",如果觉得还不错，麻烦给个三连！谢谢~,https://i2.hdslb.com/bfs/archive/19f159e05c860021238a410bb02e3138deae4c61.png
69,外网看我国非遗文化变装转场！热评：文化自信在此刻具象化！ #非遗文化 #转场 #舞狮 #外国人看中国,BV1mWkzBtEho,115528446251640,星禾搞笑娱乐,1680121791,日常,1:36,2025-11-11 09:25,156077,2194,573,33,39,"中国风,制作,变装转场,B站辩论季！,歪果仁,传统文化,中国,文化",外网看我国非遗文化变装转场！热评：文化自信在此刻具象化！ #非遗文化 #转场 #舞狮 #外国人看中国,https://i0.hdslb.com/bfs/archive/2817e02809a8d3e33c7ece58178345d287ed3ea0.jpg
70,《针尖上的非遗》纪录片作品,BV1DTwezYEgC,116247752675641,爱学习美女罢了,491748066,影视剪辑,12:40,2026-03-18 10:15,13,0,0,0,0,"纪录片,文化,艺术,非遗",,https://i0.hdslb.com/bfs/archive/8a5752778faa90c0c173dbc419191bacfa40b9ad.jpg
71,江寻千：把100种非遗，拍成文艺复兴名场面,BV1nvceznEoG,116055401826217,环球人物新媒体,30042311,运动文化,8:7,2026-02-19 09:00,7354,530,246,8,8,"传统文化,文化,中国,非遗",,https://i1.hdslb.com/bfs/archive/f83a1f00a4aa6149581d5a49c0a01bcf3a027dbd.jpg
72,外网热评：中国非遗！龙须面惊艳外网！一根面能拉千米，中华绝技太绝了,BV1WyckzjE38,116215473245756,轩宝看油管,387967038,日常,2:4,2026-03-12 17:24,2939,44,3,3,1,"外网热评,文化,中国,外国网友评论,外网评论,评论翻译,外国网友,外国人看中国,外网,娱乐资讯",,https://i1.hdslb.com/bfs/archive/017a6b927ce0726e3ae65bc65666be3e5caa1f74.jpg
73,为什么都以为排箫是国外乐器？&quot;非遗 &quot;传统文化 &quot;乐器 &quot;,BV1NRwezhEmx,116249379996802,非遗传统手艺哥,3632303318239519,田园美食,2:30,2026-03-18 17:09,1191,60,5,2,4,"制作,文化,寻找100位非遗手艺人,B站好片有奖种草,非物质文化遗产",-,https://i0.hdslb.com/bfs/archive/d15c455bdb33bbcad358aa0ddb7cd3f5b788fdca.jpg
74,千年龙韵-非遗六坊云龙舞-采访市级传承人,BV1WswBzqEew,116251108050595,知行潮汐队,629256315,搞笑,9:56,2026-03-19 00:30,8,4,2,0,0,"优秀传统文化,传承,北京交通大学,传统文化,文化,中国",-,https://i0.hdslb.com/bfs/archive/245c8af03fd420f353ee7c9caff2aa96e6173561.jpg
75,毛晓彤丨福州非遗嘉年华伞舞 拍的最好的版本,BV1NnPtz7EAo,116183730752186,毛曉彤,257442725,国风舞蹈,1:4,2026-03-07 09:00,144047,14678,3257,85,336,"毛晓彤,新春舞蹈集结计划,非遗嘉年华,古典舞,国风舞蹈,仙女,演员,中国风,古风,现场",,https://i0.hdslb.com/bfs/archive/fc4823fb65786cf1aa38b96f3f9a5b8b111df2cd.jpg
76,手工斫琴是智商税？别用工业标准衡量千年文化,BV1cTwqzcEod,116249749097395,古琴拓荒人卢玉平,3546840091855248,手工,1:46,2026-03-18 18:49,495,9,5,1,1,"匠人,非物质文化遗产,古琴,传统文化,手工,原创",,https://i1.hdslb.com/bfs/archive/783cb05ded88b46fe0659af025ffaab31c3040d5.jpg
77,从1块泥巴到上亿天价！非遗汝瓷如何点土成“金”？,BV1rsjmzbEWd,114574342757495,影视飓风,946974,手工,12:5,2025-05-28 17:00,2948281,168993,39702,32794,3557,"碧蓝航线,汝瓷,4K,拍摄,匠人,制作,非遗,碧蓝航线8周年,非物质文化遗产",这些看似不起眼的泥巴和石头，经过巧妙的加工，竟然可能卖出上亿元的天价。作为瓷器的一种，为什么“它”这么值钱？这次我们和@碧蓝航线  一拍即合，前往河南汝州，想带你一起来看看这门传承了千年的中国手艺——汝瓷。如果你喜欢这期视频，请多多支持我们，并把视频分享给你的朋友们一起看看!,https://i0.hdslb.com/bfs/archive/de6649ac16c7c62fab9774d44b60a36965bf8592.jpg
78,【超燃】中国非遗超燃混剪,BV1a1keYbEF2,113695099261522,万川嘉心,1970823994,影视剪辑,5:25,2024-12-22 14:44,43569,522,935,1,71,"非遗文化分享官,非遗,传统文化,中国,人文历史档案馆2.0",-,https://i0.hdslb.com/bfs/archive/8ee2d7ef1efc6aa7d7727e5abbe06bb3a52eb859.jpg
79,开者即死，这四个字震慑了盗墓贼整整1400年,BV1W1ckz1EYk,116215389363710,江寻千,1895195099,手工,7:22,2026-03-12 17:11,1689695,71807,35514,702,773,"文化,闹蛾扑花钗,寻找100位非遗手艺人,非遗,花丝镶嵌,手工艺",,https://i2.hdslb.com/bfs/archive/2bdc919399b36b6c49fcc199af199f86ff1e8252.jpg
80,笑不中了！贾旭明老师号都没了，圆桌也没整清楚，又跑到非遗相声大会说相声了哈哈哈哈哈哈，网友：“相声这个行业危险系数这么高吗”哈哈哈哈或许是贾老师危险系数高？,BV1K8NMzYEmj,116192387795647,又一次嗑到了,3546939108886611,娱乐粉丝创作,22:12,2026-03-08 15:37,163502,3921,1214,998,330,"相声,爆笑,搞笑,贾局,段子,贾旭明,讽刺,小品,最新",-,https://i0.hdslb.com/bfs/archive/23c1efe6437884d6ea193d2b052293322e74de66.jpg
81,这个杯子浑身是孔，却滴水不漏,BV1jm84zcExE,114919047503711,江寻千,1895195099,影视剪辑,8:57,2025-07-26 18:28,8061672,297315,157059,4390,3837,"瓷器,传统文化,陶瓷,玲珑瓷,手工,非遗,寻找100位非遗手艺人",,https://i1.hdslb.com/bfs/archive/d3717a4ab06941d7e11769fe1a7e10133677d782.jpg
82,"贾旭明郑健相声《贾诗人》高清字幕版,贾旭明非遗相声春晚作品，搞笑不断！",BV1yBPoztEG3,116201934098540,相声茶馆,25375697,搞笑,22:12,2026-03-10 11:05,12543,150,72,19,16,"非遗相声,贾旭明相声,郑健,搞笑相声,非遗,相声小品,贾旭明,相声,春晚,搞笑","贾旭明郑健相声《贾诗人》高清字幕版,贾旭明非遗相声春晚作品，搞笑不断！",https://i1.hdslb.com/bfs/archive/32b9839ce3dd1a1fac4cbb5be6083dddea99bffa.jpg
83,【央视】综合频道CCTV-1《非遗里的中国》（第一季）,BV1AN411M7VY,493763285,八神逸枫,10289419,综艺,1086:50,2023-11-25 18:26,333807,3674,14406,1972,114,"非遗,人文,文化","https://tv.cctv.com/2022/12/30/VIDAIxSnFuJtsqzH4HZK9Yc4221230.shtml
《非遗里的中国》通过非遗创新秀演、沉浸体验、还原绝技等全新的方式来打开非遗，多维度呈现非遗的创新成果、历史底蕴、中国智慧、东方美学。节目展现非遗在新时代迸发出的焕新力量，呈现非遗时光流变中的一脉相承与继往开来。",https://i0.hdslb.com/bfs/archive/8268536bcc5c0b6c21c2dc540a25c7aad0559223.png
84,东巴纸,BV1ozw4ztEqm,116228106551729,归乡人山白,3494349557992101,手工,8:10,2026-03-14 23:02,677305,98023,9908,1849,1113,"寻找100位非遗手艺人,东巴纸,纳西族,手工纸,手工艺,手工,原创",纸寿千年，纳西族手工造纸。,https://i1.hdslb.com/bfs/archive/62ed064b30e48ab8740683535ec2a4640da5791a.jpg
85,中国的42项世界非遗项目 你都知道吗？,BV1NK411G7rv,500654333,中新视频,104092224,社会,4:38,2020-12-19 15:11,28939,680,801,21,38,"世界非遗项目,中国",12月17日晚，中国单独申报的“太极拳”、与马来西亚联合申报的“送王船——有关人与海洋可持续联系的仪式及相关实践”两个项目，经联合国教科文组织保护非物质文化遗产政府间委员会评审通过，列入联合国教科文组织人类非物质文化遗产代表作名录。那么，你知道中国的世界非物质文化遗产项目有多少个？有哪些？快跟我一起增长知识吧！,https://i2.hdslb.com/bfs/archive/f2e9d4d1134718bada898f5f9cce68245e4c7592.jpg
86,【大学生纪录短片/非遗/剪纸/原创】纸下的时间旅行者【高清1080P】万物理论拯救传统文化,BV1xs411y7CG,5301655,暗海见雪生,25005818,小剧场,15:39,2016-07-12 14:20,390083,7508,12177,347,198,"传统文化,传承,纪录片,冯骥才,万物理论",以乡村七十多岁民间剪纸艺人几十年扎根于民间文化为起点，伴随着生活在城市却致力于剪纸的保护与创新的艺术家郭梅花的故事进行交叉叙事，串起剪纸的历史与发展，民俗与文化。,https://i1.hdslb.com/bfs/archive/36284d6e91d13a830b61de8ac73cc367a4f1f2d7.jpg
87,非遗群像MVP结算画面,BV1JwWyzPE74,115387786207195,Locus建鹏,448415359,运动综合,0:33,2025-10-17 13:15,3426803,947394,222098,100260,8884,"逆水寒手游,逆水寒非遗计划,逆水寒次元破壁",-,https://i2.hdslb.com/bfs/archive/b1acff3579f22a0752d4961c7d319667c1866b16.jpg
88,谁还不是个rapper！一首歌串起中国43项世界级非遗,BV1FV4y1y78y,870118526,央视新闻,456664753,人文历史,3:13,2023-06-22 09:56,353154,46508,9405,272,783,"非遗,说唱",目前，中国43个项目列入联合国教科文组织，非物质文化遗产名录、名册数量居世界第一。端午节到来之际，央视新闻推出原创音乐MV《非常·非遗》，用一首歌曲串联起这43项世界级非遗项目，以音乐和视觉符号呈现中国式浪漫，彰显古老东方的历史文明之美。,https://i0.hdslb.com/bfs/archive/4b2558b64cc8011d043597b24c184eb78ec51587.jpg
89,网红想火想疯了？魔改中国非遗“黄梅戏”，惨遭央视发文“怒”批,BV1oq4y1N7ug,547995107,下饭音乐,11173348,乐评盘点,4:29,2021-09-14 17:10,3642675,192762,15640,47189,12344,"音乐分享官,乐评盘点,周杰伦,小姐姐,漫步人生路,青花瓷,网红翻唱,粤语歌,黄梅戏",要说现在刷手机，新歌没几首，老歌倒是不断被 魔改翻唱~甚至为了流量，网红们跟风拍摄 根本不管歌曲内容~今天饭饭 就带来的几首 被网红玩“变味”的歌，坚持听完的 可都是我的死忠粉呐,https://i2.hdslb.com/bfs/archive/65a0a945e8e351ea4548859398048a400a3bc155.jpg
90,鬼步、僵尸摔、滚灯……科普19种技惊四座的非遗绝技,BV1kXpWzyE6u,115217564570288,全球顶尖投影,3546744608524364,出行,2:45,2025-09-17 11:45,423693,37473,8866,256,555,"绝技,人文历史档案馆,传统文化,变脸,杂技,戏曲,鬼步,非遗,科普,京剧",,https://i1.hdslb.com/bfs/archive/c60f3ec3e64997d87ead2e58699a3eb49cb40e99.jpg
91,以朱为信，以泥承魂，印泥，中华文房瑰宝,BV1VanmzbEbt,115293598781324,I彭传明,589188442,手工,22:26,2025-09-30 22:15,335678,28987,2825,1570,500,"中国,原创,文化",-,https://i2.hdslb.com/bfs/archive/9f1331aecca0077f75a416b03dd6219d90c378e5.jpg
92,这不是迷信，这是中国傩戏。,BV1Xf421v74t,1206450288,唱饭的王小潮,1107899745,人文历史,2:45,2024-08-10 09:58,4003237,421831,190004,3655,4475,"非遗文化,文化,正能量,寻找非遗文化,行走的人文,中国",-,https://i1.hdslb.com/bfs/archive/49daebd4631fa0c00276d9350417f86fbd6af584.jpg
93,【《浮光》遇到中国非遗】中国的43个世界级非遗，你知道几个？,BV1L1421275U,1555202564,非遗正年轻,156651846,人文历史,4:21,2024-05-27 21:37,70621,1491,2589,17,61,"浮光,周深,世界级非遗,中国,传统文化,历史,非遗,文化",-,https://i0.hdslb.com/bfs/archive/a11d2fe91f98de969d84d93481c666bc65adbd4f.jpg
94,老祖宗：不管了！好歹非遗传下来了！,BV1sjwez4ENA,116249463881838,料理小咪,18237423,颜值·网红舞,0:36,2026-03-18 17:29,13192,2075,651,122,67,"川剧摇,四时少女,火苗dj,葛仙村,古风","我们来葛仙村玩啦！好好玩！下次还来～
从左到右出境：
玉玲珑：小水泡汤
汉服：西海岸红杉
胡桃：料理小咪
大乔：十元酱少女",https://i2.hdslb.com/bfs/archive/59308324aa32767546f15be431472416fb28151a.jpg
95,【非遗美学创业】每周工作一小时，每年躺平收入超七位数,BV1Hm421g7hX,1606157528,村姑欣陶,384402877,财经商业,42:49,2024-07-05 19:40,18723,905,830,59,34,"青年用「财」图鉴,共同富裕,投资,找工作,乡村振兴,非遗美学,创业,李子柒,融资,创业合伙人",作为斜杠财经博主，想做些差异化的内容，可以和大家共同富裕，比如好的合伙创业、商务合作和工作的机会。而且不是在项目极早期，充满高度不确定性的时候介绍给大家，希望是有数据支持的商业模式小DEMO已经跑通的时候，在项目充满生命力蓬勃发展的时候，介绍给大家。作为前投资人，未来也将继续做投资的创业财经博主，将以投资人的角度和创始人对话，探讨创业过程中的挑战和应对方案，希望想创业或者正在创业ing的朋友们有借鉴意义。如果有想和我一起录制视频的创业者，希望自己的项目让更多投资人、创业者、合作伙伴或者未来团队成员看到，欢,https://i0.hdslb.com/bfs/archive/f8cb19204ce43fe8528dd2d144d8ba0dc070a9ca.jpg
96,手写代码的程序员成非遗了❓「古法编程」突然火了❗️,BV1UzwDz1E6w,116243071835663,智冷Shaw,480800563,计算机技术,0:51,2026-03-17 14:22,12243,121,75,86,63,"万万没想到,AI,人工智能,编程,程序员,学习,高能,科普,分享我的专业知识,代码",“古法编程”这个词一出来，我先笑了。以前程序员不用AI写代码叫基本操作，现在居然成了“古法手艺”。照这趋势下去，未来程序员怕不是要进博物馆现场表演纯手搓代码了。你觉得，不靠AI写代码的人，以后会不会真成“非遗传承人”？关注智冷Shaw，AI时代走前头！,https://i1.hdslb.com/bfs/archive/dedb798ce2c9122234b899598e2262af3e525da5.jpg
97,99%的人没见过这个非遗，可它正在消失,BV14A57zLEd1,114358101284195,摇铃啊摇铃儿,1330962869,人文历史,6:55,2025-04-18 17:10,2833317,123676,118188,4454,1189,"烟花,药发木偶,非遗,温州,寻找100位非遗手艺人,传统文化,寻找100位非遗手艺人 3.0,木偶戏",这是99%的人没听说过的非遗，温州泰顺的药发木偶。是火树银花的真实写照历时四个月，在失望与希望中反复挣扎，这次终于把周尔禄爷爷坚持了一生的热爱，带到了你的面前。因为这项非遗原料的特殊，一直在法律的文化传承的矛盾中挣扎，几度垂危，这期视频，中间有过很多次想放弃的时候，或许是因为我成为了他的第一位年轻“女徒弟”，或许因为这是我家乡的非遗，又或许只是因为它的传承人是周爷爷，这个历经种种磨难，依然在苦难中开出花的，理想主义老头！他真的太好啦87天的争取实在是漫长！可又怎么漫长得过周爷爷60多年，2万多天的坚持呢。,https://i2.hdslb.com/bfs/archive/f1dde5456c9361870e919747e4b14e1c10f212cc.jpg
98,在你看到这期视频之前，它，没有观众,BV1Nw4m1k7Mk,1106345646,南翔,596842980,手工,6:6,2024-08-14 16:50,15767244,917337,442020,17326,7673,"一起做手工吧16.0 手工暑期大作战,非遗,打铁花,我的整活手工大赏,非遗传承,炭花舞,七江炭花舞,火壶",-,https://i0.hdslb.com/bfs/archive/c3cc26fc610220badb0b446469ca0ecf63577451.jpg
99,每周质量报告 | 央视曝光假非遗乱象,BV1Upf9BVEut,116009952416434,央视网,222103174,日常,18:18,2026-02-04 10:20,30411,1851,309,51,81,非遗,,https://i2.hdslb.com/bfs/archive/34738e7584707de16910fa86679013ae30a45b8a.jpg
100,非遗植物拓染｜锤出三千年前的中国色,BV1wh72z8EXt,114611957272674,陈二十,22309487,日常,3:45,2025-06-02 17:00,606312,9965,17638,82,104,"非遗,我的手工真的很解压,传统文化,手工,植物拓染",周末如果不想聚会跟人社交，那就试试跟大自然产生链接，动手做一副属于自己独一无二的作品吧~,https://i2.hdslb.com/bfs/archive/cdf4bc1202ff41f59c71c6274c7a043cdc2171d4.jpg
101,【全程高能】中国各地的非遗年俗能有多震撼？直接看呆了！,BV1XywNeNEd3,113849181145296,司空离,358807,人文历史,7:16,2025-01-18 20:12,2901923,43884,29288,621,338,"2025克穷暴富,民俗,英歌舞,传统文化,年俗,打铁花,非遗",-,https://i2.hdslb.com/bfs/archive/07a04911a2dadb3b495f1beb71f181169a64b619.jpg
102,陈都灵四次非遗旗袍变装,BV1i1ZiB6E3G,116097378426485,可爱又迷人旳反派,3493079277373656,明星综合,4:13,2026-02-19 20:55,9081,202,328,5,17,"陈都灵,表演,美女",-,https://i2.hdslb.com/bfs/archive/b8060f153a8c411e26e498e997adf6661f015e7e.jpg
103,外网热评：中国非遗文化传承《傩戏》外国网友：精准的动作和传统文化的传承，很精彩,BV1WyckzjEd5,116215473242189,轩宝看油管,387967038,日常,1:36,2026-03-12 17:24,1067,12,5,0,0,"传统文化,中国,外网热评,中国非遗,外国网友评论,外网评论,评论翻译,外国人看中国,文化传承,非物质文化遗产",,https://i1.hdslb.com/bfs/archive/734cc883611d5be6e1ef3823234a16f1f8c2d334.jpg
104,中国文化输出赢麻了！国风舞惊艳全场，街头“非遗喷火”看懵老外,BV14fXVYxEV6,114182427116994,下饭音乐,11173348,乐评盘点,5:45,2025-03-18 16:18,196063,3377,875,253,56,"非遗文化,中国舞,文化输出",,https://i1.hdslb.com/bfs/archive/233a03d3aafc688e7c5bc9fe392337f875fc58ef.jpg
105,【纪录片】《中国手作》第一季 木作 第一集 榫卯智慧,BV1mk4y1c7M4,745848737,长安书院_,2147327022,人文历史,121:19,2023-09-09 17:26,166211,2479,12555,99,44,"历史,工匠,科普,人文,木作,榫卯,非遗,手作,纪录片,传统文化",如果觉得还不错，麻烦给个三连！谢谢~,https://i2.hdslb.com/bfs/archive/19f159e05c860021238a410bb02e3138deae4c61.png
106,挑战戏神非遗大片 今天拍的是“傩戏”！,BV1uLByBvELm,115791680838243,-小胡同学呀,262240557,穿搭,2:45,2025-12-27 21:18,1729251,38471,60664,1453,357,"传统文化,冷不丁化妆挑战,胡有姬,葛仙村,戏神,傩戏,非遗,江西,非物质文化遗产,挑战",-,https://i2.hdslb.com/bfs/archive/084a84aa9c8c5dc3386443cd5993a8e3f35b684d.jpg
107,外网看我国非遗文化变装转场！热评：文化自信在此刻具象化！ #非遗文化 #转场 #舞狮 #外国人看中国,BV1mWkzBtEho,115528446251640,星禾搞笑娱乐,1680121791,日常,1:36,2025-11-11 09:25,156077,2194,573,33,39,"中国风,制作,变装转场,B站辩论季！,歪果仁,传统文化,中国,文化",外网看我国非遗文化变装转场！热评：文化自信在此刻具象化！ #非遗文化 #转场 #舞狮 #外国人看中国,https://i0.hdslb.com/bfs/archive/2817e02809a8d3e33c7ece58178345d287ed3ea0.jpg
108,《针尖上的非遗》纪录片作品,BV1DTwezYEgC,116247752675641,爱学习美女罢了,491748066,影视剪辑,12:40,2026-03-18 10:15,13,0,0,0,0,"纪录片,文化,艺术,非遗",,https://i0.hdslb.com/bfs/archive/8a5752778faa90c0c173dbc419191bacfa40b9ad.jpg
109,外网热评：中国非遗！龙须面惊艳外网！一根面能拉千米，中华绝技太绝了,BV1WyckzjE38,116215473245756,轩宝看油管,387967038,日常,2:4,2026-03-12 17:24,2939,44,3,3,1,"外网热评,文化,中国,外国网友评论,外网评论,评论翻译,外国网友,外国人看中国,外网,娱乐资讯",,https://i1.hdslb.com/bfs/archive/017a6b927ce0726e3ae65bc65666be3e5caa1f74.jpg
110,为什么都以为排箫是国外乐器？&quot;非遗 &quot;传统文化 &quot;乐器 &quot;,BV1NRwezhEmx,116249379996802,非遗传统手艺哥,3632303318239519,田园美食,2:30,2026-03-18 17:09,1194,60,5,2,4,"制作,文化,寻找100位非遗手艺人,B站好片有奖种草,非物质文化遗产",-,https://i0.hdslb.com/bfs/archive/d15c455bdb33bbcad358aa0ddb7cd3f5b788fdca.jpg
111,江寻千：把100种非遗，拍成文艺复兴名场面,BV1nvceznEoG,116055401826217,环球人物新媒体,30042311,运动文化,8:7,2026-02-19 09:00,7354,530,246,8,8,"传统文化,文化,中国,非遗",,https://i1.hdslb.com/bfs/archive/f83a1f00a4aa6149581d5a49c0a01bcf3a027dbd.jpg
112,中国非遗惊艳世界，视觉盛宴引全球热议,BV1UVwszqEVM,116225405359197,油管外网趣评,508321791,日常,1:41,2026-03-14 11:31,1256,28,1,0,0,"绘画,游戏,动作游戏",-,https://i2.hdslb.com/bfs/archive/d80dab66b5956ebc796846f4ef9075ea766ceac7.jpg
113,千年龙韵-非遗六坊云龙舞-采访市级传承人,BV1WswBzqEew,116251108050595,知行潮汐队,629256315,搞笑,9:56,2026-03-19 00:30,8,4,2,0,0,"优秀传统文化,传承,北京交通大学,传统文化,文化,中国",-,https://i0.hdslb.com/bfs/archive/245c8af03fd420f353ee7c9caff2aa96e6173561.jpg
114,毛晓彤丨福州非遗嘉年华伞舞 拍的最好的版本,BV1NnPtz7EAo,116183730752186,毛曉彤,257442725,国风舞蹈,1:4,2026-03-07 09:00,144047,14678,3257,85,336,"毛晓彤,新春舞蹈集结计划,非遗嘉年华,古典舞,国风舞蹈,仙女,演员,中国风,古风,现场",,https://i0.hdslb.com/bfs/archive/fc4823fb65786cf1aa38b96f3f9a5b8b111df2cd.jpg
115,从1块泥巴到上亿天价！非遗汝瓷如何点土成“金”？,BV1rsjmzbEWd,114574342757495,影视飓风,946974,手工,12:5,2025-05-28 17:00,2948281,168993,39702,32794,3557,"碧蓝航线,汝瓷,4K,拍摄,匠人,制作,非遗,碧蓝航线8周年,非物质文化遗产",这些看似不起眼的泥巴和石头，经过巧妙的加工，竟然可能卖出上亿元的天价。作为瓷器的一种，为什么“它”这么值钱？这次我们和@碧蓝航线  一拍即合，前往河南汝州，想带你一起来看看这门传承了千年的中国手艺——汝瓷。如果你喜欢这期视频，请多多支持我们，并把视频分享给你的朋友们一起看看!,https://i0.hdslb.com/bfs/archive/de6649ac16c7c62fab9774d44b60a36965bf8592.jpg
116,【超燃】中国非遗超燃混剪,BV1a1keYbEF2,113695099261522,万川嘉心,1970823994,影视剪辑,5:25,2024-12-22 14:44,43569,522,935,1,71,"非遗文化分享官,非遗,传统文化,中国,人文历史档案馆2.0",-,https://i0.hdslb.com/bfs/archive/8ee2d7ef1efc6aa7d7727e5abbe06bb3a52eb859.jpg
117,开者即死，这四个字震慑了盗墓贼整整1400年,BV1W1ckz1EYk,116215389363710,江寻千,1895195099,手工,7:22,2026-03-12 17:11,1689695,71812,35515,702,773,"文化,闹蛾扑花钗,寻找100位非遗手艺人,非遗,花丝镶嵌,手工艺",,https://i2.hdslb.com/bfs/archive/2bdc919399b36b6c49fcc199af199f86ff1e8252.jpg
118,笑不中了！贾旭明老师号都没了，圆桌也没整清楚，又跑到非遗相声大会说相声了哈哈哈哈哈哈，网友：“相声这个行业危险系数这么高吗”哈哈哈哈或许是贾老师危险系数高？,BV1K8NMzYEmj,116192387795647,又一次嗑到了,3546939108886611,娱乐粉丝创作,22:12,2026-03-08 15:37,163502,3921,1214,998,330,"相声,爆笑,搞笑,贾局,段子,贾旭明,讽刺,小品,最新",-,https://i0.hdslb.com/bfs/archive/23c1efe6437884d6ea193d2b052293322e74de66.jpg
119,这个杯子浑身是孔，却滴水不漏,BV1jm84zcExE,114919047503711,江寻千,1895195099,影视剪辑,8:57,2025-07-26 18:28,8061672,297315,157059,4390,3837,"瓷器,传统文化,陶瓷,玲珑瓷,手工,非遗,寻找100位非遗手艺人",,https://i1.hdslb.com/bfs/archive/d3717a4ab06941d7e11769fe1a7e10133677d782.jpg
120,"贾旭明郑健相声《贾诗人》高清字幕版,贾旭明非遗相声春晚作品，搞笑不断！",BV1yBPoztEG3,116201934098540,相声茶馆,25375697,搞笑,22:12,2026-03-10 11:05,12543,150,72,19,16,"非遗相声,贾旭明相声,郑健,搞笑相声,非遗,相声小品,贾旭明,相声,春晚,搞笑","贾旭明郑健相声《贾诗人》高清字幕版,贾旭明非遗相声春晚作品，搞笑不断！",https://i1.hdslb.com/bfs/archive/32b9839ce3dd1a1fac4cbb5be6083dddea99bffa.jpg
121,【央视】综合频道CCTV-1《非遗里的中国》（第一季）,BV1AN411M7VY,493763285,八神逸枫,10289419,综艺,1086:50,2023-11-25 18:26,333807,3674,14406,1972,114,"非遗,人文,文化","https://tv.cctv.com/2022/12/30/VIDAIxSnFuJtsqzH4HZK9Yc4221230.shtml
《非遗里的中国》通过非遗创新秀演、沉浸体验、还原绝技等全新的方式来打开非遗，多维度呈现非遗的创新成果、历史底蕴、中国智慧、东方美学。节目展现非遗在新时代迸发出的焕新力量，呈现非遗时光流变中的一脉相承与继往开来。",https://i0.hdslb.com/bfs/archive/8268536bcc5c0b6c21c2dc540a25c7aad0559223.png
122,东巴纸,BV1ozw4ztEqm,116228106551729,归乡人山白,3494349557992101,手工,8:10,2026-03-14 23:02,677325,98025,9908,1849,1113,"寻找100位非遗手艺人,东巴纸,纳西族,手工纸,手工艺,手工,原创",纸寿千年，纳西族手工造纸。,https://i1.hdslb.com/bfs/archive/62ed064b30e48ab8740683535ec2a4640da5791a.jpg
123,中国的42项世界非遗项目 你都知道吗？,BV1NK411G7rv,500654333,中新视频,104092224,社会,4:38,2020-12-19 15:11,28939,680,801,21,38,"世界非遗项目,中国",12月17日晚，中国单独申报的“太极拳”、与马来西亚联合申报的“送王船——有关人与海洋可持续联系的仪式及相关实践”两个项目，经联合国教科文组织保护非物质文化遗产政府间委员会评审通过，列入联合国教科文组织人类非物质文化遗产代表作名录。那么，你知道中国的世界非物质文化遗产项目有多少个？有哪些？快跟我一起增长知识吧！,https://i2.hdslb.com/bfs/archive/f2e9d4d1134718bada898f5f9cce68245e4c7592.jpg
124,【大学生纪录短片/非遗/剪纸/原创】纸下的时间旅行者【高清1080P】万物理论拯救传统文化,BV1xs411y7CG,5301655,暗海见雪生,25005818,小剧场,15:39,2016-07-12 14:20,390083,7508,12177,347,198,"传统文化,传承,纪录片,冯骥才,万物理论",以乡村七十多岁民间剪纸艺人几十年扎根于民间文化为起点，伴随着生活在城市却致力于剪纸的保护与创新的艺术家郭梅花的故事进行交叉叙事，串起剪纸的历史与发展，民俗与文化。,https://i1.hdslb.com/bfs/archive/36284d6e91d13a830b61de8ac73cc367a4f1f2d7.jpg
125,非遗群像MVP结算画面,BV1JwWyzPE74,115387786207195,Locus建鹏,448415359,运动综合,0:33,2025-10-17 13:15,3426803,947394,222098,100260,8884,"逆水寒手游,逆水寒非遗计划,逆水寒次元破壁",-,https://i2.hdslb.com/bfs/archive/b1acff3579f22a0752d4961c7d319667c1866b16.jpg
126,谁还不是个rapper！一首歌串起中国43项世界级非遗,BV1FV4y1y78y,870118526,央视新闻,456664753,人文历史,3:13,2023-06-22 09:56,353155,46508,9405,272,783,"非遗,说唱",目前，中国43个项目列入联合国教科文组织，非物质文化遗产名录、名册数量居世界第一。端午节到来之际，央视新闻推出原创音乐MV《非常·非遗》，用一首歌曲串联起这43项世界级非遗项目，以音乐和视觉符号呈现中国式浪漫，彰显古老东方的历史文明之美。,https://i0.hdslb.com/bfs/archive/4b2558b64cc8011d043597b24c184eb78ec51587.jpg
127,网红想火想疯了？魔改中国非遗“黄梅戏”，惨遭央视发文“怒”批,BV1oq4y1N7ug,547995107,下饭音乐,11173348,乐评盘点,4:29,2021-09-14 17:10,3642675,192762,15640,47189,12344,"音乐分享官,乐评盘点,周杰伦,小姐姐,漫步人生路,青花瓷,网红翻唱,粤语歌,黄梅戏",要说现在刷手机，新歌没几首，老歌倒是不断被 魔改翻唱~甚至为了流量，网红们跟风拍摄 根本不管歌曲内容~今天饭饭 就带来的几首 被网红玩“变味”的歌，坚持听完的 可都是我的死忠粉呐,https://i2.hdslb.com/bfs/archive/65a0a945e8e351ea4548859398048a400a3bc155.jpg
128,鬼步、僵尸摔、滚灯……科普19种技惊四座的非遗绝技,BV1kXpWzyE6u,115217564570288,全球顶尖投影,3546744608524364,出行,2:45,2025-09-17 11:45,423693,37473,8866,256,555,"绝技,人文历史档案馆,传统文化,变脸,杂技,戏曲,鬼步,非遗,科普,京剧",,https://i1.hdslb.com/bfs/archive/c60f3ec3e64997d87ead2e58699a3eb49cb40e99.jpg
129,以朱为信，以泥承魂，印泥，中华文房瑰宝,BV1VanmzbEbt,115293598781324,I彭传明,589188442,手工,22:26,2025-09-30 22:15,335678,28987,2825,1570,500,"中国,原创,文化",-,https://i2.hdslb.com/bfs/archive/9f1331aecca0077f75a416b03dd6219d90c378e5.jpg
130,这不是迷信，这是中国傩戏。,BV1Xf421v74t,1206450288,唱饭的王小潮,1107899745,人文历史,2:45,2024-08-10 09:58,4003237,421831,190004,3655,4475,"非遗文化,文化,正能量,寻找非遗文化,行走的人文,中国",-,https://i1.hdslb.com/bfs/archive/49daebd4631fa0c00276d9350417f86fbd6af584.jpg
131,【《浮光》遇到中国非遗】中国的43个世界级非遗，你知道几个？,BV1L1421275U,1555202564,非遗正年轻,156651846,人文历史,4:21,2024-05-27 21:37,70621,1491,2589,17,61,"浮光,周深,世界级非遗,中国,传统文化,历史,非遗,文化",-,https://i0.hdslb.com/bfs/archive/a11d2fe91f98de969d84d93481c666bc65adbd4f.jpg
132,99%的人没见过这个非遗，可它正在消失,BV14A57zLEd1,114358101284195,摇铃啊摇铃儿,1330962869,人文历史,6:55,2025-04-18 17:10,2833317,123676,118188,4454,1189,"烟花,药发木偶,非遗,温州,寻找100位非遗手艺人,传统文化,寻找100位非遗手艺人 3.0,木偶戏",这是99%的人没听说过的非遗，温州泰顺的药发木偶。是火树银花的真实写照历时四个月，在失望与希望中反复挣扎，这次终于把周尔禄爷爷坚持了一生的热爱，带到了你的面前。因为这项非遗原料的特殊，一直在法律的文化传承的矛盾中挣扎，几度垂危，这期视频，中间有过很多次想放弃的时候，或许是因为我成为了他的第一位年轻“女徒弟”，或许因为这是我家乡的非遗，又或许只是因为它的传承人是周爷爷，这个历经种种磨难，依然在苦难中开出花的，理想主义老头！他真的太好啦87天的争取实在是漫长！可又怎么漫长得过周爷爷60多年，2万多天的坚持呢。,https://i2.hdslb.com/bfs/archive/f1dde5456c9361870e919747e4b14e1c10f212cc.jpg
133,老祖宗：不管了！好歹非遗传下来了！,BV1sjwez4ENA,116249463881838,料理小咪,18237423,颜值·网红舞,0:36,2026-03-18 17:29,13194,2076,651,122,67,"川剧摇,四时少女,火苗dj,葛仙村,古风","我们来葛仙村玩啦！好好玩！下次还来～
从左到右出境：
玉玲珑：小水泡汤
汉服：西海岸红杉
胡桃：料理小咪
大乔：十元酱少女",https://i2.hdslb.com/bfs/archive/59308324aa32767546f15be431472416fb28151a.jpg
134,【非遗美学创业】每周工作一小时，每年躺平收入超七位数,BV1Hm421g7hX,1606157528,村姑欣陶,384402877,财经商业,42:49,2024-07-05 19:40,18723,905,830,59,34,"青年用「财」图鉴,共同富裕,投资,找工作,乡村振兴,非遗美学,创业,李子柒,融资,创业合伙人",作为斜杠财经博主，想做些差异化的内容，可以和大家共同富裕，比如好的合伙创业、商务合作和工作的机会。而且不是在项目极早期，充满高度不确定性的时候介绍给大家，希望是有数据支持的商业模式小DEMO已经跑通的时候，在项目充满生命力蓬勃发展的时候，介绍给大家。作为前投资人，未来也将继续做投资的创业财经博主，将以投资人的角度和创始人对话，探讨创业过程中的挑战和应对方案，希望想创业或者正在创业ing的朋友们有借鉴意义。如果有想和我一起录制视频的创业者，希望自己的项目让更多投资人、创业者、合作伙伴或者未来团队成员看到，欢,https://i0.hdslb.com/bfs/archive/f8cb19204ce43fe8528dd2d144d8ba0dc070a9ca.jpg
135,在你看到这期视频之前，它，没有观众,BV1Nw4m1k7Mk,1106345646,南翔,596842980,手工,6:6,2024-08-14 16:50,15767244,917337,442020,17326,7673,"一起做手工吧16.0 手工暑期大作战,非遗,打铁花,我的整活手工大赏,非遗传承,炭花舞,七江炭花舞,火壶",-,https://i0.hdslb.com/bfs/archive/c3cc26fc610220badb0b446469ca0ecf63577451.jpg
136,手写代码的程序员成非遗了❓「古法编程」突然火了❗️,BV1UzwDz1E6w,116243071835663,智冷Shaw,480800563,计算机技术,0:51,2026-03-17 14:22,12243,121,75,86,64,"万万没想到,AI,人工智能,编程,程序员,学习,高能,科普,分享我的专业知识,代码",“古法编程”这个词一出来，我先笑了。以前程序员不用AI写代码叫基本操作，现在居然成了“古法手艺”。照这趋势下去，未来程序员怕不是要进博物馆现场表演纯手搓代码了。你觉得，不靠AI写代码的人，以后会不会真成“非遗传承人”？关注智冷Shaw，AI时代走前头！,https://i1.hdslb.com/bfs/archive/dedb798ce2c9122234b899598e2262af3e525da5.jpg
137,每周质量报告 | 央视曝光假非遗乱象,BV1Upf9BVEut,116009952416434,央视网,222103174,日常,18:18,2026-02-04 10:20,30411,1851,309,51,81,非遗,,https://i2.hdslb.com/bfs/archive/34738e7584707de16910fa86679013ae30a45b8a.jpg
138,非遗植物拓染｜锤出三千年前的中国色,BV1wh72z8EXt,114611957272674,陈二十,22309487,日常,3:45,2025-06-02 17:00,606312,9965,17638,82,104,"非遗,我的手工真的很解压,传统文化,手工,植物拓染",周末如果不想聚会跟人社交，那就试试跟大自然产生链接，动手做一副属于自己独一无二的作品吧~,https://i2.hdslb.com/bfs/archive/cdf4bc1202ff41f59c71c6274c7a043cdc2171d4.jpg
139,【全程高能】中国各地的非遗年俗能有多震撼？直接看呆了！,BV1XywNeNEd3,113849181145296,司空离,358807,人文历史,7:16,2025-01-18 20:12,2901923,43884,29288,621,338,"2025克穷暴富,民俗,英歌舞,传统文化,年俗,打铁花,非遗",-,https://i2.hdslb.com/bfs/archive/07a04911a2dadb3b495f1beb71f181169a64b619.jpg
140,陈都灵四次非遗旗袍变装,BV1i1ZiB6E3G,116097378426485,可爱又迷人旳反派,3493079277373656,明星综合,4:13,2026-02-19 20:55,9081,202,328,5,17,"陈都灵,表演,美女",-,https://i2.hdslb.com/bfs/archive/b8060f153a8c411e26e498e997adf6661f015e7e.jpg
141,外网热评：中国非遗文化传承《傩戏》外国网友：精准的动作和传统文化的传承，很精彩,BV1WyckzjEd5,116215473242189,轩宝看油管,387967038,日常,1:36,2026-03-12 17:24,1067,12,5,0,0,"传统文化,中国,外网热评,中国非遗,外国网友评论,外网评论,评论翻译,外国人看中国,文化传承,非物质文化遗产",,https://i1.hdslb.com/bfs/archive/734cc883611d5be6e1ef3823234a16f1f8c2d334.jpg
142,中国文化输出赢麻了！国风舞惊艳全场，街头“非遗喷火”看懵老外,BV14fXVYxEV6,114182427116994,下饭音乐,11173348,乐评盘点,5:45,2025-03-18 16:18,196063,3377,875,253,56,"非遗文化,中国舞,文化输出",,https://i1.hdslb.com/bfs/archive/233a03d3aafc688e7c5bc9fe392337f875fc58ef.jpg
143,挑战戏神非遗大片 今天拍的是“傩戏”！,BV1uLByBvELm,115791680838243,-小胡同学呀,262240557,穿搭,2:45,2025-12-27 21:18,1729251,38471,60664,1453,357,"传统文化,冷不丁化妆挑战,胡有姬,葛仙村,戏神,傩戏,非遗,江西,非物质文化遗产,挑战",-,https://i2.hdslb.com/bfs/archive/084a84aa9c8c5dc3386443cd5993a8e3f35b684d.jpg
144,《针尖上的非遗》纪录片作品,BV1DTwezYEgC,116247752675641,爱学习美女罢了,491748066,影视剪辑,12:40,2026-03-18 10:15,13,0,0,0,0,"纪录片,文化,艺术,非遗",,https://i0.hdslb.com/bfs/archive/8a5752778faa90c0c173dbc419191bacfa40b9ad.jpg
145,【纪录片】《中国手作》第一季 木作 第一集 榫卯智慧,BV1mk4y1c7M4,745848737,长安书院_,2147327022,人文历史,121:19,2023-09-09 17:26,166211,2479,12555,99,44,"历史,工匠,科普,人文,木作,榫卯,非遗,手作,纪录片,传统文化",如果觉得还不错，麻烦给个三连！谢谢~,https://i2.hdslb.com/bfs/archive/19f159e05c860021238a410bb02e3138deae4c61.png
146,外网看我国非遗文化变装转场！热评：文化自信在此刻具象化！ #非遗文化 #转场 #舞狮 #外国人看中国,BV1mWkzBtEho,115528446251640,星禾搞笑娱乐,1680121791,日常,1:36,2025-11-11 09:25,156077,2194,573,33,39,"中国风,制作,变装转场,B站辩论季！,歪果仁,传统文化,中国,文化",外网看我国非遗文化变装转场！热评：文化自信在此刻具象化！ #非遗文化 #转场 #舞狮 #外国人看中国,https://i0.hdslb.com/bfs/archive/2817e02809a8d3e33c7ece58178345d287ed3ea0.jpg
147,江寻千：把100种非遗，拍成文艺复兴名场面,BV1nvceznEoG,116055401826217,环球人物新媒体,30042311,运动文化,8:7,2026-02-19 09:00,7354,530,246,8,8,"传统文化,文化,中国,非遗",,https://i1.hdslb.com/bfs/archive/f83a1f00a4aa6149581d5a49c0a01bcf3a027dbd.jpg
148,为什么都以为排箫是国外乐器？&quot;非遗 &quot;传统文化 &quot;乐器 &quot;,BV1NRwezhEmx,116249379996802,非遗传统手艺哥,3632303318239519,田园美食,2:30,2026-03-18 17:09,1194,60,5,2,4,"制作,文化,寻找100位非遗手艺人,B站好片有奖种草,非物质文化遗产",-,https://i0.hdslb.com/bfs/archive/d15c455bdb33bbcad358aa0ddb7cd3f5b788fdca.jpg
149,外网热评：中国非遗！龙须面惊艳外网！一根面能拉千米，中华绝技太绝了,BV1WyckzjE38,116215473245756,轩宝看油管,387967038,日常,2:4,2026-03-12 17:24,2939,44,3,3,1,"外网热评,文化,中国,外国网友评论,外网评论,评论翻译,外国网友,外国人看中国,外网,娱乐资讯",,https://i1.hdslb.com/bfs/archive/017a6b927ce0726e3ae65bc65666be3e5caa1f74.jpg
150,毛晓彤丨福州非遗嘉年华伞舞 拍的最好的版本,BV1NnPtz7EAo,116183730752186,毛曉彤,257442725,国风舞蹈,1:4,2026-03-07 09:00,144047,14678,3257,85,336,"毛晓彤,新春舞蹈集结计划,非遗嘉年华,古典舞,国风舞蹈,仙女,演员,中国风,古风,现场",,https://i0.hdslb.com/bfs/archive/fc4823fb65786cf1aa38b96f3f9a5b8b111df2cd.jpg
151,湘西赶尸，改了这么久终于可以发出来了,BV1uemfYrE2h,113487044941023,江寻千,1895195099,人文历史,21:11,2024-11-15 21:07,7827394,424253,209687,17336,8434,"寻找非遗手艺人,未解之谜,赶尸,奇闻,湘西,传统文化,寻找100位非遗手艺人",,https://i1.hdslb.com/bfs/archive/b552ff7f0ddac41eab6a006b935ddc86504c0e8e.jpg
152,“一副麻将，半部晚清史”末代皇帝溥仪深爱的宫廷雅玩--五彩螺钿麻将,BV1eQPCz3Erv,116175694463285,李家清晨,395893734,手工,12:57,2026-03-06 18:00,310595,26814,4045,779,447,"螺钿麻将,寻找100位非遗手艺人,大漆",,https://i0.hdslb.com/bfs/archive/8ce026e261ac3e75845574478e8a1d8ed5b5d6e9.jpg
153,从1块泥巴到上亿天价！非遗汝瓷如何点土成“金”？,BV1rsjmzbEWd,114574342757495,影视飓风,946974,手工,12:5,2025-05-28 17:00,2948281,168993,39702,32794,3557,"碧蓝航线,汝瓷,4K,拍摄,匠人,制作,非遗,碧蓝航线8周年,非物质文化遗产",这些看似不起眼的泥巴和石头，经过巧妙的加工，竟然可能卖出上亿元的天价。作为瓷器的一种，为什么“它”这么值钱？这次我们和@碧蓝航线  一拍即合，前往河南汝州，想带你一起来看看这门传承了千年的中国手艺——汝瓷。如果你喜欢这期视频，请多多支持我们，并把视频分享给你的朋友们一起看看!,https://i0.hdslb.com/bfs/archive/de6649ac16c7c62fab9774d44b60a36965bf8592.jpg
154,【超燃】中国非遗超燃混剪,BV1a1keYbEF2,113695099261522,万川嘉心,1970823994,影视剪辑,5:25,2024-12-22 14:44,43569,522,935,1,71,"非遗文化分享官,非遗,传统文化,中国,人文历史档案馆2.0",-,https://i0.hdslb.com/bfs/archive/8ee2d7ef1efc6aa7d7727e5abbe06bb3a52eb859.jpg
155,开者即死，这四个字震慑了盗墓贼整整1400年,BV1W1ckz1EYk,116215389363710,江寻千,1895195099,手工,7:22,2026-03-12 17:11,1689695,71812,35515,702,773,"文化,闹蛾扑花钗,寻找100位非遗手艺人,非遗,花丝镶嵌,手工艺",,https://i2.hdslb.com/bfs/archive/2bdc919399b36b6c49fcc199af199f86ff1e8252.jpg
156,笑不中了！贾旭明老师号都没了，圆桌也没整清楚，又跑到非遗相声大会说相声了哈哈哈哈哈哈，网友：“相声这个行业危险系数这么高吗”哈哈哈哈或许是贾老师危险系数高？,BV1K8NMzYEmj,116192387795647,又一次嗑到了,3546939108886611,娱乐粉丝创作,22:12,2026-03-08 15:37,163502,3921,1214,998,330,"相声,爆笑,搞笑,贾局,段子,贾旭明,讽刺,小品,最新",-,https://i0.hdslb.com/bfs/archive/23c1efe6437884d6ea193d2b052293322e74de66.jpg
157,这个杯子浑身是孔，却滴水不漏,BV1jm84zcExE,114919047503711,江寻千,1895195099,影视剪辑,8:57,2025-07-26 18:28,8061672,297315,157059,4390,3837,"瓷器,传统文化,陶瓷,玲珑瓷,手工,非遗,寻找100位非遗手艺人",,https://i1.hdslb.com/bfs/archive/d3717a4ab06941d7e11769fe1a7e10133677d782.jpg
158,"贾旭明郑健相声《贾诗人》高清字幕版,贾旭明非遗相声春晚作品，搞笑不断！",BV1yBPoztEG3,116201934098540,相声茶馆,25375697,搞笑,22:12,2026-03-10 11:05,12543,150,72,19,16,"非遗相声,贾旭明相声,郑健,搞笑相声,非遗,相声小品,贾旭明,相声,春晚,搞笑","贾旭明郑健相声《贾诗人》高清字幕版,贾旭明非遗相声春晚作品，搞笑不断！",https://i1.hdslb.com/bfs/archive/32b9839ce3dd1a1fac4cbb5be6083dddea99bffa.jpg
159,【央视】综合频道CCTV-1《非遗里的中国》（第一季）,BV1AN411M7VY,493763285,八神逸枫,10289419,综艺,1086:50,2023-11-25 18:26,333807,3674,14406,1972,114,"非遗,人文,文化","https://tv.cctv.com/2022/12/30/VIDAIxSnFuJtsqzH4HZK9Yc4221230.shtml
《非遗里的中国》通过非遗创新秀演、沉浸体验、还原绝技等全新的方式来打开非遗，多维度呈现非遗的创新成果、历史底蕴、中国智慧、东方美学。节目展现非遗在新时代迸发出的焕新力量，呈现非遗时光流变中的一脉相承与继往开来。",https://i0.hdslb.com/bfs/archive/8268536bcc5c0b6c21c2dc540a25c7aad0559223.png
160,东巴纸,BV1ozw4ztEqm,116228106551729,归乡人山白,3494349557992101,手工,8:10,2026-03-14 23:02,677325,98025,9908,1849,1113,"寻找100位非遗手艺人,东巴纸,纳西族,手工纸,手工艺,手工,原创",纸寿千年，纳西族手工造纸。,https://i1.hdslb.com/bfs/archive/62ed064b30e48ab8740683535ec2a4640da5791a.jpg
161,中国的42项世界非遗项目 你都知道吗？,BV1NK411G7rv,500654333,中新视频,104092224,社会,4:38,2020-12-19 15:11,28939,680,801,21,38,"世界非遗项目,中国",12月17日晚，中国单独申报的“太极拳”、与马来西亚联合申报的“送王船——有关人与海洋可持续联系的仪式及相关实践”两个项目，经联合国教科文组织保护非物质文化遗产政府间委员会评审通过，列入联合国教科文组织人类非物质文化遗产代表作名录。那么，你知道中国的世界非物质文化遗产项目有多少个？有哪些？快跟我一起增长知识吧！,https://i2.hdslb.com/bfs/archive/f2e9d4d1134718bada898f5f9cce68245e4c7592.jpg
162,【大学生纪录短片/非遗/剪纸/原创】纸下的时间旅行者【高清1080P】万物理论拯救传统文化,BV1xs411y7CG,5301655,暗海见雪生,25005818,小剧场,15:39,2016-07-12 14:20,390083,7508,12177,347,198,"传统文化,传承,纪录片,冯骥才,万物理论",以乡村七十多岁民间剪纸艺人几十年扎根于民间文化为起点，伴随着生活在城市却致力于剪纸的保护与创新的艺术家郭梅花的故事进行交叉叙事，串起剪纸的历史与发展，民俗与文化。,https://i1.hdslb.com/bfs/archive/36284d6e91d13a830b61de8ac73cc367a4f1f2d7.jpg
163,非遗群像MVP结算画面,BV1JwWyzPE74,115387786207195,Locus建鹏,448415359,运动综合,0:33,2025-10-17 13:15,3426803,947394,222098,100260,8884,"逆水寒手游,逆水寒非遗计划,逆水寒次元破壁",-,https://i2.hdslb.com/bfs/archive/b1acff3579f22a0752d4961c7d319667c1866b16.jpg
164,谁还不是个rapper！一首歌串起中国43项世界级非遗,BV1FV4y1y78y,870118526,央视新闻,456664753,人文历史,3:13,2023-06-22 09:56,353155,46508,9405,272,783,"非遗,说唱",目前，中国43个项目列入联合国教科文组织，非物质文化遗产名录、名册数量居世界第一。端午节到来之际，央视新闻推出原创音乐MV《非常·非遗》，用一首歌曲串联起这43项世界级非遗项目，以音乐和视觉符号呈现中国式浪漫，彰显古老东方的历史文明之美。,https://i0.hdslb.com/bfs/archive/4b2558b64cc8011d043597b24c184eb78ec51587.jpg
165,网红想火想疯了？魔改中国非遗“黄梅戏”，惨遭央视发文“怒”批,BV1oq4y1N7ug,547995107,下饭音乐,11173348,乐评盘点,4:29,2021-09-14 17:10,3642675,192762,15640,47189,12344,"音乐分享官,乐评盘点,周杰伦,小姐姐,漫步人生路,青花瓷,网红翻唱,粤语歌,黄梅戏",要说现在刷手机，新歌没几首，老歌倒是不断被 魔改翻唱~甚至为了流量，网红们跟风拍摄 根本不管歌曲内容~今天饭饭 就带来的几首 被网红玩“变味”的歌，坚持听完的 可都是我的死忠粉呐,https://i2.hdslb.com/bfs/archive/65a0a945e8e351ea4548859398048a400a3bc155.jpg
166,鬼步、僵尸摔、滚灯……科普19种技惊四座的非遗绝技,BV1kXpWzyE6u,115217564570288,全球顶尖投影,3546744608524364,出行,2:45,2025-09-17 11:45,423693,37473,8866,256,555,"绝技,人文历史档案馆,传统文化,变脸,杂技,戏曲,鬼步,非遗,科普,京剧",,https://i1.hdslb.com/bfs/archive/c60f3ec3e64997d87ead2e58699a3eb49cb40e99.jpg
167,以朱为信，以泥承魂，印泥，中华文房瑰宝,BV1VanmzbEbt,115293598781324,I彭传明,589188442,手工,22:26,2025-09-30 22:15,335678,28987,2825,1570,500,"中国,原创,文化",-,https://i2.hdslb.com/bfs/archive/9f1331aecca0077f75a416b03dd6219d90c378e5.jpg
168,【《浮光》遇到中国非遗】中国的43个世界级非遗，你知道几个？,BV1L1421275U,1555202564,非遗正年轻,156651846,人文历史,4:21,2024-05-27 21:37,70621,1491,2589,17,61,"浮光,周深,世界级非遗,中国,传统文化,历史,非遗,文化",-,https://i0.hdslb.com/bfs/archive/a11d2fe91f98de969d84d93481c666bc65adbd4f.jpg
169,这不是迷信，这是中国傩戏。,BV1Xf421v74t,1206450288,唱饭的王小潮,1107899745,人文历史,2:45,2024-08-10 09:58,4003237,421831,190004,3655,4475,"非遗文化,文化,正能量,寻找非遗文化,行走的人文,中国",-,https://i1.hdslb.com/bfs/archive/49daebd4631fa0c00276d9350417f86fbd6af584.jpg
170,99%的人没见过这个非遗，可它正在消失,BV14A57zLEd1,114358101284195,摇铃啊摇铃儿,1330962869,人文历史,6:55,2025-04-18 17:10,2833317,123676,118188,4454,1189,"烟花,药发木偶,非遗,温州,寻找100位非遗手艺人,传统文化,寻找100位非遗手艺人 3.0,木偶戏",这是99%的人没听说过的非遗，温州泰顺的药发木偶。是火树银花的真实写照历时四个月，在失望与希望中反复挣扎，这次终于把周尔禄爷爷坚持了一生的热爱，带到了你的面前。因为这项非遗原料的特殊，一直在法律的文化传承的矛盾中挣扎，几度垂危，这期视频，中间有过很多次想放弃的时候，或许是因为我成为了他的第一位年轻“女徒弟”，或许因为这是我家乡的非遗，又或许只是因为它的传承人是周爷爷，这个历经种种磨难，依然在苦难中开出花的，理想主义老头！他真的太好啦87天的争取实在是漫长！可又怎么漫长得过周爷爷60多年，2万多天的坚持呢。,https://i2.hdslb.com/bfs/archive/f1dde5456c9361870e919747e4b14e1c10f212cc.jpg
171,老祖宗：不管了！好歹非遗传下来了！,BV1sjwez4ENA,116249463881838,料理小咪,18237423,颜值·网红舞,0:36,2026-03-18 17:29,13194,2076,651,122,67,"川剧摇,四时少女,火苗dj,葛仙村,古风","我们来葛仙村玩啦！好好玩！下次还来～
从左到右出境：
玉玲珑：小水泡汤
汉服：西海岸红杉
胡桃：料理小咪
大乔：十元酱少女",https://i2.hdslb.com/bfs/archive/59308324aa32767546f15be431472416fb28151a.jpg
172,【非遗美学创业】每周工作一小时，每年躺平收入超七位数,BV1Hm421g7hX,1606157528,村姑欣陶,384402877,财经商业,42:49,2024-07-05 19:40,18723,905,830,59,34,"青年用「财」图鉴,共同富裕,投资,找工作,乡村振兴,非遗美学,创业,李子柒,融资,创业合伙人",作为斜杠财经博主，想做些差异化的内容，可以和大家共同富裕，比如好的合伙创业、商务合作和工作的机会。而且不是在项目极早期，充满高度不确定性的时候介绍给大家，希望是有数据支持的商业模式小DEMO已经跑通的时候，在项目充满生命力蓬勃发展的时候，介绍给大家。作为前投资人，未来也将继续做投资的创业财经博主，将以投资人的角度和创始人对话，探讨创业过程中的挑战和应对方案，希望想创业或者正在创业ing的朋友们有借鉴意义。如果有想和我一起录制视频的创业者，希望自己的项目让更多投资人、创业者、合作伙伴或者未来团队成员看到，欢,https://i0.hdslb.com/bfs/archive/f8cb19204ce43fe8528dd2d144d8ba0dc070a9ca.jpg
173,在你看到这期视频之前，它，没有观众,BV1Nw4m1k7Mk,1106345646,南翔,596842980,手工,6:6,2024-08-14 16:50,15767244,917337,442020,17326,7673,"一起做手工吧16.0 手工暑期大作战,非遗,打铁花,我的整活手工大赏,非遗传承,炭花舞,七江炭花舞,火壶",-,https://i0.hdslb.com/bfs/archive/c3cc26fc610220badb0b446469ca0ecf63577451.jpg
174,手写代码的程序员成非遗了❓「古法编程」突然火了❗️,BV1UzwDz1E6w,116243071835663,智冷Shaw,480800563,计算机技术,0:51,2026-03-17 14:22,12243,121,75,86,64,"万万没想到,AI,人工智能,编程,程序员,学习,高能,科普,分享我的专业知识,代码",“古法编程”这个词一出来，我先笑了。以前程序员不用AI写代码叫基本操作，现在居然成了“古法手艺”。照这趋势下去，未来程序员怕不是要进博物馆现场表演纯手搓代码了。你觉得，不靠AI写代码的人，以后会不会真成“非遗传承人”？关注智冷Shaw，AI时代走前头！,https://i1.hdslb.com/bfs/archive/dedb798ce2c9122234b899598e2262af3e525da5.jpg
175,每周质量报告 | 央视曝光假非遗乱象,BV1Upf9BVEut,116009952416434,央视网,222103174,日常,18:18,2026-02-04 10:20,30411,1851,309,51,81,非遗,,https://i2.hdslb.com/bfs/archive/34738e7584707de16910fa86679013ae30a45b8a.jpg
176,非遗植物拓染｜锤出三千年前的中国色,BV1wh72z8EXt,114611957272674,陈二十,22309487,日常,3:45,2025-06-02 17:00,606312,9965,17638,82,104,"非遗,我的手工真的很解压,传统文化,手工,植物拓染",周末如果不想聚会跟人社交，那就试试跟大自然产生链接，动手做一副属于自己独一无二的作品吧~,https://i2.hdslb.com/bfs/archive/cdf4bc1202ff41f59c71c6274c7a043cdc2171d4.jpg
177,【全程高能】中国各地的非遗年俗能有多震撼？直接看呆了！,BV1XywNeNEd3,113849181145296,司空离,358807,人文历史,7:16,2025-01-18 20:12,2901923,43884,29288,621,338,"2025克穷暴富,民俗,英歌舞,传统文化,年俗,打铁花,非遗",-,https://i2.hdslb.com/bfs/archive/07a04911a2dadb3b495f1beb71f181169a64b619.jpg
178,陈都灵四次非遗旗袍变装,BV1i1ZiB6E3G,116097378426485,可爱又迷人旳反派,3493079277373656,明星综合,4:13,2026-02-19 20:55,9081,202,328,5,17,"陈都灵,表演,美女",-,https://i2.hdslb.com/bfs/archive/b8060f153a8c411e26e498e997adf6661f015e7e.jpg
179,为什么都以为排箫是国外乐器？&quot;非遗 &quot;传统文化 &quot;乐器 &quot;,BV1NRwezhEmx,116249379996802,非遗传统手艺哥,3632303318239519,田园美食,2:30,2026-03-18 17:09,1194,60,5,2,4,"制作,文化,寻找100位非遗手艺人,B站好片有奖种草,非物质文化遗产",-,https://i0.hdslb.com/bfs/archive/d15c455bdb33bbcad358aa0ddb7cd3f5b788fdca.jpg
180,外网热评：中国非遗文化传承《傩戏》外国网友：精准的动作和传统文化的传承，很精彩,BV1WyckzjEd5,116215473242189,轩宝看油管,387967038,日常,1:36,2026-03-12 17:24,1067,12,5,0,0,"传统文化,中国,外网热评,中国非遗,外国网友评论,外网评论,评论翻译,外国人看中国,文化传承,非物质文化遗产",,https://i1.hdslb.com/bfs/archive/734cc883611d5be6e1ef3823234a16f1f8c2d334.jpg
181,【纪录片】《中国手作》第一季 木作 第一集 榫卯智慧,BV1mk4y1c7M4,745848737,长安书院_,2147327022,人文历史,121:19,2023-09-09 17:26,166211,2479,12555,99,44,"历史,工匠,科普,人文,木作,榫卯,非遗,手作,纪录片,传统文化",如果觉得还不错，麻烦给个三连！谢谢~,https://i2.hdslb.com/bfs/archive/19f159e05c860021238a410bb02e3138deae4c61.png
182,中国文化输出赢麻了！国风舞惊艳全场，街头“非遗喷火”看懵老外,BV14fXVYxEV6,114182427116994,下饭音乐,11173348,乐评盘点,5:45,2025-03-18 16:18,196063,3377,875,253,56,"非遗文化,中国舞,文化输出",,https://i1.hdslb.com/bfs/archive/233a03d3aafc688e7c5bc9fe392337f875fc58ef.jpg
183,挑战戏神非遗大片 今天拍的是“傩戏”！,BV1uLByBvELm,115791680838243,-小胡同学呀,262240557,穿搭,2:45,2025-12-27 21:18,1729264,38471,60664,1453,357,"传统文化,冷不丁化妆挑战,胡有姬,葛仙村,戏神,傩戏,非遗,江西,非物质文化遗产,挑战",-,https://i2.hdslb.com/bfs/archive/084a84aa9c8c5dc3386443cd5993a8e3f35b684d.jpg
184,《针尖上的非遗》纪录片作品,BV1DTwezYEgC,116247752675641,爱学习美女罢了,491748066,影视剪辑,12:40,2026-03-18 10:15,13,0,0,0,0,"纪录片,文化,艺术,非遗",,https://i0.hdslb.com/bfs/archive/8a5752778faa90c0c173dbc419191bacfa40b9ad.jpg
185,外网看我国非遗文化变装转场！热评：文化自信在此刻具象化！ #非遗文化 #转场 #舞狮 #外国人看中国,BV1mWkzBtEho,115528446251640,星禾搞笑娱乐,1680121791,日常,1:36,2025-11-11 09:25,156077,2194,573,33,39,"中国风,制作,变装转场,B站辩论季！,歪果仁,传统文化,中国,文化",外网看我国非遗文化变装转场！热评：文化自信在此刻具象化！ #非遗文化 #转场 #舞狮 #外国人看中国,https://i0.hdslb.com/bfs/archive/2817e02809a8d3e33c7ece58178345d287ed3ea0.jpg
186,江寻千：把100种非遗，拍成文艺复兴名场面,BV1nvceznEoG,116055401826217,环球人物新媒体,30042311,运动文化,8:7,2026-02-19 09:00,7354,530,246,8,8,"传统文化,文化,中国,非遗",,https://i1.hdslb.com/bfs/archive/f83a1f00a4aa6149581d5a49c0a01bcf3a027dbd.jpg
187,外网热评：中国非遗！龙须面惊艳外网！一根面能拉千米，中华绝技太绝了,BV1WyckzjE38,116215473245756,轩宝看油管,387967038,日常,2:4,2026-03-12 17:24,2939,44,3,3,1,"外网热评,文化,中国,外国网友评论,外网评论,评论翻译,外国网友,外国人看中国,外网,娱乐资讯",,https://i1.hdslb.com/bfs/archive/017a6b927ce0726e3ae65bc65666be3e5caa1f74.jpg
188,中国非遗惊艳世界，视觉盛宴引全球热议,BV1UVwszqEVM,116225405359197,油管外网趣评,508321791,日常,1:41,2026-03-14 11:31,1256,28,1,0,0,"绘画,游戏,动作游戏",-,https://i2.hdslb.com/bfs/archive/d80dab66b5956ebc796846f4ef9075ea766ceac7.jpg
189,毛晓彤丨福州非遗嘉年华伞舞 拍的最好的版本,BV1NnPtz7EAo,116183730752186,毛曉彤,257442725,国风舞蹈,1:4,2026-03-07 09:00,144047,14678,3257,85,336,"毛晓彤,新春舞蹈集结计划,非遗嘉年华,古典舞,国风舞蹈,仙女,演员,中国风,古风,现场",,https://i0.hdslb.com/bfs/archive/fc4823fb65786cf1aa38b96f3f9a5b8b111df2cd.jpg
190,“一副麻将，半部晚清史”末代皇帝溥仪深爱的宫廷雅玩--五彩螺钿麻将,BV1eQPCz3Erv,116175694463285,李家清晨,395893734,手工,12:57,2026-03-06 18:00,310595,26814,4045,779,447,"螺钿麻将,寻找100位非遗手艺人,大漆",,https://i0.hdslb.com/bfs/archive/8ce026e261ac3e75845574478e8a1d8ed5b5d6e9.jpg
191,从1块泥巴到上亿天价！非遗汝瓷如何点土成“金”？,BV1rsjmzbEWd,114574342757495,影视飓风,946974,手工,12:5,2025-05-28 17:00,2948281,168993,39702,32794,3557,"碧蓝航线,汝瓷,4K,拍摄,匠人,制作,非遗,碧蓝航线8周年,非物质文化遗产",这些看似不起眼的泥巴和石头，经过巧妙的加工，竟然可能卖出上亿元的天价。作为瓷器的一种，为什么“它”这么值钱？这次我们和@碧蓝航线  一拍即合，前往河南汝州，想带你一起来看看这门传承了千年的中国手艺——汝瓷。如果你喜欢这期视频，请多多支持我们，并把视频分享给你的朋友们一起看看!,https://i0.hdslb.com/bfs/archive/de6649ac16c7c62fab9774d44b60a36965bf8592.jpg
192,【超燃】中国非遗超燃混剪,BV1a1keYbEF2,113695099261522,万川嘉心,1970823994,影视剪辑,5:25,2024-12-22 14:44,43569,522,935,1,71,"非遗文化分享官,非遗,传统文化,中国,人文历史档案馆2.0",-,https://i0.hdslb.com/bfs/archive/8ee2d7ef1efc6aa7d7727e5abbe06bb3a52eb859.jpg
193,开者即死，这四个字震慑了盗墓贼整整1400年,BV1W1ckz1EYk,116215389363710,江寻千,1895195099,手工,7:22,2026-03-12 17:11,1689695,71812,35515,702,773,"文化,闹蛾扑花钗,寻找100位非遗手艺人,非遗,花丝镶嵌,手工艺",,https://i2.hdslb.com/bfs/archive/2bdc919399b36b6c49fcc199af199f86ff1e8252.jpg
194,笑不中了！贾旭明老师号都没了，圆桌也没整清楚，又跑到非遗相声大会说相声了哈哈哈哈哈哈，网友：“相声这个行业危险系数这么高吗”哈哈哈哈或许是贾老师危险系数高？,BV1K8NMzYEmj,116192387795647,又一次嗑到了,3546939108886611,娱乐粉丝创作,22:12,2026-03-08 15:37,163502,3921,1214,998,330,"相声,爆笑,搞笑,贾局,段子,贾旭明,讽刺,小品,最新",-,https://i0.hdslb.com/bfs/archive/23c1efe6437884d6ea193d2b052293322e74de66.jpg
195,这个杯子浑身是孔，却滴水不漏,BV1jm84zcExE,114919047503711,江寻千,1895195099,影视剪辑,8:57,2025-07-26 18:28,8061674,297315,157059,4390,3837,"瓷器,传统文化,陶瓷,玲珑瓷,手工,非遗,寻找100位非遗手艺人",,https://i1.hdslb.com/bfs/archive/d3717a4ab06941d7e11769fe1a7e10133677d782.jpg
196,"贾旭明郑健相声《贾诗人》高清字幕版,贾旭明非遗相声春晚作品，搞笑不断！",BV1yBPoztEG3,116201934098540,相声茶馆,25375697,搞笑,22:12,2026-03-10 11:05,12543,150,72,19,16,"非遗相声,贾旭明相声,郑健,搞笑相声,非遗,相声小品,贾旭明,相声,春晚,搞笑","贾旭明郑健相声《贾诗人》高清字幕版,贾旭明非遗相声春晚作品，搞笑不断！",https://i1.hdslb.com/bfs/archive/32b9839ce3dd1a1fac4cbb5be6083dddea99bffa.jpg
197,【央视】综合频道CCTV-1《非遗里的中国》（第一季）,BV1AN411M7VY,493763285,八神逸枫,10289419,综艺,1086:50,2023-11-25 18:26,333808,3674,14406,1972,114,"非遗,人文,文化","https://tv.cctv.com/2022/12/30/VIDAIxSnFuJtsqzH4HZK9Yc4221230.shtml
《非遗里的中国》通过非遗创新秀演、沉浸体验、还原绝技等全新的方式来打开非遗，多维度呈现非遗的创新成果、历史底蕴、中国智慧、东方美学。节目展现非遗在新时代迸发出的焕新力量，呈现非遗时光流变中的一脉相承与继往开来。",https://i0.hdslb.com/bfs/archive/8268536bcc5c0b6c21c2dc540a25c7aad0559223.png
198,东巴纸,BV1ozw4ztEqm,116228106551729,归乡人山白,3494349557992101,手工,8:10,2026-03-14 23:02,677325,98025,9908,1849,1113,"寻找100位非遗手艺人,东巴纸,纳西族,手工纸,手工艺,手工,原创",纸寿千年，纳西族手工造纸。,https://i1.hdslb.com/bfs/archive/62ed064b30e48ab8740683535ec2a4640da5791a.jpg
199,中国的42项世界非遗项目 你都知道吗？,BV1NK411G7rv,500654333,中新视频,104092224,社会,4:38,2020-12-19 15:11,28939,680,801,21,38,"世界非遗项目,中国",12月17日晚，中国单独申报的“太极拳”、与马来西亚联合申报的“送王船——有关人与海洋可持续联系的仪式及相关实践”两个项目，经联合国教科文组织保护非物质文化遗产政府间委员会评审通过，列入联合国教科文组织人类非物质文化遗产代表作名录。那么，你知道中国的世界非物质文化遗产项目有多少个？有哪些？快跟我一起增长知识吧！,https://i2.hdslb.com/bfs/archive/f2e9d4d1134718bada898f5f9cce68245e4c7592.jpg
200,【大学生纪录短片/非遗/剪纸/原创】纸下的时间旅行者【高清1080P】万物理论拯救传统文化,BV1xs411y7CG,5301655,暗海见雪生,25005818,小剧场,15:39,2016-07-12 14:20,390083,7508,12177,347,198,"传统文化,传承,纪录片,冯骥才,万物理论",以乡村七十多岁民间剪纸艺人几十年扎根于民间文化为起点，伴随着生活在城市却致力于剪纸的保护与创新的艺术家郭梅花的故事进行交叉叙事，串起剪纸的历史与发展，民俗与文化。,https://i1.hdslb.com/bfs/archive/36284d6e91d13a830b61de8ac73cc367a4f1f2d7.jpg
201,非遗群像MVP结算画面,BV1JwWyzPE74,115387786207195,Locus建鹏,448415359,运动综合,0:33,2025-10-17 13:15,3426803,947394,222098,100260,8884,"逆水寒手游,逆水寒非遗计划,逆水寒次元破壁",-,https://i2.hdslb.com/bfs/archive/b1acff3579f22a0752d4961c7d319667c1866b16.jpg
202,谁还不是个rapper！一首歌串起中国43项世界级非遗,BV1FV4y1y78y,870118526,央视新闻,456664753,人文历史,3:13,2023-06-22 09:56,353155,46508,9405,272,783,"非遗,说唱",目前，中国43个项目列入联合国教科文组织，非物质文化遗产名录、名册数量居世界第一。端午节到来之际，央视新闻推出原创音乐MV《非常·非遗》，用一首歌曲串联起这43项世界级非遗项目，以音乐和视觉符号呈现中国式浪漫，彰显古老东方的历史文明之美。,https://i0.hdslb.com/bfs/archive/4b2558b64cc8011d043597b24c184eb78ec51587.jpg
203,网红想火想疯了？魔改中国非遗“黄梅戏”，惨遭央视发文“怒”批,BV1oq4y1N7ug,547995107,下饭音乐,11173348,乐评盘点,4:29,2021-09-14 17:10,3642675,192762,15640,47189,12344,"音乐分享官,乐评盘点,周杰伦,小姐姐,漫步人生路,青花瓷,网红翻唱,粤语歌,黄梅戏",要说现在刷手机，新歌没几首，老歌倒是不断被 魔改翻唱~甚至为了流量，网红们跟风拍摄 根本不管歌曲内容~今天饭饭 就带来的几首 被网红玩“变味”的歌，坚持听完的 可都是我的死忠粉呐,https://i2.hdslb.com/bfs/archive/65a0a945e8e351ea4548859398048a400a3bc155.jpg
204,鬼步、僵尸摔、滚灯……科普19种技惊四座的非遗绝技,BV1kXpWzyE6u,115217564570288,全球顶尖投影,3546744608524364,出行,2:45,2025-09-17 11:45,423693,37473,8866,256,555,"绝技,人文历史档案馆,传统文化,变脸,杂技,戏曲,鬼步,非遗,科普,京剧",,https://i1.hdslb.com/bfs/archive/c60f3ec3e64997d87ead2e58699a3eb49cb40e99.jpg
205,以朱为信，以泥承魂，印泥，中华文房瑰宝,BV1VanmzbEbt,115293598781324,I彭传明,589188442,手工,22:26,2025-09-30 22:15,335678,28987,2825,1570,500,"中国,原创,文化",-,https://i2.hdslb.com/bfs/archive/9f1331aecca0077f75a416b03dd6219d90c378e5.jpg
206,这不是迷信，这是中国傩戏。,BV1Xf421v74t,1206450288,唱饭的王小潮,1107899745,人文历史,2:45,2024-08-10 09:58,4003238,421831,190004,3655,4475,"非遗文化,文化,正能量,寻找非遗文化,行走的人文,中国",-,https://i1.hdslb.com/bfs/archive/49daebd4631fa0c00276d9350417f86fbd6af584.jpg
207,【《浮光》遇到中国非遗】中国的43个世界级非遗，你知道几个？,BV1L1421275U,1555202564,非遗正年轻,156651846,人文历史,4:21,2024-05-27 21:37,70621,1491,2589,17,61,"浮光,周深,世界级非遗,中国,传统文化,历史,非遗,文化",-,https://i0.hdslb.com/bfs/archive/a11d2fe91f98de969d84d93481c666bc65adbd4f.jpg
208,老祖宗：不管了！好歹非遗传下来了！,BV1sjwez4ENA,116249463881838,料理小咪,18237423,颜值·网红舞,0:36,2026-03-18 17:29,13194,2076,651,122,67,"川剧摇,四时少女,火苗dj,葛仙村,古风","我们来葛仙村玩啦！好好玩！下次还来～
从左到右出境：
玉玲珑：小水泡汤
汉服：西海岸红杉
胡桃：料理小咪
大乔：十元酱少女",https://i2.hdslb.com/bfs/archive/59308324aa32767546f15be431472416fb28151a.jpg
209,99%的人没见过这个非遗，可它正在消失,BV14A57zLEd1,114358101284195,摇铃啊摇铃儿,1330962869,人文历史,6:55,2025-04-18 17:10,2833317,123676,118188,4454,1189,"烟花,药发木偶,非遗,温州,寻找100位非遗手艺人,传统文化,寻找100位非遗手艺人 3.0,木偶戏",这是99%的人没听说过的非遗，温州泰顺的药发木偶。是火树银花的真实写照历时四个月，在失望与希望中反复挣扎，这次终于把周尔禄爷爷坚持了一生的热爱，带到了你的面前。因为这项非遗原料的特殊，一直在法律的文化传承的矛盾中挣扎，几度垂危，这期视频，中间有过很多次想放弃的时候，或许是因为我成为了他的第一位年轻“女徒弟”，或许因为这是我家乡的非遗，又或许只是因为它的传承人是周爷爷，这个历经种种磨难，依然在苦难中开出花的，理想主义老头！他真的太好啦87天的争取实在是漫长！可又怎么漫长得过周爷爷60多年，2万多天的坚持呢。,https://i2.hdslb.com/bfs/archive/f1dde5456c9361870e919747e4b14e1c10f212cc.jpg
210,在你看到这期视频之前，它，没有观众,BV1Nw4m1k7Mk,1106345646,南翔,596842980,手工,6:6,2024-08-14 16:50,15767244,917337,442020,17326,7673,"一起做手工吧16.0 手工暑期大作战,非遗,打铁花,我的整活手工大赏,非遗传承,炭花舞,七江炭花舞,火壶",-,https://i0.hdslb.com/bfs/archive/c3cc26fc610220badb0b446469ca0ecf63577451.jpg
211,【非遗美学创业】每周工作一小时，每年躺平收入超七位数,BV1Hm421g7hX,1606157528,村姑欣陶,384402877,财经商业,42:49,2024-07-05 19:40,18723,905,830,59,34,"青年用「财」图鉴,共同富裕,投资,找工作,乡村振兴,非遗美学,创业,李子柒,融资,创业合伙人",作为斜杠财经博主，想做些差异化的内容，可以和大家共同富裕，比如好的合伙创业、商务合作和工作的机会。而且不是在项目极早期，充满高度不确定性的时候介绍给大家，希望是有数据支持的商业模式小DEMO已经跑通的时候，在项目充满生命力蓬勃发展的时候，介绍给大家。作为前投资人，未来也将继续做投资的创业财经博主，将以投资人的角度和创始人对话，探讨创业过程中的挑战和应对方案，希望想创业或者正在创业ing的朋友们有借鉴意义。如果有想和我一起录制视频的创业者，希望自己的项目让更多投资人、创业者、合作伙伴或者未来团队成员看到，欢,https://i0.hdslb.com/bfs/archive/f8cb19204ce43fe8528dd2d144d8ba0dc070a9ca.jpg
212,手写代码的程序员成非遗了❓「古法编程」突然火了❗️,BV1UzwDz1E6w,116243071835663,智冷Shaw,480800563,计算机技术,0:51,2026-03-17 14:22,12243,121,75,86,64,"万万没想到,AI,人工智能,编程,程序员,学习,高能,科普,分享我的专业知识,代码",“古法编程”这个词一出来，我先笑了。以前程序员不用AI写代码叫基本操作，现在居然成了“古法手艺”。照这趋势下去，未来程序员怕不是要进博物馆现场表演纯手搓代码了。你觉得，不靠AI写代码的人，以后会不会真成“非遗传承人”？关注智冷Shaw，AI时代走前头！,https://i1.hdslb.com/bfs/archive/dedb798ce2c9122234b899598e2262af3e525da5.jpg
213,每周质量报告 | 央视曝光假非遗乱象,BV1Upf9BVEut,116009952416434,央视网,222103174,日常,18:18,2026-02-04 10:20,30411,1851,309,51,81,非遗,,https://i2.hdslb.com/bfs/archive/34738e7584707de16910fa86679013ae30a45b8a.jpg
214,非遗植物拓染｜锤出三千年前的中国色,BV1wh72z8EXt,114611957272674,陈二十,22309487,日常,3:45,2025-06-02 17:00,606312,9965,17638,82,104,"非遗,我的手工真的很解压,传统文化,手工,植物拓染",周末如果不想聚会跟人社交，那就试试跟大自然产生链接，动手做一副属于自己独一无二的作品吧~,https://i2.hdslb.com/bfs/archive/cdf4bc1202ff41f59c71c6274c7a043cdc2171d4.jpg
215,【全程高能】中国各地的非遗年俗能有多震撼？直接看呆了！,BV1XywNeNEd3,113849181145296,司空离,358807,人文历史,7:16,2025-01-18 20:12,2901923,43884,29288,621,338,"2025克穷暴富,民俗,英歌舞,传统文化,年俗,打铁花,非遗",-,https://i2.hdslb.com/bfs/archive/07a04911a2dadb3b495f1beb71f181169a64b619.jpg
216,陈都灵四次非遗旗袍变装,BV1i1ZiB6E3G,116097378426485,可爱又迷人旳反派,3493079277373656,明星综合,4:13,2026-02-19 20:55,9081,202,328,5,17,"陈都灵,表演,美女",-,https://i2.hdslb.com/bfs/archive/b8060f153a8c411e26e498e997adf6661f015e7e.jpg
217,为什么都以为排箫是国外乐器？&quot;非遗 &quot;传统文化 &quot;乐器 &quot;,BV1NRwezhEmx,116249379996802,非遗传统手艺哥,3632303318239519,田园美食,2:30,2026-03-18 17:09,1194,60,5,2,4,"制作,文化,寻找100位非遗手艺人,B站好片有奖种草,非物质文化遗产",-,https://i0.hdslb.com/bfs/archive/d15c455bdb33bbcad358aa0ddb7cd3f5b788fdca.jpg
218,外网热评：中国非遗文化传承《傩戏》外国网友：精准的动作和传统文化的传承，很精彩,BV1WyckzjEd5,116215473242189,轩宝看油管,387967038,日常,1:36,2026-03-12 17:24,1067,12,5,0,0,"传统文化,中国,外网热评,中国非遗,外国网友评论,外网评论,评论翻译,外国人看中国,文化传承,非物质文化遗产",,https://i1.hdslb.com/bfs/archive/734cc883611d5be6e1ef3823234a16f1f8c2d334.jpg
219,中国文化输出赢麻了！国风舞惊艳全场，街头“非遗喷火”看懵老外,BV14fXVYxEV6,114182427116994,下饭音乐,11173348,乐评盘点,5:45,2025-03-18 16:18,196063,3377,875,253,56,"非遗文化,中国舞,文化输出",,https://i1.hdslb.com/bfs/archive/233a03d3aafc688e7c5bc9fe392337f875fc58ef.jpg
220,【纪录片】《中国手作》第一季 木作 第一集 榫卯智慧,BV1mk4y1c7M4,745848737,长安书院_,2147327022,人文历史,121:19,2023-09-09 17:26,166211,2479,12555,99,44,"历史,工匠,科普,人文,木作,榫卯,非遗,手作,纪录片,传统文化",如果觉得还不错，麻烦给个三连！谢谢~,https://i2.hdslb.com/bfs/archive/19f159e05c860021238a410bb02e3138deae4c61.png
221,挑战戏神非遗大片 今天拍的是“傩戏”！,BV1uLByBvELm,115791680838243,-小胡同学呀,262240557,穿搭,2:45,2025-12-27 21:18,1729264,38471,60664,1453,357,"传统文化,冷不丁化妆挑战,胡有姬,葛仙村,戏神,傩戏,非遗,江西,非物质文化遗产,挑战",-,https://i2.hdslb.com/bfs/archive/084a84aa9c8c5dc3386443cd5993a8e3f35b684d.jpg
222,《针尖上的非遗》纪录片作品,BV1DTwezYEgC,116247752675641,爱学习美女罢了,491748066,影视剪辑,12:40,2026-03-18 10:15,13,0,0,0,0,"纪录片,文化,艺术,非遗",,https://i0.hdslb.com/bfs/archive/8a5752778faa90c0c173dbc419191bacfa40b9ad.jpg
223,外网看我国非遗文化变装转场！热评：文化自信在此刻具象化！ #非遗文化 #转场 #舞狮 #外国人看中国,BV1mWkzBtEho,115528446251640,星禾搞笑娱乐,1680121791,日常,1:36,2025-11-11 09:25,156077,2194,573,33,39,"中国风,制作,变装转场,B站辩论季！,歪果仁,传统文化,中国,文化",外网看我国非遗文化变装转场！热评：文化自信在此刻具象化！ #非遗文化 #转场 #舞狮 #外国人看中国,https://i0.hdslb.com/bfs/archive/2817e02809a8d3e33c7ece58178345d287ed3ea0.jpg
224,外网热评：中国非遗！龙须面惊艳外网！一根面能拉千米，中华绝技太绝了,BV1WyckzjE38,116215473245756,轩宝看油管,387967038,日常,2:4,2026-03-12 17:24,2939,44,3,3,1,"外网热评,文化,中国,外国网友评论,外网评论,评论翻译,外国网友,外国人看中国,外网,娱乐资讯",,https://i1.hdslb.com/bfs/archive/017a6b927ce0726e3ae65bc65666be3e5caa1f74.jpg
225,你敢信画面、音乐、配音全Ai制作？AIGC赋能文旅非遗新范例,BV1it421u7UK,1754365323,野生Peng友,227377272,AI影像,2:50,2024-05-11 14:14,21363,361,597,3,35,"AI,蜀锦,人工智能,AIGC,AI影像征集大赛,文旅,非遗","历时3个星期，用AI搞了2234张图片+210首音乐+588条视频+49条配音素材
终于抽卡抽出来了，我哭死！！
我已入魔，半夜走在路上看着开过的汽车都像是AI扩散。
收集200多幅古今经典蜀锦纹样为样本，
训练Lora，搭建了comfy ui的新工作流
SD、Runway、Pika........能用的都用了
每天开机都在给显卡上香
求求Sora、Vidu快点吧，真·不想抽卡了!!!",https://i1.hdslb.com/bfs/archive/2254da15574725ebe7a7c4c3767c77464b30795d.jpg
226,中国非遗惊艳世界，视觉盛宴引全球热议,BV1UVwszqEVM,116225405359197,油管外网趣评,508321791,日常,1:41,2026-03-14 11:31,1256,28,1,0,0,"绘画,游戏,动作游戏",-,https://i2.hdslb.com/bfs/archive/d80dab66b5956ebc796846f4ef9075ea766ceac7.jpg
227,毛晓彤丨福州非遗嘉年华伞舞 拍的最好的版本,BV1NnPtz7EAo,116183730752186,毛曉彤,257442725,国风舞蹈,1:4,2026-03-07 09:00,144047,14678,3257,85,336,"毛晓彤,新春舞蹈集结计划,非遗嘉年华,古典舞,国风舞蹈,仙女,演员,中国风,古风,现场",,https://i0.hdslb.com/bfs/archive/fc4823fb65786cf1aa38b96f3f9a5b8b111df2cd.jpg
228,用一块木头做个龙猫，给粉丝抽了 #手工diy #非物质文化遗产,BV1QCNFzDEZv,116203930519737,小虾米粒粒,3546890555623747,日常,1:30,2026-03-19 06:32,28,3,0,0,0,"寻找100位非遗手艺人,B站好片有奖种草,原神,文化遗产,非物质文化遗产,电子竞技,DIY,爱情",-,https://i1.hdslb.com/bfs/archive/810eef37255a2b52a5a9eb151888171735f29fa1.jpg
229,从1块泥巴到上亿天价！非遗汝瓷如何点土成“金”？,BV1rsjmzbEWd,114574342757495,影视飓风,946974,手工,12:5,2025-05-28 17:00,2948281,168993,39702,32794,3557,"碧蓝航线,汝瓷,4K,拍摄,匠人,制作,非遗,碧蓝航线8周年,非物质文化遗产",这些看似不起眼的泥巴和石头，经过巧妙的加工，竟然可能卖出上亿元的天价。作为瓷器的一种，为什么“它”这么值钱？这次我们和@碧蓝航线  一拍即合，前往河南汝州，想带你一起来看看这门传承了千年的中国手艺——汝瓷。如果你喜欢这期视频，请多多支持我们，并把视频分享给你的朋友们一起看看!,https://i0.hdslb.com/bfs/archive/de6649ac16c7c62fab9774d44b60a36965bf8592.jpg
230,【超燃】中国非遗超燃混剪,BV1a1keYbEF2,113695099261522,万川嘉心,1970823994,影视剪辑,5:25,2024-12-22 14:44,43569,522,935,1,71,"非遗文化分享官,非遗,传统文化,中国,人文历史档案馆2.0",-,https://i0.hdslb.com/bfs/archive/8ee2d7ef1efc6aa7d7727e5abbe06bb3a52eb859.jpg
231,开者即死，这四个字震慑了盗墓贼整整1400年,BV1W1ckz1EYk,116215389363710,江寻千,1895195099,手工,7:22,2026-03-12 17:11,1689695,71812,35515,702,773,"文化,闹蛾扑花钗,寻找100位非遗手艺人,非遗,花丝镶嵌,手工艺",,https://i2.hdslb.com/bfs/archive/2bdc919399b36b6c49fcc199af199f86ff1e8252.jpg
232,这个杯子浑身是孔，却滴水不漏,BV1jm84zcExE,114919047503711,江寻千,1895195099,影视剪辑,8:57,2025-07-26 18:28,8061674,297315,157059,4390,3837,"瓷器,传统文化,陶瓷,玲珑瓷,手工,非遗,寻找100位非遗手艺人",,https://i1.hdslb.com/bfs/archive/d3717a4ab06941d7e11769fe1a7e10133677d782.jpg
233,笑不中了！贾旭明老师号都没了，圆桌也没整清楚，又跑到非遗相声大会说相声了哈哈哈哈哈哈，网友：“相声这个行业危险系数这么高吗”哈哈哈哈或许是贾老师危险系数高？,BV1K8NMzYEmj,116192387795647,又一次嗑到了,3546939108886611,娱乐粉丝创作,22:12,2026-03-08 15:37,163502,3921,1214,998,330,"相声,爆笑,搞笑,贾局,段子,贾旭明,讽刺,小品,最新",-,https://i0.hdslb.com/bfs/archive/23c1efe6437884d6ea193d2b052293322e74de66.jpg
234,"贾旭明郑健相声《贾诗人》高清字幕版,贾旭明非遗相声春晚作品，搞笑不断！",BV1yBPoztEG3,116201934098540,相声茶馆,25375697,搞笑,22:12,2026-03-10 11:05,12543,150,72,19,16,"非遗相声,贾旭明相声,郑健,搞笑相声,非遗,相声小品,贾旭明,相声,春晚,搞笑","贾旭明郑健相声《贾诗人》高清字幕版,贾旭明非遗相声春晚作品，搞笑不断！",https://i1.hdslb.com/bfs/archive/32b9839ce3dd1a1fac4cbb5be6083dddea99bffa.jpg
235,【央视】综合频道CCTV-1《非遗里的中国》（第一季）,BV1AN411M7VY,493763285,八神逸枫,10289419,综艺,1086:50,2023-11-25 18:26,333808,3674,14406,1972,114,"非遗,人文,文化","https://tv.cctv.com/2022/12/30/VIDAIxSnFuJtsqzH4HZK9Yc4221230.shtml
《非遗里的中国》通过非遗创新秀演、沉浸体验、还原绝技等全新的方式来打开非遗，多维度呈现非遗的创新成果、历史底蕴、中国智慧、东方美学。节目展现非遗在新时代迸发出的焕新力量，呈现非遗时光流变中的一脉相承与继往开来。",https://i0.hdslb.com/bfs/archive/8268536bcc5c0b6c21c2dc540a25c7aad0559223.png
236,东巴纸,BV1ozw4ztEqm,116228106551729,归乡人山白,3494349557992101,手工,8:10,2026-03-14 23:02,677325,98025,9908,1849,1113,"寻找100位非遗手艺人,东巴纸,纳西族,手工纸,手工艺,手工,原创",纸寿千年，纳西族手工造纸。,https://i1.hdslb.com/bfs/archive/62ed064b30e48ab8740683535ec2a4640da5791a.jpg
237,中国的42项世界非遗项目 你都知道吗？,BV1NK411G7rv,500654333,中新视频,104092224,社会,4:38,2020-12-19 15:11,28939,680,801,21,38,"世界非遗项目,中国",12月17日晚，中国单独申报的“太极拳”、与马来西亚联合申报的“送王船——有关人与海洋可持续联系的仪式及相关实践”两个项目，经联合国教科文组织保护非物质文化遗产政府间委员会评审通过，列入联合国教科文组织人类非物质文化遗产代表作名录。那么，你知道中国的世界非物质文化遗产项目有多少个？有哪些？快跟我一起增长知识吧！,https://i2.hdslb.com/bfs/archive/f2e9d4d1134718bada898f5f9cce68245e4c7592.jpg
238,【大学生纪录短片/非遗/剪纸/原创】纸下的时间旅行者【高清1080P】万物理论拯救传统文化,BV1xs411y7CG,5301655,暗海见雪生,25005818,小剧场,15:39,2016-07-12 14:20,390083,7508,12177,347,198,"传统文化,传承,纪录片,冯骥才,万物理论",以乡村七十多岁民间剪纸艺人几十年扎根于民间文化为起点，伴随着生活在城市却致力于剪纸的保护与创新的艺术家郭梅花的故事进行交叉叙事，串起剪纸的历史与发展，民俗与文化。,https://i1.hdslb.com/bfs/archive/36284d6e91d13a830b61de8ac73cc367a4f1f2d7.jpg
239,非遗群像MVP结算画面,BV1JwWyzPE74,115387786207195,Locus建鹏,448415359,运动综合,0:33,2025-10-17 13:15,3426803,947394,222098,100260,8884,"逆水寒手游,逆水寒非遗计划,逆水寒次元破壁",-,https://i2.hdslb.com/bfs/archive/b1acff3579f22a0752d4961c7d319667c1866b16.jpg
240,谁还不是个rapper！一首歌串起中国43项世界级非遗,BV1FV4y1y78y,870118526,央视新闻,456664753,人文历史,3:13,2023-06-22 09:56,353155,46508,9405,272,783,"非遗,说唱",目前，中国43个项目列入联合国教科文组织，非物质文化遗产名录、名册数量居世界第一。端午节到来之际，央视新闻推出原创音乐MV《非常·非遗》，用一首歌曲串联起这43项世界级非遗项目，以音乐和视觉符号呈现中国式浪漫，彰显古老东方的历史文明之美。,https://i0.hdslb.com/bfs/archive/4b2558b64cc8011d043597b24c184eb78ec51587.jpg
241,网红想火想疯了？魔改中国非遗“黄梅戏”，惨遭央视发文“怒”批,BV1oq4y1N7ug,547995107,下饭音乐,11173348,乐评盘点,4:29,2021-09-14 17:10,3642675,192762,15640,47189,12344,"音乐分享官,乐评盘点,周杰伦,小姐姐,漫步人生路,青花瓷,网红翻唱,粤语歌,黄梅戏",要说现在刷手机，新歌没几首，老歌倒是不断被 魔改翻唱~甚至为了流量，网红们跟风拍摄 根本不管歌曲内容~今天饭饭 就带来的几首 被网红玩“变味”的歌，坚持听完的 可都是我的死忠粉呐,https://i2.hdslb.com/bfs/archive/65a0a945e8e351ea4548859398048a400a3bc155.jpg
242,鬼步、僵尸摔、滚灯……科普19种技惊四座的非遗绝技,BV1kXpWzyE6u,115217564570288,全球顶尖投影,3546744608524364,出行,2:45,2025-09-17 11:45,423693,37473,8866,256,555,"绝技,人文历史档案馆,传统文化,变脸,杂技,戏曲,鬼步,非遗,科普,京剧",,https://i1.hdslb.com/bfs/archive/c60f3ec3e64997d87ead2e58699a3eb49cb40e99.jpg
243,以朱为信，以泥承魂，印泥，中华文房瑰宝,BV1VanmzbEbt,115293598781324,I彭传明,589188442,手工,22:26,2025-09-30 22:15,335678,28987,2825,1570,500,"中国,原创,文化",-,https://i2.hdslb.com/bfs/archive/9f1331aecca0077f75a416b03dd6219d90c378e5.jpg
244,这不是迷信，这是中国傩戏。,BV1Xf421v74t,1206450288,唱饭的王小潮,1107899745,人文历史,2:45,2024-08-10 09:58,4003238,421831,190004,3655,4475,"非遗文化,文化,正能量,寻找非遗文化,行走的人文,中国",-,https://i1.hdslb.com/bfs/archive/49daebd4631fa0c00276d9350417f86fbd6af584.jpg
245,【《浮光》遇到中国非遗】中国的43个世界级非遗，你知道几个？,BV1L1421275U,1555202564,非遗正年轻,156651846,人文历史,4:21,2024-05-27 21:37,70621,1491,2589,17,61,"浮光,周深,世界级非遗,中国,传统文化,历史,非遗,文化",-,https://i0.hdslb.com/bfs/archive/a11d2fe91f98de969d84d93481c666bc65adbd4f.jpg
246,99%的人没见过这个非遗，可它正在消失,BV14A57zLEd1,114358101284195,摇铃啊摇铃儿,1330962869,人文历史,6:55,2025-04-18 17:10,2833317,123676,118188,4454,1189,"烟花,药发木偶,非遗,温州,寻找100位非遗手艺人,传统文化,寻找100位非遗手艺人 3.0,木偶戏",这是99%的人没听说过的非遗，温州泰顺的药发木偶。是火树银花的真实写照历时四个月，在失望与希望中反复挣扎，这次终于把周尔禄爷爷坚持了一生的热爱，带到了你的面前。因为这项非遗原料的特殊，一直在法律的文化传承的矛盾中挣扎，几度垂危，这期视频，中间有过很多次想放弃的时候，或许是因为我成为了他的第一位年轻“女徒弟”，或许因为这是我家乡的非遗，又或许只是因为它的传承人是周爷爷，这个历经种种磨难，依然在苦难中开出花的，理想主义老头！他真的太好啦87天的争取实在是漫长！可又怎么漫长得过周爷爷60多年，2万多天的坚持呢。,https://i2.hdslb.com/bfs/archive/f1dde5456c9361870e919747e4b14e1c10f212cc.jpg
247,老祖宗：不管了！好歹非遗传下来了！,BV1sjwez4ENA,116249463881838,料理小咪,18237423,颜值·网红舞,0:36,2026-03-18 17:29,13194,2076,651,122,67,"川剧摇,四时少女,火苗dj,葛仙村,古风","我们来葛仙村玩啦！好好玩！下次还来～
从左到右出境：
玉玲珑：小水泡汤
汉服：西海岸红杉
胡桃：料理小咪
大乔：十元酱少女",https://i2.hdslb.com/bfs/archive/59308324aa32767546f15be431472416fb28151a.jpg
248,手写代码的程序员成非遗了❓「古法编程」突然火了❗️,BV1UzwDz1E6w,116243071835663,智冷Shaw,480800563,计算机技术,0:51,2026-03-17 14:22,12243,121,75,86,64,"万万没想到,AI,人工智能,编程,程序员,学习,高能,科普,分享我的专业知识,代码",“古法编程”这个词一出来，我先笑了。以前程序员不用AI写代码叫基本操作，现在居然成了“古法手艺”。照这趋势下去，未来程序员怕不是要进博物馆现场表演纯手搓代码了。你觉得，不靠AI写代码的人，以后会不会真成“非遗传承人”？关注智冷Shaw，AI时代走前头！,https://i1.hdslb.com/bfs/archive/dedb798ce2c9122234b899598e2262af3e525da5.jpg
249,在你看到这期视频之前，它，没有观众,BV1Nw4m1k7Mk,1106345646,南翔,596842980,手工,6:6,2024-08-14 16:50,15767244,917337,442020,17326,7673,"一起做手工吧16.0 手工暑期大作战,非遗,打铁花,我的整活手工大赏,非遗传承,炭花舞,七江炭花舞,火壶",-,https://i0.hdslb.com/bfs/archive/c3cc26fc610220badb0b446469ca0ecf63577451.jpg
250,【非遗美学创业】每周工作一小时，每年躺平收入超七位数,BV1Hm421g7hX,1606157528,村姑欣陶,384402877,财经商业,42:49,2024-07-05 19:40,18723,905,830,59,34,"青年用「财」图鉴,共同富裕,投资,找工作,乡村振兴,非遗美学,创业,李子柒,融资,创业合伙人",作为斜杠财经博主，想做些差异化的内容，可以和大家共同富裕，比如好的合伙创业、商务合作和工作的机会。而且不是在项目极早期，充满高度不确定性的时候介绍给大家，希望是有数据支持的商业模式小DEMO已经跑通的时候，在项目充满生命力蓬勃发展的时候，介绍给大家。作为前投资人，未来也将继续做投资的创业财经博主，将以投资人的角度和创始人对话，探讨创业过程中的挑战和应对方案，希望想创业或者正在创业ing的朋友们有借鉴意义。如果有想和我一起录制视频的创业者，希望自己的项目让更多投资人、创业者、合作伙伴或者未来团队成员看到，欢,https://i0.hdslb.com/bfs/archive/f8cb19204ce43fe8528dd2d144d8ba0dc070a9ca.jpg
251,每周质量报告 | 央视曝光假非遗乱象,BV1Upf9BVEut,116009952416434,央视网,222103174,日常,18:18,2026-02-04 10:20,30411,1851,309,51,81,非遗,,https://i2.hdslb.com/bfs/archive/34738e7584707de16910fa86679013ae30a45b8a.jpg
252,非遗植物拓染｜锤出三千年前的中国色,BV1wh72z8EXt,114611957272674,陈二十,22309487,日常,3:45,2025-06-02 17:00,606312,9965,17638,82,104,"非遗,我的手工真的很解压,传统文化,手工,植物拓染",周末如果不想聚会跟人社交，那就试试跟大自然产生链接，动手做一副属于自己独一无二的作品吧~,https://i2.hdslb.com/bfs/archive/cdf4bc1202ff41f59c71c6274c7a043cdc2171d4.jpg
253,【全程高能】中国各地的非遗年俗能有多震撼？直接看呆了！,BV1XywNeNEd3,113849181145296,司空离,358807,人文历史,7:16,2025-01-18 20:12,2901923,43884,29288,621,338,"2025克穷暴富,民俗,英歌舞,传统文化,年俗,打铁花,非遗",-,https://i2.hdslb.com/bfs/archive/07a04911a2dadb3b495f1beb71f181169a64b619.jpg
254,为什么都以为排箫是国外乐器？&quot;非遗 &quot;传统文化 &quot;乐器 &quot;,BV1NRwezhEmx,116249379996802,非遗传统手艺哥,3632303318239519,田园美食,2:30,2026-03-18 17:09,1194,60,5,2,4,"制作,文化,寻找100位非遗手艺人,B站好片有奖种草,非物质文化遗产",-,https://i0.hdslb.com/bfs/archive/d15c455bdb33bbcad358aa0ddb7cd3f5b788fdca.jpg
255,陈都灵四次非遗旗袍变装,BV1i1ZiB6E3G,116097378426485,可爱又迷人旳反派,3493079277373656,明星综合,4:13,2026-02-19 20:55,9081,202,328,5,17,"陈都灵,表演,美女",-,https://i2.hdslb.com/bfs/archive/b8060f153a8c411e26e498e997adf6661f015e7e.jpg
256,外网热评：中国非遗文化传承《傩戏》外国网友：精准的动作和传统文化的传承，很精彩,BV1WyckzjEd5,116215473242189,轩宝看油管,387967038,日常,1:36,2026-03-12 17:24,1067,12,5,0,0,"传统文化,中国,外网热评,中国非遗,外国网友评论,外网评论,评论翻译,外国人看中国,文化传承,非物质文化遗产",,https://i1.hdslb.com/bfs/archive/734cc883611d5be6e1ef3823234a16f1f8c2d334.jpg
257,中国文化输出赢麻了！国风舞惊艳全场，街头“非遗喷火”看懵老外,BV14fXVYxEV6,114182427116994,下饭音乐,11173348,乐评盘点,5:45,2025-03-18 16:18,196063,3377,875,253,56,"非遗文化,中国舞,文化输出",,https://i1.hdslb.com/bfs/archive/233a03d3aafc688e7c5bc9fe392337f875fc58ef.jpg
258,挑战戏神非遗大片 今天拍的是“傩戏”！,BV1uLByBvELm,115791680838243,-小胡同学呀,262240557,穿搭,2:45,2025-12-27 21:18,1729264,38471,60664,1453,357,"传统文化,冷不丁化妆挑战,胡有姬,葛仙村,戏神,傩戏,非遗,江西,非物质文化遗产,挑战",-,https://i2.hdslb.com/bfs/archive/084a84aa9c8c5dc3386443cd5993a8e3f35b684d.jpg
259,外网看我国非遗文化变装转场！热评：文化自信在此刻具象化！ #非遗文化 #转场 #舞狮 #外国人看中国,BV1mWkzBtEho,115528446251640,星禾搞笑娱乐,1680121791,日常,1:36,2025-11-11 09:25,156077,2194,573,33,39,"中国风,制作,变装转场,B站辩论季！,歪果仁,传统文化,中国,文化",外网看我国非遗文化变装转场！热评：文化自信在此刻具象化！ #非遗文化 #转场 #舞狮 #外国人看中国,https://i0.hdslb.com/bfs/archive/2817e02809a8d3e33c7ece58178345d287ed3ea0.jpg
260,江寻千：把100种非遗，拍成文艺复兴名场面,BV1nvceznEoG,116055401826217,环球人物新媒体,30042311,运动文化,8:7,2026-02-19 09:00,7354,530,246,8,8,"传统文化,文化,中国,非遗",,https://i1.hdslb.com/bfs/archive/f83a1f00a4aa6149581d5a49c0a01bcf3a027dbd.jpg
261,《针尖上的非遗》纪录片作品,BV1DTwezYEgC,116247752675641,爱学习美女罢了,491748066,影视剪辑,12:40,2026-03-18 10:15,13,0,0,0,0,"纪录片,文化,艺术,非遗",,https://i0.hdslb.com/bfs/archive/8a5752778faa90c0c173dbc419191bacfa40b9ad.jpg
262,【纪录片】《中国手作》第一季 木作 第一集 榫卯智慧,BV1mk4y1c7M4,745848737,长安书院_,2147327022,人文历史,121:19,2023-09-09 17:26,166211,2479,12555,99,44,"历史,工匠,科普,人文,木作,榫卯,非遗,手作,纪录片,传统文化",如果觉得还不错，麻烦给个三连！谢谢~,https://i2.hdslb.com/bfs/archive/19f159e05c860021238a410bb02e3138deae4c61.png
263,外网热评：中国非遗！龙须面惊艳外网！一根面能拉千米，中华绝技太绝了,BV1WyckzjE38,116215473245756,轩宝看油管,387967038,日常,2:4,2026-03-12 17:24,2939,44,3,3,1,"外网热评,文化,中国,外国网友评论,外网评论,评论翻译,外国网友,外国人看中国,外网,娱乐资讯",,https://i1.hdslb.com/bfs/archive/017a6b927ce0726e3ae65bc65666be3e5caa1f74.jpg
264,中国非遗惊艳世界，视觉盛宴引全球热议,BV1UVwszqEVM,116225405359197,油管外网趣评,508321791,日常,1:41,2026-03-14 11:31,1256,28,1,0,0,"绘画,游戏,动作游戏",-,https://i2.hdslb.com/bfs/archive/d80dab66b5956ebc796846f4ef9075ea766ceac7.jpg
265,这才是真正的非遗技艺，场面真是太震撼了,BV1JkPazUEPj,116187304368951,戏曲郑三妹,1220115075,亲子,2:3,2026-03-07 18:01,101427,8889,617,61,87,"经典电影,文化,中国",-,https://i1.hdslb.com/bfs/archive/5f11d65146774879397f479c8c44252237b33bbb.jpg
266,湘西赶尸，改了这么久终于可以发出来了,BV1uemfYrE2h,113487044941023,江寻千,1895195099,人文历史,21:11,2024-11-15 21:07,7827394,424253,209687,17336,8434,"寻找非遗手艺人,未解之谜,赶尸,奇闻,湘西,传统文化,寻找100位非遗手艺人",,https://i1.hdslb.com/bfs/archive/b552ff7f0ddac41eab6a006b935ddc86504c0e8e.jpg
267,从1块泥巴到上亿天价！非遗汝瓷如何点土成“金”？,BV1rsjmzbEWd,114574342757495,影视飓风,946974,手工,12:5,2025-05-28 17:00,2948281,168993,39702,32794,3557,"碧蓝航线,汝瓷,4K,拍摄,匠人,制作,非遗,碧蓝航线8周年,非物质文化遗产",这些看似不起眼的泥巴和石头，经过巧妙的加工，竟然可能卖出上亿元的天价。作为瓷器的一种，为什么“它”这么值钱？这次我们和@碧蓝航线  一拍即合，前往河南汝州，想带你一起来看看这门传承了千年的中国手艺——汝瓷。如果你喜欢这期视频，请多多支持我们，并把视频分享给你的朋友们一起看看!,https://i0.hdslb.com/bfs/archive/de6649ac16c7c62fab9774d44b60a36965bf8592.jpg
268,【超燃】中国非遗超燃混剪,BV1a1keYbEF2,113695099261522,万川嘉心,1970823994,影视剪辑,5:25,2024-12-22 14:44,43569,522,935,1,71,"非遗文化分享官,非遗,传统文化,中国,人文历史档案馆2.0",-,https://i0.hdslb.com/bfs/archive/8ee2d7ef1efc6aa7d7727e5abbe06bb3a52eb859.jpg
269,开者即死，这四个字震慑了盗墓贼整整1400年,BV1W1ckz1EYk,116215389363710,江寻千,1895195099,手工,7:22,2026-03-12 17:11,1689695,71812,35515,702,773,"文化,闹蛾扑花钗,寻找100位非遗手艺人,非遗,花丝镶嵌,手工艺",,https://i2.hdslb.com/bfs/archive/2bdc919399b36b6c49fcc199af199f86ff1e8252.jpg
270,这个杯子浑身是孔，却滴水不漏,BV1jm84zcExE,114919047503711,江寻千,1895195099,影视剪辑,8:57,2025-07-26 18:28,8061674,297315,157059,4390,3837,"瓷器,传统文化,陶瓷,玲珑瓷,手工,非遗,寻找100位非遗手艺人",,https://i1.hdslb.com/bfs/archive/d3717a4ab06941d7e11769fe1a7e10133677d782.jpg
271,笑不中了！贾旭明老师号都没了，圆桌也没整清楚，又跑到非遗相声大会说相声了哈哈哈哈哈哈，网友：“相声这个行业危险系数这么高吗”哈哈哈哈或许是贾老师危险系数高？,BV1K8NMzYEmj,116192387795647,又一次嗑到了,3546939108886611,娱乐粉丝创作,22:12,2026-03-08 15:37,163502,3921,1214,998,330,"相声,爆笑,搞笑,贾局,段子,贾旭明,讽刺,小品,最新",-,https://i0.hdslb.com/bfs/archive/23c1efe6437884d6ea193d2b052293322e74de66.jpg
272,"贾旭明郑健相声《贾诗人》高清字幕版,贾旭明非遗相声春晚作品，搞笑不断！",BV1yBPoztEG3,116201934098540,相声茶馆,25375697,搞笑,22:12,2026-03-10 11:05,12543,150,72,19,16,"非遗相声,贾旭明相声,郑健,搞笑相声,非遗,相声小品,贾旭明,相声,春晚,搞笑","贾旭明郑健相声《贾诗人》高清字幕版,贾旭明非遗相声春晚作品，搞笑不断！",https://i1.hdslb.com/bfs/archive/32b9839ce3dd1a1fac4cbb5be6083dddea99bffa.jpg
273,【央视】综合频道CCTV-1《非遗里的中国》（第一季）,BV1AN411M7VY,493763285,八神逸枫,10289419,综艺,1086:50,2023-11-25 18:26,333808,3674,14406,1972,114,"非遗,人文,文化","https://tv.cctv.com/2022/12/30/VIDAIxSnFuJtsqzH4HZK9Yc4221230.shtml
《非遗里的中国》通过非遗创新秀演、沉浸体验、还原绝技等全新的方式来打开非遗，多维度呈现非遗的创新成果、历史底蕴、中国智慧、东方美学。节目展现非遗在新时代迸发出的焕新力量，呈现非遗时光流变中的一脉相承与继往开来。",https://i0.hdslb.com/bfs/archive/8268536bcc5c0b6c21c2dc540a25c7aad0559223.png
274,东巴纸,BV1ozw4ztEqm,116228106551729,归乡人山白,3494349557992101,手工,8:10,2026-03-14 23:02,677325,98025,9908,1849,1113,"寻找100位非遗手艺人,东巴纸,纳西族,手工纸,手工艺,手工,原创",纸寿千年，纳西族手工造纸。,https://i1.hdslb.com/bfs/archive/62ed064b30e48ab8740683535ec2a4640da5791a.jpg
275,中国的42项世界非遗项目 你都知道吗？,BV1NK411G7rv,500654333,中新视频,104092224,社会,4:38,2020-12-19 15:11,28939,680,801,21,38,"世界非遗项目,中国",12月17日晚，中国单独申报的“太极拳”、与马来西亚联合申报的“送王船——有关人与海洋可持续联系的仪式及相关实践”两个项目，经联合国教科文组织保护非物质文化遗产政府间委员会评审通过，列入联合国教科文组织人类非物质文化遗产代表作名录。那么，你知道中国的世界非物质文化遗产项目有多少个？有哪些？快跟我一起增长知识吧！,https://i2.hdslb.com/bfs/archive/f2e9d4d1134718bada898f5f9cce68245e4c7592.jpg
276,【大学生纪录短片/非遗/剪纸/原创】纸下的时间旅行者【高清1080P】万物理论拯救传统文化,BV1xs411y7CG,5301655,暗海见雪生,25005818,小剧场,15:39,2016-07-12 14:20,390083,7508,12177,347,198,"传统文化,传承,纪录片,冯骥才,万物理论",以乡村七十多岁民间剪纸艺人几十年扎根于民间文化为起点，伴随着生活在城市却致力于剪纸的保护与创新的艺术家郭梅花的故事进行交叉叙事，串起剪纸的历史与发展，民俗与文化。,https://i1.hdslb.com/bfs/archive/36284d6e91d13a830b61de8ac73cc367a4f1f2d7.jpg
277,非遗群像MVP结算画面,BV1JwWyzPE74,115387786207195,Locus建鹏,448415359,运动综合,0:33,2025-10-17 13:15,3426803,947394,222098,100260,8884,"逆水寒手游,逆水寒非遗计划,逆水寒次元破壁",-,https://i2.hdslb.com/bfs/archive/b1acff3579f22a0752d4961c7d319667c1866b16.jpg
278,谁还不是个rapper！一首歌串起中国43项世界级非遗,BV1FV4y1y78y,870118526,央视新闻,456664753,人文历史,3:13,2023-06-22 09:56,353155,46508,9405,272,783,"非遗,说唱",目前，中国43个项目列入联合国教科文组织，非物质文化遗产名录、名册数量居世界第一。端午节到来之际，央视新闻推出原创音乐MV《非常·非遗》，用一首歌曲串联起这43项世界级非遗项目，以音乐和视觉符号呈现中国式浪漫，彰显古老东方的历史文明之美。,https://i0.hdslb.com/bfs/archive/4b2558b64cc8011d043597b24c184eb78ec51587.jpg
279,网红想火想疯了？魔改中国非遗“黄梅戏”，惨遭央视发文“怒”批,BV1oq4y1N7ug,547995107,下饭音乐,11173348,乐评盘点,4:29,2021-09-14 17:10,3642675,192762,15640,47189,12344,"音乐分享官,乐评盘点,周杰伦,小姐姐,漫步人生路,青花瓷,网红翻唱,粤语歌,黄梅戏",要说现在刷手机，新歌没几首，老歌倒是不断被 魔改翻唱~甚至为了流量，网红们跟风拍摄 根本不管歌曲内容~今天饭饭 就带来的几首 被网红玩“变味”的歌，坚持听完的 可都是我的死忠粉呐,https://i2.hdslb.com/bfs/archive/65a0a945e8e351ea4548859398048a400a3bc155.jpg
280,鬼步、僵尸摔、滚灯……科普19种技惊四座的非遗绝技,BV1kXpWzyE6u,115217564570288,全球顶尖投影,3546744608524364,出行,2:45,2025-09-17 11:45,423693,37473,8866,256,555,"绝技,人文历史档案馆,传统文化,变脸,杂技,戏曲,鬼步,非遗,科普,京剧",,https://i1.hdslb.com/bfs/archive/c60f3ec3e64997d87ead2e58699a3eb49cb40e99.jpg
281,以朱为信，以泥承魂，印泥，中华文房瑰宝,BV1VanmzbEbt,115293598781324,I彭传明,589188442,手工,22:26,2025-09-30 22:15,335678,28987,2825,1570,500,"中国,原创,文化",-,https://i2.hdslb.com/bfs/archive/9f1331aecca0077f75a416b03dd6219d90c378e5.jpg
282,这不是迷信，这是中国傩戏。,BV1Xf421v74t,1206450288,唱饭的王小潮,1107899745,人文历史,2:45,2024-08-10 09:58,4003238,421831,190004,3655,4475,"非遗文化,文化,正能量,寻找非遗文化,行走的人文,中国",-,https://i1.hdslb.com/bfs/archive/49daebd4631fa0c00276d9350417f86fbd6af584.jpg
283,【《浮光》遇到中国非遗】中国的43个世界级非遗，你知道几个？,BV1L1421275U,1555202564,非遗正年轻,156651846,人文历史,4:21,2024-05-27 21:37,70621,1491,2589,17,61,"浮光,周深,世界级非遗,中国,传统文化,历史,非遗,文化",-,https://i0.hdslb.com/bfs/archive/a11d2fe91f98de969d84d93481c666bc65adbd4f.jpg
284,99%的人没见过这个非遗，可它正在消失,BV14A57zLEd1,114358101284195,摇铃啊摇铃儿,1330962869,人文历史,6:55,2025-04-18 17:10,2833317,123676,118188,4454,1189,"烟花,药发木偶,非遗,温州,寻找100位非遗手艺人,传统文化,寻找100位非遗手艺人 3.0,木偶戏",这是99%的人没听说过的非遗，温州泰顺的药发木偶。是火树银花的真实写照历时四个月，在失望与希望中反复挣扎，这次终于把周尔禄爷爷坚持了一生的热爱，带到了你的面前。因为这项非遗原料的特殊，一直在法律的文化传承的矛盾中挣扎，几度垂危，这期视频，中间有过很多次想放弃的时候，或许是因为我成为了他的第一位年轻“女徒弟”，或许因为这是我家乡的非遗，又或许只是因为它的传承人是周爷爷，这个历经种种磨难，依然在苦难中开出花的，理想主义老头！他真的太好啦87天的争取实在是漫长！可又怎么漫长得过周爷爷60多年，2万多天的坚持呢。,https://i2.hdslb.com/bfs/archive/f1dde5456c9361870e919747e4b14e1c10f212cc.jpg
285,老祖宗：不管了！好歹非遗传下来了！,BV1sjwez4ENA,116249463881838,料理小咪,18237423,颜值·网红舞,0:36,2026-03-18 17:29,13194,2076,651,122,67,"川剧摇,四时少女,火苗dj,葛仙村,古风","我们来葛仙村玩啦！好好玩！下次还来～
从左到右出境：
玉玲珑：小水泡汤
汉服：西海岸红杉
胡桃：料理小咪
大乔：十元酱少女",https://i2.hdslb.com/bfs/archive/59308324aa32767546f15be431472416fb28151a.jpg
286,手写代码的程序员成非遗了❓「古法编程」突然火了❗️,BV1UzwDz1E6w,116243071835663,智冷Shaw,480800563,计算机技术,0:51,2026-03-17 14:22,12243,121,75,86,64,"万万没想到,AI,人工智能,编程,程序员,学习,高能,科普,分享我的专业知识,代码",“古法编程”这个词一出来，我先笑了。以前程序员不用AI写代码叫基本操作，现在居然成了“古法手艺”。照这趋势下去，未来程序员怕不是要进博物馆现场表演纯手搓代码了。你觉得，不靠AI写代码的人，以后会不会真成“非遗传承人”？关注智冷Shaw，AI时代走前头！,https://i1.hdslb.com/bfs/archive/dedb798ce2c9122234b899598e2262af3e525da5.jpg
287,在你看到这期视频之前，它，没有观众,BV1Nw4m1k7Mk,1106345646,南翔,596842980,手工,6:6,2024-08-14 16:50,15767246,917337,442020,17326,7673,"一起做手工吧16.0 手工暑期大作战,非遗,打铁花,我的整活手工大赏,非遗传承,炭花舞,七江炭花舞,火壶",-,https://i0.hdslb.com/bfs/archive/c3cc26fc610220badb0b446469ca0ecf63577451.jpg
288,【非遗美学创业】每周工作一小时，每年躺平收入超七位数,BV1Hm421g7hX,1606157528,村姑欣陶,384402877,财经商业,42:49,2024-07-05 19:40,18723,905,830,59,34,"青年用「财」图鉴,共同富裕,投资,找工作,乡村振兴,非遗美学,创业,李子柒,融资,创业合伙人",作为斜杠财经博主，想做些差异化的内容，可以和大家共同富裕，比如好的合伙创业、商务合作和工作的机会。而且不是在项目极早期，充满高度不确定性的时候介绍给大家，希望是有数据支持的商业模式小DEMO已经跑通的时候，在项目充满生命力蓬勃发展的时候，介绍给大家。作为前投资人，未来也将继续做投资的创业财经博主，将以投资人的角度和创始人对话，探讨创业过程中的挑战和应对方案，希望想创业或者正在创业ing的朋友们有借鉴意义。如果有想和我一起录制视频的创业者，希望自己的项目让更多投资人、创业者、合作伙伴或者未来团队成员看到，欢,https://i0.hdslb.com/bfs/archive/f8cb19204ce43fe8528dd2d144d8ba0dc070a9ca.jpg
289,每周质量报告 | 央视曝光假非遗乱象,BV1Upf9BVEut,116009952416434,央视网,222103174,日常,18:18,2026-02-04 10:20,30411,1851,309,51,81,非遗,,https://i2.hdslb.com/bfs/archive/34738e7584707de16910fa86679013ae30a45b8a.jpg
290,非遗植物拓染｜锤出三千年前的中国色,BV1wh72z8EXt,114611957272674,陈二十,22309487,日常,3:45,2025-06-02 17:00,606312,9965,17638,82,104,"非遗,我的手工真的很解压,传统文化,手工,植物拓染",周末如果不想聚会跟人社交，那就试试跟大自然产生链接，动手做一副属于自己独一无二的作品吧~,https://i2.hdslb.com/bfs/archive/cdf4bc1202ff41f59c71c6274c7a043cdc2171d4.jpg
291,【全程高能】中国各地的非遗年俗能有多震撼？直接看呆了！,BV1XywNeNEd3,113849181145296,司空离,358807,人文历史,7:16,2025-01-18 20:12,2901923,43884,29288,621,338,"2025克穷暴富,民俗,英歌舞,传统文化,年俗,打铁花,非遗",-,https://i2.hdslb.com/bfs/archive/07a04911a2dadb3b495f1beb71f181169a64b619.jpg
292,为什么都以为排箫是国外乐器？&quot;非遗 &quot;传统文化 &quot;乐器 &quot;,BV1NRwezhEmx,116249379996802,非遗传统手艺哥,3632303318239519,田园美食,2:30,2026-03-18 17:09,1194,60,5,2,4,"制作,文化,寻找100位非遗手艺人,B站好片有奖种草,非物质文化遗产",-,https://i0.hdslb.com/bfs/archive/d15c455bdb33bbcad358aa0ddb7cd3f5b788fdca.jpg
293,陈都灵四次非遗旗袍变装,BV1i1ZiB6E3G,116097378426485,可爱又迷人旳反派,3493079277373656,明星综合,4:13,2026-02-19 20:55,9081,202,328,5,17,"陈都灵,表演,美女",-,https://i2.hdslb.com/bfs/archive/b8060f153a8c411e26e498e997adf6661f015e7e.jpg
294,外网热评：中国非遗文化传承《傩戏》外国网友：精准的动作和传统文化的传承，很精彩,BV1WyckzjEd5,116215473242189,轩宝看油管,387967038,日常,1:36,2026-03-12 17:24,1067,12,5,0,0,"传统文化,中国,外网热评,中国非遗,外国网友评论,外网评论,评论翻译,外国人看中国,文化传承,非物质文化遗产",,https://i1.hdslb.com/bfs/archive/734cc883611d5be6e1ef3823234a16f1f8c2d334.jpg
295,中国文化输出赢麻了！国风舞惊艳全场，街头“非遗喷火”看懵老外,BV14fXVYxEV6,114182427116994,下饭音乐,11173348,乐评盘点,5:45,2025-03-18 16:18,196063,3377,875,253,56,"非遗文化,中国舞,文化输出",,https://i1.hdslb.com/bfs/archive/233a03d3aafc688e7c5bc9fe392337f875fc58ef.jpg
296,挑战戏神非遗大片 今天拍的是“傩戏”！,BV1uLByBvELm,115791680838243,-小胡同学呀,262240557,穿搭,2:45,2025-12-27 21:18,1729264,38471,60664,1453,357,"传统文化,冷不丁化妆挑战,胡有姬,葛仙村,戏神,傩戏,非遗,江西,非物质文化遗产,挑战",-,https://i2.hdslb.com/bfs/archive/084a84aa9c8c5dc3386443cd5993a8e3f35b684d.jpg
297,外网看我国非遗文化变装转场！热评：文化自信在此刻具象化！ #非遗文化 #转场 #舞狮 #外国人看中国,BV1mWkzBtEho,115528446251640,星禾搞笑娱乐,1680121791,日常,1:36,2025-11-11 09:25,156077,2194,573,33,39,"中国风,制作,变装转场,B站辩论季！,歪果仁,传统文化,中国,文化",外网看我国非遗文化变装转场！热评：文化自信在此刻具象化！ #非遗文化 #转场 #舞狮 #外国人看中国,https://i0.hdslb.com/bfs/archive/2817e02809a8d3e33c7ece58178345d287ed3ea0.jpg
298,江寻千：把100种非遗，拍成文艺复兴名场面,BV1nvceznEoG,116055401826217,环球人物新媒体,30042311,运动文化,8:7,2026-02-19 09:00,7354,530,246,8,8,"传统文化,文化,中国,非遗",,https://i1.hdslb.com/bfs/archive/f83a1f00a4aa6149581d5a49c0a01bcf3a027dbd.jpg
299,《针尖上的非遗》纪录片作品,BV1DTwezYEgC,116247752675641,爱学习美女罢了,491748066,影视剪辑,12:40,2026-03-18 10:15,13,0,0,0,0,"纪录片,文化,艺术,非遗",,https://i0.hdslb.com/bfs/archive/8a5752778faa90c0c173dbc419191bacfa40b9ad.jpg
300,【纪录片】《中国手作》第一季 木作 第一集 榫卯智慧,BV1mk4y1c7M4,745848737,长安书院_,2147327022,人文历史,121:19,2023-09-09 17:26,166211,2479,12555,99,44,"历史,工匠,科普,人文,木作,榫卯,非遗,手作,纪录片,传统文化",如果觉得还不错，麻烦给个三连！谢谢~,https://i2.hdslb.com/bfs/archive/19f159e05c860021238a410bb02e3138deae4c61.png
301,外网热评：中国非遗！龙须面惊艳外网！一根面能拉千米，中华绝技太绝了,BV1WyckzjE38,116215473245756,轩宝看油管,387967038,日常,2:4,2026-03-12 17:24,2939,44,3,3,1,"外网热评,文化,中国,外国网友评论,外网评论,评论翻译,外国网友,外国人看中国,外网,娱乐资讯",,https://i1.hdslb.com/bfs/archive/017a6b927ce0726e3ae65bc65666be3e5caa1f74.jpg
302,中国非遗惊艳世界，视觉盛宴引全球热议,BV1UVwszqEVM,116225405359197,油管外网趣评,508321791,日常,1:41,2026-03-14 11:31,1256,28,1,0,0,"绘画,游戏,动作游戏",-,https://i2.hdslb.com/bfs/archive/d80dab66b5956ebc796846f4ef9075ea766ceac7.jpg
303,这才是真正的非遗技艺，场面真是太震撼了,BV1JkPazUEPj,116187304368951,戏曲郑三妹,1220115075,亲子,2:3,2026-03-07 18:01,101427,8889,617,61,87,"经典电影,文化,中国",-,https://i1.hdslb.com/bfs/archive/5f11d65146774879397f479c8c44252237b33bbb.jpg
304,湘西赶尸，改了这么久终于可以发出来了,BV1uemfYrE2h,113487044941023,江寻千,1895195099,人文历史,21:11,2024-11-15 21:07,7827394,424253,209687,17336,8434,"寻找非遗手艺人,未解之谜,赶尸,奇闻,湘西,传统文化,寻找100位非遗手艺人",,https://i1.hdslb.com/bfs/archive/b552ff7f0ddac41eab6a006b935ddc86504c0e8e.jpg
305,从1块泥巴到上亿天价！非遗汝瓷如何点土成“金”？,BV1rsjmzbEWd,114574342757495,影视飓风,946974,手工,12:5,2025-05-28 17:00,2948281,168993,39702,32794,3557,"碧蓝航线,汝瓷,4K,拍摄,匠人,制作,非遗,碧蓝航线8周年,非物质文化遗产",这些看似不起眼的泥巴和石头，经过巧妙的加工，竟然可能卖出上亿元的天价。作为瓷器的一种，为什么“它”这么值钱？这次我们和@碧蓝航线  一拍即合，前往河南汝州，想带你一起来看看这门传承了千年的中国手艺——汝瓷。如果你喜欢这期视频，请多多支持我们，并把视频分享给你的朋友们一起看看!,https://i0.hdslb.com/bfs/archive/de6649ac16c7c62fab9774d44b60a36965bf8592.jpg
306,【超燃】中国非遗超燃混剪,BV1a1keYbEF2,113695099261522,万川嘉心,1970823994,影视剪辑,5:25,2024-12-22 14:44,43569,522,935,1,71,"非遗文化分享官,非遗,传统文化,中国,人文历史档案馆2.0",-,https://i0.hdslb.com/bfs/archive/8ee2d7ef1efc6aa7d7727e5abbe06bb3a52eb859.jpg
307,开者即死，这四个字震慑了盗墓贼整整1400年,BV1W1ckz1EYk,116215389363710,江寻千,1895195099,手工,7:22,2026-03-12 17:11,1689695,71812,35515,702,773,"文化,闹蛾扑花钗,寻找100位非遗手艺人,非遗,花丝镶嵌,手工艺",,https://i2.hdslb.com/bfs/archive/2bdc919399b36b6c49fcc199af199f86ff1e8252.jpg
308,这个杯子浑身是孔，却滴水不漏,BV1jm84zcExE,114919047503711,江寻千,1895195099,影视剪辑,8:57,2025-07-26 18:28,8061674,297315,157059,4390,3837,"瓷器,传统文化,陶瓷,玲珑瓷,手工,非遗,寻找100位非遗手艺人",,https://i1.hdslb.com/bfs/archive/d3717a4ab06941d7e11769fe1a7e10133677d782.jpg
309,笑不中了！贾旭明老师号都没了，圆桌也没整清楚，又跑到非遗相声大会说相声了哈哈哈哈哈哈，网友：“相声这个行业危险系数这么高吗”哈哈哈哈或许是贾老师危险系数高？,BV1K8NMzYEmj,116192387795647,又一次嗑到了,3546939108886611,娱乐粉丝创作,22:12,2026-03-08 15:37,163502,3921,1214,998,330,"相声,爆笑,搞笑,贾局,段子,贾旭明,讽刺,小品,最新",-,https://i0.hdslb.com/bfs/archive/23c1efe6437884d6ea193d2b052293322e74de66.jpg
310,"贾旭明郑健相声《贾诗人》高清字幕版,贾旭明非遗相声春晚作品，搞笑不断！",BV1yBPoztEG3,116201934098540,相声茶馆,25375697,搞笑,22:12,2026-03-10 11:05,12543,150,72,19,16,"非遗相声,贾旭明相声,郑健,搞笑相声,非遗,相声小品,贾旭明,相声,春晚,搞笑","贾旭明郑健相声《贾诗人》高清字幕版,贾旭明非遗相声春晚作品，搞笑不断！",https://i1.hdslb.com/bfs/archive/32b9839ce3dd1a1fac4cbb5be6083dddea99bffa.jpg
311,【央视】综合频道CCTV-1《非遗里的中国》（第一季）,BV1AN411M7VY,493763285,八神逸枫,10289419,综艺,1086:50,2023-11-25 18:26,333808,3674,14406,1972,114,"非遗,人文,文化","https://tv.cctv.com/2022/12/30/VIDAIxSnFuJtsqzH4HZK9Yc4221230.shtml
《非遗里的中国》通过非遗创新秀演、沉浸体验、还原绝技等全新的方式来打开非遗，多维度呈现非遗的创新成果、历史底蕴、中国智慧、东方美学。节目展现非遗在新时代迸发出的焕新力量，呈现非遗时光流变中的一脉相承与继往开来。",https://i0.hdslb.com/bfs/archive/8268536bcc5c0b6c21c2dc540a25c7aad0559223.png
312,东巴纸,BV1ozw4ztEqm,116228106551729,归乡人山白,3494349557992101,手工,8:10,2026-03-14 23:02,677325,98025,9908,1849,1113,"寻找100位非遗手艺人,东巴纸,纳西族,手工纸,手工艺,手工,原创",纸寿千年，纳西族手工造纸。,https://i1.hdslb.com/bfs/archive/62ed064b30e48ab8740683535ec2a4640da5791a.jpg
313,中国的42项世界非遗项目 你都知道吗？,BV1NK411G7rv,500654333,中新视频,104092224,社会,4:38,2020-12-19 15:11,28939,680,801,21,38,"世界非遗项目,中国",12月17日晚，中国单独申报的“太极拳”、与马来西亚联合申报的“送王船——有关人与海洋可持续联系的仪式及相关实践”两个项目，经联合国教科文组织保护非物质文化遗产政府间委员会评审通过，列入联合国教科文组织人类非物质文化遗产代表作名录。那么，你知道中国的世界非物质文化遗产项目有多少个？有哪些？快跟我一起增长知识吧！,https://i2.hdslb.com/bfs/archive/f2e9d4d1134718bada898f5f9cce68245e4c7592.jpg
314,【大学生纪录短片/非遗/剪纸/原创】纸下的时间旅行者【高清1080P】万物理论拯救传统文化,BV1xs411y7CG,5301655,暗海见雪生,25005818,小剧场,15:39,2016-07-12 14:20,390083,7508,12177,347,198,"传统文化,传承,纪录片,冯骥才,万物理论",以乡村七十多岁民间剪纸艺人几十年扎根于民间文化为起点，伴随着生活在城市却致力于剪纸的保护与创新的艺术家郭梅花的故事进行交叉叙事，串起剪纸的历史与发展，民俗与文化。,https://i1.hdslb.com/bfs/archive/36284d6e91d13a830b61de8ac73cc367a4f1f2d7.jpg
315,非遗群像MVP结算画面,BV1JwWyzPE74,115387786207195,Locus建鹏,448415359,运动综合,0:33,2025-10-17 13:15,3426803,947394,222098,100260,8884,"逆水寒手游,逆水寒非遗计划,逆水寒次元破壁",-,https://i2.hdslb.com/bfs/archive/b1acff3579f22a0752d4961c7d319667c1866b16.jpg
316,谁还不是个rapper！一首歌串起中国43项世界级非遗,BV1FV4y1y78y,870118526,央视新闻,456664753,人文历史,3:13,2023-06-22 09:56,353155,46508,9405,272,783,"非遗,说唱",目前，中国43个项目列入联合国教科文组织，非物质文化遗产名录、名册数量居世界第一。端午节到来之际，央视新闻推出原创音乐MV《非常·非遗》，用一首歌曲串联起这43项世界级非遗项目，以音乐和视觉符号呈现中国式浪漫，彰显古老东方的历史文明之美。,https://i0.hdslb.com/bfs/archive/4b2558b64cc8011d043597b24c184eb78ec51587.jpg
317,网红想火想疯了？魔改中国非遗“黄梅戏”，惨遭央视发文“怒”批,BV1oq4y1N7ug,547995107,下饭音乐,11173348,乐评盘点,4:29,2021-09-14 17:10,3642675,192762,15640,47189,12344,"音乐分享官,乐评盘点,周杰伦,小姐姐,漫步人生路,青花瓷,网红翻唱,粤语歌,黄梅戏",要说现在刷手机，新歌没几首，老歌倒是不断被 魔改翻唱~甚至为了流量，网红们跟风拍摄 根本不管歌曲内容~今天饭饭 就带来的几首 被网红玩“变味”的歌，坚持听完的 可都是我的死忠粉呐,https://i2.hdslb.com/bfs/archive/65a0a945e8e351ea4548859398048a400a3bc155.jpg
318,鬼步、僵尸摔、滚灯……科普19种技惊四座的非遗绝技,BV1kXpWzyE6u,115217564570288,全球顶尖投影,3546744608524364,出行,2:45,2025-09-17 11:45,423693,37473,8866,256,555,"绝技,人文历史档案馆,传统文化,变脸,杂技,戏曲,鬼步,非遗,科普,京剧",,https://i1.hdslb.com/bfs/archive/c60f3ec3e64997d87ead2e58699a3eb49cb40e99.jpg
319,以朱为信，以泥承魂，印泥，中华文房瑰宝,BV1VanmzbEbt,115293598781324,I彭传明,589188442,手工,22:26,2025-09-30 22:15,335678,28987,2825,1570,500,"中国,原创,文化",-,https://i2.hdslb.com/bfs/archive/9f1331aecca0077f75a416b03dd6219d90c378e5.jpg
320,这不是迷信，这是中国傩戏。,BV1Xf421v74t,1206450288,唱饭的王小潮,1107899745,人文历史,2:45,2024-08-10 09:58,4003238,421831,190004,3655,4475,"非遗文化,文化,正能量,寻找非遗文化,行走的人文,中国",-,https://i1.hdslb.com/bfs/archive/49daebd4631fa0c00276d9350417f86fbd6af584.jpg
321,【《浮光》遇到中国非遗】中国的43个世界级非遗，你知道几个？,BV1L1421275U,1555202564,非遗正年轻,156651846,人文历史,4:21,2024-05-27 21:37,70621,1491,2589,17,61,"浮光,周深,世界级非遗,中国,传统文化,历史,非遗,文化",-,https://i0.hdslb.com/bfs/archive/a11d2fe91f98de969d84d93481c666bc65adbd4f.jpg
322,99%的人没见过这个非遗，可它正在消失,BV14A57zLEd1,114358101284195,摇铃啊摇铃儿,1330962869,人文历史,6:55,2025-04-18 17:10,2833317,123676,118188,4454,1189,"烟花,药发木偶,非遗,温州,寻找100位非遗手艺人,传统文化,寻找100位非遗手艺人 3.0,木偶戏",这是99%的人没听说过的非遗，温州泰顺的药发木偶。是火树银花的真实写照历时四个月，在失望与希望中反复挣扎，这次终于把周尔禄爷爷坚持了一生的热爱，带到了你的面前。因为这项非遗原料的特殊，一直在法律的文化传承的矛盾中挣扎，几度垂危，这期视频，中间有过很多次想放弃的时候，或许是因为我成为了他的第一位年轻“女徒弟”，或许因为这是我家乡的非遗，又或许只是因为它的传承人是周爷爷，这个历经种种磨难，依然在苦难中开出花的，理想主义老头！他真的太好啦87天的争取实在是漫长！可又怎么漫长得过周爷爷60多年，2万多天的坚持呢。,https://i2.hdslb.com/bfs/archive/f1dde5456c9361870e919747e4b14e1c10f212cc.jpg
323,老祖宗：不管了！好歹非遗传下来了！,BV1sjwez4ENA,116249463881838,料理小咪,18237423,颜值·网红舞,0:36,2026-03-18 17:29,13194,2076,651,122,67,"川剧摇,四时少女,火苗dj,葛仙村,古风","我们来葛仙村玩啦！好好玩！下次还来～
从左到右出境：
玉玲珑：小水泡汤
汉服：西海岸红杉
胡桃：料理小咪
大乔：十元酱少女",https://i2.hdslb.com/bfs/archive/59308324aa32767546f15be431472416fb28151a.jpg
324,手写代码的程序员成非遗了❓「古法编程」突然火了❗️,BV1UzwDz1E6w,116243071835663,智冷Shaw,480800563,计算机技术,0:51,2026-03-17 14:22,12243,121,75,86,64,"万万没想到,AI,人工智能,编程,程序员,学习,高能,科普,分享我的专业知识,代码",“古法编程”这个词一出来，我先笑了。以前程序员不用AI写代码叫基本操作，现在居然成了“古法手艺”。照这趋势下去，未来程序员怕不是要进博物馆现场表演纯手搓代码了。你觉得，不靠AI写代码的人，以后会不会真成“非遗传承人”？关注智冷Shaw，AI时代走前头！,https://i1.hdslb.com/bfs/archive/dedb798ce2c9122234b899598e2262af3e525da5.jpg
325,在你看到这期视频之前，它，没有观众,BV1Nw4m1k7Mk,1106345646,南翔,596842980,手工,6:6,2024-08-14 16:50,15767246,917337,442020,17326,7673,"一起做手工吧16.0 手工暑期大作战,非遗,打铁花,我的整活手工大赏,非遗传承,炭花舞,七江炭花舞,火壶",-,https://i0.hdslb.com/bfs/archive/c3cc26fc610220badb0b446469ca0ecf63577451.jpg
326,【非遗美学创业】每周工作一小时，每年躺平收入超七位数,BV1Hm421g7hX,1606157528,村姑欣陶,384402877,财经商业,42:49,2024-07-05 19:40,18723,905,830,59,34,"青年用「财」图鉴,共同富裕,投资,找工作,乡村振兴,非遗美学,创业,李子柒,融资,创业合伙人",作为斜杠财经博主，想做些差异化的内容，可以和大家共同富裕，比如好的合伙创业、商务合作和工作的机会。而且不是在项目极早期，充满高度不确定性的时候介绍给大家，希望是有数据支持的商业模式小DEMO已经跑通的时候，在项目充满生命力蓬勃发展的时候，介绍给大家。作为前投资人，未来也将继续做投资的创业财经博主，将以投资人的角度和创始人对话，探讨创业过程中的挑战和应对方案，希望想创业或者正在创业ing的朋友们有借鉴意义。如果有想和我一起录制视频的创业者，希望自己的项目让更多投资人、创业者、合作伙伴或者未来团队成员看到，欢,https://i0.hdslb.com/bfs/archive/f8cb19204ce43fe8528dd2d144d8ba0dc070a9ca.jpg
327,每周质量报告 | 央视曝光假非遗乱象,BV1Upf9BVEut,116009952416434,央视网,222103174,日常,18:18,2026-02-04 10:20,30411,1851,309,51,81,非遗,,https://i2.hdslb.com/bfs/archive/34738e7584707de16910fa86679013ae30a45b8a.jpg
328,非遗植物拓染｜锤出三千年前的中国色,BV1wh72z8EXt,114611957272674,陈二十,22309487,日常,3:45,2025-06-02 17:00,606312,9965,17638,82,104,"非遗,我的手工真的很解压,传统文化,手工,植物拓染",周末如果不想聚会跟人社交，那就试试跟大自然产生链接，动手做一副属于自己独一无二的作品吧~,https://i2.hdslb.com/bfs/archive/cdf4bc1202ff41f59c71c6274c7a043cdc2171d4.jpg
329,【全程高能】中国各地的非遗年俗能有多震撼？直接看呆了！,BV1XywNeNEd3,113849181145296,司空离,358807,人文历史,7:16,2025-01-18 20:12,2901923,43884,29288,621,338,"2025克穷暴富,民俗,英歌舞,传统文化,年俗,打铁花,非遗",-,https://i2.hdslb.com/bfs/archive/07a04911a2dadb3b495f1beb71f181169a64b619.jpg
330,为什么都以为排箫是国外乐器？&quot;非遗 &quot;传统文化 &quot;乐器 &quot;,BV1NRwezhEmx,116249379996802,非遗传统手艺哥,3632303318239519,田园美食,2:30,2026-03-18 17:09,1194,60,5,2,4,"制作,文化,寻找100位非遗手艺人,B站好片有奖种草,非物质文化遗产",-,https://i0.hdslb.com/bfs/archive/d15c455bdb33bbcad358aa0ddb7cd3f5b788fdca.jpg
331,陈都灵四次非遗旗袍变装,BV1i1ZiB6E3G,116097378426485,可爱又迷人旳反派,3493079277373656,明星综合,4:13,2026-02-19 20:55,9081,202,328,5,17,"陈都灵,表演,美女",-,https://i2.hdslb.com/bfs/archive/b8060f153a8c411e26e498e997adf6661f015e7e.jpg
332,外网热评：中国非遗文化传承《傩戏》外国网友：精准的动作和传统文化的传承，很精彩,BV1WyckzjEd5,116215473242189,轩宝看油管,387967038,日常,1:36,2026-03-12 17:24,1067,12,5,0,0,"传统文化,中国,外网热评,中国非遗,外国网友评论,外网评论,评论翻译,外国人看中国,文化传承,非物质文化遗产",,https://i1.hdslb.com/bfs/archive/734cc883611d5be6e1ef3823234a16f1f8c2d334.jpg
333,中国文化输出赢麻了！国风舞惊艳全场，街头“非遗喷火”看懵老外,BV14fXVYxEV6,114182427116994,下饭音乐,11173348,乐评盘点,5:45,2025-03-18 16:18,196063,3377,875,253,56,"非遗文化,中国舞,文化输出",,https://i1.hdslb.com/bfs/archive/233a03d3aafc688e7c5bc9fe392337f875fc58ef.jpg
334,挑战戏神非遗大片 今天拍的是“傩戏”！,BV1uLByBvELm,115791680838243,-小胡同学呀,262240557,穿搭,2:45,2025-12-27 21:18,1729264,38471,60664,1453,357,"传统文化,冷不丁化妆挑战,胡有姬,葛仙村,戏神,傩戏,非遗,江西,非物质文化遗产,挑战",-,https://i2.hdslb.com/bfs/archive/084a84aa9c8c5dc3386443cd5993a8e3f35b684d.jpg
335,外网看我国非遗文化变装转场！热评：文化自信在此刻具象化！ #非遗文化 #转场 #舞狮 #外国人看中国,BV1mWkzBtEho,115528446251640,星禾搞笑娱乐,1680121791,日常,1:36,2025-11-11 09:25,156077,2194,573,33,39,"中国风,制作,变装转场,B站辩论季！,歪果仁,传统文化,中国,文化",外网看我国非遗文化变装转场！热评：文化自信在此刻具象化！ #非遗文化 #转场 #舞狮 #外国人看中国,https://i0.hdslb.com/bfs/archive/2817e02809a8d3e33c7ece58178345d287ed3ea0.jpg
336,江寻千：把100种非遗，拍成文艺复兴名场面,BV1nvceznEoG,116055401826217,环球人物新媒体,30042311,运动文化,8:7,2026-02-19 09:00,7354,530,246,8,8,"传统文化,文化,中国,非遗",,https://i1.hdslb.com/bfs/archive/f83a1f00a4aa6149581d5a49c0a01bcf3a027dbd.jpg
337,《针尖上的非遗》纪录片作品,BV1DTwezYEgC,116247752675641,爱学习美女罢了,491748066,影视剪辑,12:40,2026-03-18 10:15,13,0,0,0,0,"纪录片,文化,艺术,非遗",,https://i0.hdslb.com/bfs/archive/8a5752778faa90c0c173dbc419191bacfa40b9ad.jpg
338,【纪录片】《中国手作》第一季 木作 第一集 榫卯智慧,BV1mk4y1c7M4,745848737,长安书院_,2147327022,人文历史,121:19,2023-09-09 17:26,166211,2479,12555,99,44,"历史,工匠,科普,人文,木作,榫卯,非遗,手作,纪录片,传统文化",如果觉得还不错，麻烦给个三连！谢谢~,https://i2.hdslb.com/bfs/archive/19f159e05c860021238a410bb02e3138deae4c61.png
339,外网热评：中国非遗！龙须面惊艳外网！一根面能拉千米，中华绝技太绝了,BV1WyckzjE38,116215473245756,轩宝看油管,387967038,日常,2:4,2026-03-12 17:24,2939,44,3,3,1,"外网热评,文化,中国,外国网友评论,外网评论,评论翻译,外国网友,外国人看中国,外网,娱乐资讯",,https://i1.hdslb.com/bfs/archive/017a6b927ce0726e3ae65bc65666be3e5caa1f74.jpg
340,中国非遗惊艳世界，视觉盛宴引全球热议,BV1UVwszqEVM,116225405359197,油管外网趣评,508321791,日常,1:41,2026-03-14 11:31,1256,28,1,0,0,"绘画,游戏,动作游戏",-,https://i2.hdslb.com/bfs/archive/d80dab66b5956ebc796846f4ef9075ea766ceac7.jpg
341,这才是真正的非遗技艺，场面真是太震撼了,BV1JkPazUEPj,116187304368951,戏曲郑三妹,1220115075,亲子,2:3,2026-03-07 18:01,101427,8889,617,61,87,"经典电影,文化,中国",-,https://i1.hdslb.com/bfs/archive/5f11d65146774879397f479c8c44252237b33bbb.jpg
342,湘西赶尸，改了这么久终于可以发出来了,BV1uemfYrE2h,113487044941023,江寻千,1895195099,人文历史,21:11,2024-11-15 21:07,7827394,424253,209687,17336,8434,"寻找非遗手艺人,未解之谜,赶尸,奇闻,湘西,传统文化,寻找100位非遗手艺人",,https://i1.hdslb.com/bfs/archive/b552ff7f0ddac41eab6a006b935ddc86504c0e8e.jpg
343,从1块泥巴到上亿天价！非遗汝瓷如何点土成“金”？,BV1rsjmzbEWd,114574342757495,影视飓风,946974,手工,12:5,2025-05-28 17:00,2948281,168993,39702,32794,3557,"碧蓝航线,汝瓷,4K,拍摄,匠人,制作,非遗,碧蓝航线8周年,非物质文化遗产",这些看似不起眼的泥巴和石头，经过巧妙的加工，竟然可能卖出上亿元的天价。作为瓷器的一种，为什么“它”这么值钱？这次我们和@碧蓝航线  一拍即合，前往河南汝州，想带你一起来看看这门传承了千年的中国手艺——汝瓷。如果你喜欢这期视频，请多多支持我们，并把视频分享给你的朋友们一起看看!,https://i0.hdslb.com/bfs/archive/de6649ac16c7c62fab9774d44b60a36965bf8592.jpg
344,【超燃】中国非遗超燃混剪,BV1a1keYbEF2,113695099261522,万川嘉心,1970823994,影视剪辑,5:25,2024-12-22 14:44,43569,522,935,1,71,"非遗文化分享官,非遗,传统文化,中国,人文历史档案馆2.0",-,https://i0.hdslb.com/bfs/archive/8ee2d7ef1efc6aa7d7727e5abbe06bb3a52eb859.jpg
345,开者即死，这四个字震慑了盗墓贼整整1400年,BV1W1ckz1EYk,116215389363710,江寻千,1895195099,手工,7:22,2026-03-12 17:11,1689695,71812,35515,702,773,"文化,闹蛾扑花钗,寻找100位非遗手艺人,非遗,花丝镶嵌,手工艺",,https://i2.hdslb.com/bfs/archive/2bdc919399b36b6c49fcc199af199f86ff1e8252.jpg
346,这个杯子浑身是孔，却滴水不漏,BV1jm84zcExE,114919047503711,江寻千,1895195099,影视剪辑,8:57,2025-07-26 18:28,8061674,297315,157059,4390,3837,"瓷器,传统文化,陶瓷,玲珑瓷,手工,非遗,寻找100位非遗手艺人",,https://i1.hdslb.com/bfs/archive/d3717a4ab06941d7e11769fe1a7e10133677d782.jpg
347,笑不中了！贾旭明老师号都没了，圆桌也没整清楚，又跑到非遗相声大会说相声了哈哈哈哈哈哈，网友：“相声这个行业危险系数这么高吗”哈哈哈哈或许是贾老师危险系数高？,BV1K8NMzYEmj,116192387795647,又一次嗑到了,3546939108886611,娱乐粉丝创作,22:12,2026-03-08 15:37,163502,3921,1214,998,330,"相声,爆笑,搞笑,贾局,段子,贾旭明,讽刺,小品,最新",-,https://i0.hdslb.com/bfs/archive/23c1efe6437884d6ea193d2b052293322e74de66.jpg
348,"贾旭明郑健相声《贾诗人》高清字幕版,贾旭明非遗相声春晚作品，搞笑不断！",BV1yBPoztEG3,116201934098540,相声茶馆,25375697,搞笑,22:12,2026-03-10 11:05,12543,150,72,19,16,"非遗相声,贾旭明相声,郑健,搞笑相声,非遗,相声小品,贾旭明,相声,春晚,搞笑","贾旭明郑健相声《贾诗人》高清字幕版,贾旭明非遗相声春晚作品，搞笑不断！",https://i1.hdslb.com/bfs/archive/32b9839ce3dd1a1fac4cbb5be6083dddea99bffa.jpg
349,【央视】综合频道CCTV-1《非遗里的中国》（第一季）,BV1AN411M7VY,493763285,八神逸枫,10289419,综艺,1086:50,2023-11-25 18:26,333808,3674,14406,1972,114,"非遗,人文,文化","https://tv.cctv.com/2022/12/30/VIDAIxSnFuJtsqzH4HZK9Yc4221230.shtml
《非遗里的中国》通过非遗创新秀演、沉浸体验、还原绝技等全新的方式来打开非遗，多维度呈现非遗的创新成果、历史底蕴、中国智慧、东方美学。节目展现非遗在新时代迸发出的焕新力量，呈现非遗时光流变中的一脉相承与继往开来。",https://i0.hdslb.com/bfs/archive/8268536bcc5c0b6c21c2dc540a25c7aad0559223.png
350,东巴纸,BV1ozw4ztEqm,116228106551729,归乡人山白,3494349557992101,手工,8:10,2026-03-14 23:02,677325,98025,9908,1849,1113,"寻找100位非遗手艺人,东巴纸,纳西族,手工纸,手工艺,手工,原创",纸寿千年，纳西族手工造纸。,https://i1.hdslb.com/bfs/archive/62ed064b30e48ab8740683535ec2a4640da5791a.jpg
351,中国的42项世界非遗项目 你都知道吗？,BV1NK411G7rv,500654333,中新视频,104092224,社会,4:38,2020-12-19 15:11,28939,680,801,21,38,"世界非遗项目,中国",12月17日晚，中国单独申报的“太极拳”、与马来西亚联合申报的“送王船——有关人与海洋可持续联系的仪式及相关实践”两个项目，经联合国教科文组织保护非物质文化遗产政府间委员会评审通过，列入联合国教科文组织人类非物质文化遗产代表作名录。那么，你知道中国的世界非物质文化遗产项目有多少个？有哪些？快跟我一起增长知识吧！,https://i2.hdslb.com/bfs/archive/f2e9d4d1134718bada898f5f9cce68245e4c7592.jpg
352,【大学生纪录短片/非遗/剪纸/原创】纸下的时间旅行者【高清1080P】万物理论拯救传统文化,BV1xs411y7CG,5301655,暗海见雪生,25005818,小剧场,15:39,2016-07-12 14:20,390083,7508,12177,347,198,"传统文化,传承,纪录片,冯骥才,万物理论",以乡村七十多岁民间剪纸艺人几十年扎根于民间文化为起点，伴随着生活在城市却致力于剪纸的保护与创新的艺术家郭梅花的故事进行交叉叙事，串起剪纸的历史与发展，民俗与文化。,https://i1.hdslb.com/bfs/archive/36284d6e91d13a830b61de8ac73cc367a4f1f2d7.jpg
353,非遗群像MVP结算画面,BV1JwWyzPE74,115387786207195,Locus建鹏,448415359,运动综合,0:33,2025-10-17 13:15,3426803,947394,222098,100260,8884,"逆水寒手游,逆水寒非遗计划,逆水寒次元破壁",-,https://i2.hdslb.com/bfs/archive/b1acff3579f22a0752d4961c7d319667c1866b16.jpg
354,谁还不是个rapper！一首歌串起中国43项世界级非遗,BV1FV4y1y78y,870118526,央视新闻,456664753,人文历史,3:13,2023-06-22 09:56,353155,46508,9405,272,783,"非遗,说唱",目前，中国43个项目列入联合国教科文组织，非物质文化遗产名录、名册数量居世界第一。端午节到来之际，央视新闻推出原创音乐MV《非常·非遗》，用一首歌曲串联起这43项世界级非遗项目，以音乐和视觉符号呈现中国式浪漫，彰显古老东方的历史文明之美。,https://i0.hdslb.com/bfs/archive/4b2558b64cc8011d043597b24c184eb78ec51587.jpg
355,网红想火想疯了？魔改中国非遗“黄梅戏”，惨遭央视发文“怒”批,BV1oq4y1N7ug,547995107,下饭音乐,11173348,乐评盘点,4:29,2021-09-14 17:10,3642675,192762,15640,47189,12344,"音乐分享官,乐评盘点,周杰伦,小姐姐,漫步人生路,青花瓷,网红翻唱,粤语歌,黄梅戏",要说现在刷手机，新歌没几首，老歌倒是不断被 魔改翻唱~甚至为了流量，网红们跟风拍摄 根本不管歌曲内容~今天饭饭 就带来的几首 被网红玩“变味”的歌，坚持听完的 可都是我的死忠粉呐,https://i2.hdslb.com/bfs/archive/65a0a945e8e351ea4548859398048a400a3bc155.jpg
356,鬼步、僵尸摔、滚灯……科普19种技惊四座的非遗绝技,BV1kXpWzyE6u,115217564570288,全球顶尖投影,3546744608524364,出行,2:45,2025-09-17 11:45,423693,37473,8866,256,555,"绝技,人文历史档案馆,传统文化,变脸,杂技,戏曲,鬼步,非遗,科普,京剧",,https://i1.hdslb.com/bfs/archive/c60f3ec3e64997d87ead2e58699a3eb49cb40e99.jpg
357,以朱为信，以泥承魂，印泥，中华文房瑰宝,BV1VanmzbEbt,115293598781324,I彭传明,589188442,手工,22:26,2025-09-30 22:15,335678,28987,2825,1570,500,"中国,原创,文化",-,https://i2.hdslb.com/bfs/archive/9f1331aecca0077f75a416b03dd6219d90c378e5.jpg
358,这不是迷信，这是中国傩戏。,BV1Xf421v74t,1206450288,唱饭的王小潮,1107899745,人文历史,2:45,2024-08-10 09:58,4003238,421831,190004,3655,4475,"非遗文化,文化,正能量,寻找非遗文化,行走的人文,中国",-,https://i1.hdslb.com/bfs/archive/49daebd4631fa0c00276d9350417f86fbd6af584.jpg
359,【《浮光》遇到中国非遗】中国的43个世界级非遗，你知道几个？,BV1L1421275U,1555202564,非遗正年轻,156651846,人文历史,4:21,2024-05-27 21:37,70621,1491,2589,17,61,"浮光,周深,世界级非遗,中国,传统文化,历史,非遗,文化",-,https://i0.hdslb.com/bfs/archive/a11d2fe91f98de969d84d93481c666bc65adbd4f.jpg
360,老祖宗：不管了！好歹非遗传下来了！,BV1sjwez4ENA,116249463881838,料理小咪,18237423,颜值·网红舞,0:36,2026-03-18 17:29,13194,2076,651,122,67,"川剧摇,四时少女,火苗dj,葛仙村,古风","我们来葛仙村玩啦！好好玩！下次还来～
从左到右出境：
玉玲珑：小水泡汤
汉服：西海岸红杉
胡桃：料理小咪
大乔：十元酱少女",https://i2.hdslb.com/bfs/archive/59308324aa32767546f15be431472416fb28151a.jpg
361,手写代码的程序员成非遗了❓「古法编程」突然火了❗️,BV1UzwDz1E6w,116243071835663,智冷Shaw,480800563,计算机技术,0:51,2026-03-17 14:22,12243,121,75,86,64,"万万没想到,AI,人工智能,编程,程序员,学习,高能,科普,分享我的专业知识,代码",“古法编程”这个词一出来，我先笑了。以前程序员不用AI写代码叫基本操作，现在居然成了“古法手艺”。照这趋势下去，未来程序员怕不是要进博物馆现场表演纯手搓代码了。你觉得，不靠AI写代码的人，以后会不会真成“非遗传承人”？关注智冷Shaw，AI时代走前头！,https://i1.hdslb.com/bfs/archive/dedb798ce2c9122234b899598e2262af3e525da5.jpg
362,99%的人没见过这个非遗，可它正在消失,BV14A57zLEd1,114358101284195,摇铃啊摇铃儿,1330962869,人文历史,6:55,2025-04-18 17:10,2833317,123676,118188,4454,1189,"烟花,药发木偶,非遗,温州,寻找100位非遗手艺人,传统文化,寻找100位非遗手艺人 3.0,木偶戏",这是99%的人没听说过的非遗，温州泰顺的药发木偶。是火树银花的真实写照历时四个月，在失望与希望中反复挣扎，这次终于把周尔禄爷爷坚持了一生的热爱，带到了你的面前。因为这项非遗原料的特殊，一直在法律的文化传承的矛盾中挣扎，几度垂危，这期视频，中间有过很多次想放弃的时候，或许是因为我成为了他的第一位年轻“女徒弟”，或许因为这是我家乡的非遗，又或许只是因为它的传承人是周爷爷，这个历经种种磨难，依然在苦难中开出花的，理想主义老头！他真的太好啦87天的争取实在是漫长！可又怎么漫长得过周爷爷60多年，2万多天的坚持呢。,https://i2.hdslb.com/bfs/archive/f1dde5456c9361870e919747e4b14e1c10f212cc.jpg
363,在你看到这期视频之前，它，没有观众,BV1Nw4m1k7Mk,1106345646,南翔,596842980,手工,6:6,2024-08-14 16:50,15767246,917337,442020,17326,7673,"一起做手工吧16.0 手工暑期大作战,非遗,打铁花,我的整活手工大赏,非遗传承,炭花舞,七江炭花舞,火壶",-,https://i0.hdslb.com/bfs/archive/c3cc26fc610220badb0b446469ca0ecf63577451.jpg
364,【非遗美学创业】每周工作一小时，每年躺平收入超七位数,BV1Hm421g7hX,1606157528,村姑欣陶,384402877,财经商业,42:49,2024-07-05 19:40,18723,905,830,59,34,"青年用「财」图鉴,共同富裕,投资,找工作,乡村振兴,非遗美学,创业,李子柒,融资,创业合伙人",作为斜杠财经博主，想做些差异化的内容，可以和大家共同富裕，比如好的合伙创业、商务合作和工作的机会。而且不是在项目极早期，充满高度不确定性的时候介绍给大家，希望是有数据支持的商业模式小DEMO已经跑通的时候，在项目充满生命力蓬勃发展的时候，介绍给大家。作为前投资人，未来也将继续做投资的创业财经博主，将以投资人的角度和创始人对话，探讨创业过程中的挑战和应对方案，希望想创业或者正在创业ing的朋友们有借鉴意义。如果有想和我一起录制视频的创业者，希望自己的项目让更多投资人、创业者、合作伙伴或者未来团队成员看到，欢,https://i0.hdslb.com/bfs/archive/f8cb19204ce43fe8528dd2d144d8ba0dc070a9ca.jpg
365,每周质量报告 | 央视曝光假非遗乱象,BV1Upf9BVEut,116009952416434,央视网,222103174,日常,18:18,2026-02-04 10:20,30411,1851,309,51,81,非遗,,https://i2.hdslb.com/bfs/archive/34738e7584707de16910fa86679013ae30a45b8a.jpg
366,非遗植物拓染｜锤出三千年前的中国色,BV1wh72z8EXt,114611957272674,陈二十,22309487,日常,3:45,2025-06-02 17:00,606312,9965,17638,82,104,"非遗,我的手工真的很解压,传统文化,手工,植物拓染",周末如果不想聚会跟人社交，那就试试跟大自然产生链接，动手做一副属于自己独一无二的作品吧~,https://i2.hdslb.com/bfs/archive/cdf4bc1202ff41f59c71c6274c7a043cdc2171d4.jpg
367,【全程高能】中国各地的非遗年俗能有多震撼？直接看呆了！,BV1XywNeNEd3,113849181145296,司空离,358807,人文历史,7:16,2025-01-18 20:12,2901923,43884,29288,621,338,"2025克穷暴富,民俗,英歌舞,传统文化,年俗,打铁花,非遗",-,https://i2.hdslb.com/bfs/archive/07a04911a2dadb3b495f1beb71f181169a64b619.jpg
368,为什么都以为排箫是国外乐器？&quot;非遗 &quot;传统文化 &quot;乐器 &quot;,BV1NRwezhEmx,116249379996802,非遗传统手艺哥,3632303318239519,田园美食,2:30,2026-03-18 17:09,1194,60,5,2,4,"制作,文化,寻找100位非遗手艺人,B站好片有奖种草,非物质文化遗产",-,https://i0.hdslb.com/bfs/archive/d15c455bdb33bbcad358aa0ddb7cd3f5b788fdca.jpg
369,陈都灵四次非遗旗袍变装,BV1i1ZiB6E3G,116097378426485,可爱又迷人旳反派,3493079277373656,明星综合,4:13,2026-02-19 20:55,9081,202,328,5,17,"陈都灵,表演,美女",-,https://i2.hdslb.com/bfs/archive/b8060f153a8c411e26e498e997adf6661f015e7e.jpg
370,外网热评：中国非遗文化传承《傩戏》外国网友：精准的动作和传统文化的传承，很精彩,BV1WyckzjEd5,116215473242189,轩宝看油管,387967038,日常,1:36,2026-03-12 17:24,1067,12,5,0,0,"传统文化,中国,外网热评,中国非遗,外国网友评论,外网评论,评论翻译,外国人看中国,文化传承,非物质文化遗产",,https://i1.hdslb.com/bfs/archive/734cc883611d5be6e1ef3823234a16f1f8c2d334.jpg
371,中国文化输出赢麻了！国风舞惊艳全场，街头“非遗喷火”看懵老外,BV14fXVYxEV6,114182427116994,下饭音乐,11173348,乐评盘点,5:45,2025-03-18 16:18,196063,3377,875,253,56,"非遗文化,中国舞,文化输出",,https://i1.hdslb.com/bfs/archive/233a03d3aafc688e7c5bc9fe392337f875fc58ef.jpg
372,【纪录片】《中国手作》第一季 木作 第一集 榫卯智慧,BV1mk4y1c7M4,745848737,长安书院_,2147327022,人文历史,121:19,2023-09-09 17:26,166211,2479,12555,99,44,"历史,工匠,科普,人文,木作,榫卯,非遗,手作,纪录片,传统文化",如果觉得还不错，麻烦给个三连！谢谢~,https://i2.hdslb.com/bfs/archive/19f159e05c860021238a410bb02e3138deae4c61.png
373,挑战戏神非遗大片 今天拍的是“傩戏”！,BV1uLByBvELm,115791680838243,-小胡同学呀,262240557,穿搭,2:45,2025-12-27 21:18,1729264,38471,60664,1453,357,"传统文化,冷不丁化妆挑战,胡有姬,葛仙村,戏神,傩戏,非遗,江西,非物质文化遗产,挑战",-,https://i2.hdslb.com/bfs/archive/084a84aa9c8c5dc3386443cd5993a8e3f35b684d.jpg
374,外网看我国非遗文化变装转场！热评：文化自信在此刻具象化！ #非遗文化 #转场 #舞狮 #外国人看中国,BV1mWkzBtEho,115528446251640,星禾搞笑娱乐,1680121791,日常,1:36,2025-11-11 09:25,156077,2194,573,33,39,"中国风,制作,变装转场,B站辩论季！,歪果仁,传统文化,中国,文化",外网看我国非遗文化变装转场！热评：文化自信在此刻具象化！ #非遗文化 #转场 #舞狮 #外国人看中国,https://i0.hdslb.com/bfs/archive/2817e02809a8d3e33c7ece58178345d287ed3ea0.jpg
375,《针尖上的非遗》纪录片作品,BV1DTwezYEgC,116247752675641,爱学习美女罢了,491748066,影视剪辑,12:40,2026-03-18 10:15,13,0,0,0,0,"纪录片,文化,艺术,非遗",,https://i0.hdslb.com/bfs/archive/8a5752778faa90c0c173dbc419191bacfa40b9ad.jpg
376,外网热评：中国非遗！龙须面惊艳外网！一根面能拉千米，中华绝技太绝了,BV1WyckzjE38,116215473245756,轩宝看油管,387967038,日常,2:4,2026-03-12 17:24,2939,44,3,3,1,"外网热评,文化,中国,外国网友评论,外网评论,评论翻译,外国网友,外国人看中国,外网,娱乐资讯",,https://i1.hdslb.com/bfs/archive/017a6b927ce0726e3ae65bc65666be3e5caa1f74.jpg
377,江寻千：把100种非遗，拍成文艺复兴名场面,BV1nvceznEoG,116055401826217,环球人物新媒体,30042311,运动文化,8:7,2026-02-19 09:00,7354,530,246,8,8,"传统文化,文化,中国,非遗",,https://i1.hdslb.com/bfs/archive/f83a1f00a4aa6149581d5a49c0a01bcf3a027dbd.jpg
378,中国非遗惊艳世界，视觉盛宴引全球热议,BV1UVwszqEVM,116225405359197,油管外网趣评,508321791,日常,1:41,2026-03-14 11:31,1256,28,1,0,0,"绘画,游戏,动作游戏",-,https://i2.hdslb.com/bfs/archive/d80dab66b5956ebc796846f4ef9075ea766ceac7.jpg
379,这才是真正的非遗技艺，场面真是太震撼了,BV1JkPazUEPj,116187304368951,戏曲郑三妹,1220115075,亲子,2:3,2026-03-07 18:01,101427,8889,617,61,87,"经典电影,文化,中国",-,https://i1.hdslb.com/bfs/archive/5f11d65146774879397f479c8c44252237b33bbb.jpg
380,【天津学生市创项目】“白瓷疆韵”主题纪录片,BV1TPwTzDEJH,116232300795900,双城记宣传员-陶小土,79570583,手工,22:40,2026-03-15 16:56,3097,119,108,4,2,"纪录片,文化,原创,大学生创新项目,非遗文化,非遗传承,项目,学生,天津","南开大学本科生创新科研计划项目“西陶东瓷双城记，海陆丝路非遗行”新时代非物质文化遗产传承双城协作模式探索的全过程记录
学生自主制作，禁止非授权转载/使用
感谢你对我国陶瓷非遗传承的支持！",https://i2.hdslb.com/bfs/archive/64414af5e1621c5bcba9d20c7527390512468570.jpg
381,从1块泥巴到上亿天价！非遗汝瓷如何点土成“金”？,BV1rsjmzbEWd,114574342757495,影视飓风,946974,手工,12:5,2025-05-28 17:00,2948281,168993,39702,32794,3557,"碧蓝航线,汝瓷,4K,拍摄,匠人,制作,非遗,碧蓝航线8周年,非物质文化遗产",这些看似不起眼的泥巴和石头，经过巧妙的加工，竟然可能卖出上亿元的天价。作为瓷器的一种，为什么“它”这么值钱？这次我们和@碧蓝航线  一拍即合，前往河南汝州，想带你一起来看看这门传承了千年的中国手艺——汝瓷。如果你喜欢这期视频，请多多支持我们，并把视频分享给你的朋友们一起看看!,https://i0.hdslb.com/bfs/archive/de6649ac16c7c62fab9774d44b60a36965bf8592.jpg
382,【超燃】中国非遗超燃混剪,BV1a1keYbEF2,113695099261522,万川嘉心,1970823994,影视剪辑,5:25,2024-12-22 14:44,43569,522,935,1,71,"非遗文化分享官,非遗,传统文化,中国,人文历史档案馆2.0",-,https://i0.hdslb.com/bfs/archive/8ee2d7ef1efc6aa7d7727e5abbe06bb3a52eb859.jpg
383,开者即死，这四个字震慑了盗墓贼整整1400年,BV1W1ckz1EYk,116215389363710,江寻千,1895195099,手工,7:22,2026-03-12 17:11,1689754,71812,35515,702,773,"文化,闹蛾扑花钗,寻找100位非遗手艺人,非遗,花丝镶嵌,手工艺",,https://i2.hdslb.com/bfs/archive/2bdc919399b36b6c49fcc199af199f86ff1e8252.jpg
384,这个杯子浑身是孔，却滴水不漏,BV1jm84zcExE,114919047503711,江寻千,1895195099,影视剪辑,8:57,2025-07-26 18:28,8061674,297315,157059,4390,3837,"瓷器,传统文化,陶瓷,玲珑瓷,手工,非遗,寻找100位非遗手艺人",,https://i1.hdslb.com/bfs/archive/d3717a4ab06941d7e11769fe1a7e10133677d782.jpg
385,笑不中了！贾旭明老师号都没了，圆桌也没整清楚，又跑到非遗相声大会说相声了哈哈哈哈哈哈，网友：“相声这个行业危险系数这么高吗”哈哈哈哈或许是贾老师危险系数高？,BV1K8NMzYEmj,116192387795647,又一次嗑到了,3546939108886611,娱乐粉丝创作,22:12,2026-03-08 15:37,163502,3921,1214,998,330,"相声,爆笑,搞笑,贾局,段子,贾旭明,讽刺,小品,最新",-,https://i0.hdslb.com/bfs/archive/23c1efe6437884d6ea193d2b052293322e74de66.jpg
386,"贾旭明郑健相声《贾诗人》高清字幕版,贾旭明非遗相声春晚作品，搞笑不断！",BV1yBPoztEG3,116201934098540,相声茶馆,25375697,搞笑,22:12,2026-03-10 11:05,12543,150,72,19,16,"非遗相声,贾旭明相声,郑健,搞笑相声,非遗,相声小品,贾旭明,相声,春晚,搞笑","贾旭明郑健相声《贾诗人》高清字幕版,贾旭明非遗相声春晚作品，搞笑不断！",https://i1.hdslb.com/bfs/archive/32b9839ce3dd1a1fac4cbb5be6083dddea99bffa.jpg
387,【央视】综合频道CCTV-1《非遗里的中国》（第一季）,BV1AN411M7VY,493763285,八神逸枫,10289419,综艺,1086:50,2023-11-25 18:26,333808,3674,14406,1972,114,"非遗,人文,文化","https://tv.cctv.com/2022/12/30/VIDAIxSnFuJtsqzH4HZK9Yc4221230.shtml
《非遗里的中国》通过非遗创新秀演、沉浸体验、还原绝技等全新的方式来打开非遗，多维度呈现非遗的创新成果、历史底蕴、中国智慧、东方美学。节目展现非遗在新时代迸发出的焕新力量，呈现非遗时光流变中的一脉相承与继往开来。",https://i0.hdslb.com/bfs/archive/8268536bcc5c0b6c21c2dc540a25c7aad0559223.png
388,东巴纸,BV1ozw4ztEqm,116228106551729,归乡人山白,3494349557992101,手工,8:10,2026-03-14 23:02,677325,98025,9908,1849,1113,"寻找100位非遗手艺人,东巴纸,纳西族,手工纸,手工艺,手工,原创",纸寿千年，纳西族手工造纸。,https://i1.hdslb.com/bfs/archive/62ed064b30e48ab8740683535ec2a4640da5791a.jpg
389,中国的42项世界非遗项目 你都知道吗？,BV1NK411G7rv,500654333,中新视频,104092224,社会,4:38,2020-12-19 15:11,28939,680,801,21,38,"世界非遗项目,中国",12月17日晚，中国单独申报的“太极拳”、与马来西亚联合申报的“送王船——有关人与海洋可持续联系的仪式及相关实践”两个项目，经联合国教科文组织保护非物质文化遗产政府间委员会评审通过，列入联合国教科文组织人类非物质文化遗产代表作名录。那么，你知道中国的世界非物质文化遗产项目有多少个？有哪些？快跟我一起增长知识吧！,https://i2.hdslb.com/bfs/archive/f2e9d4d1134718bada898f5f9cce68245e4c7592.jpg
390,【大学生纪录短片/非遗/剪纸/原创】纸下的时间旅行者【高清1080P】万物理论拯救传统文化,BV1xs411y7CG,5301655,暗海见雪生,25005818,小剧场,15:39,2016-07-12 14:20,390083,7508,12177,347,198,"传统文化,传承,纪录片,冯骥才,万物理论",以乡村七十多岁民间剪纸艺人几十年扎根于民间文化为起点，伴随着生活在城市却致力于剪纸的保护与创新的艺术家郭梅花的故事进行交叉叙事，串起剪纸的历史与发展，民俗与文化。,https://i1.hdslb.com/bfs/archive/36284d6e91d13a830b61de8ac73cc367a4f1f2d7.jpg
391,非遗群像MVP结算画面,BV1JwWyzPE74,115387786207195,Locus建鹏,448415359,运动综合,0:33,2025-10-17 13:15,3426804,947394,222098,100260,8884,"逆水寒手游,逆水寒非遗计划,逆水寒次元破壁",-,https://i2.hdslb.com/bfs/archive/b1acff3579f22a0752d4961c7d319667c1866b16.jpg
392,谁还不是个rapper！一首歌串起中国43项世界级非遗,BV1FV4y1y78y,870118526,央视新闻,456664753,人文历史,3:13,2023-06-22 09:56,353155,46508,9405,272,783,"非遗,说唱",目前，中国43个项目列入联合国教科文组织，非物质文化遗产名录、名册数量居世界第一。端午节到来之际，央视新闻推出原创音乐MV《非常·非遗》，用一首歌曲串联起这43项世界级非遗项目，以音乐和视觉符号呈现中国式浪漫，彰显古老东方的历史文明之美。,https://i0.hdslb.com/bfs/archive/4b2558b64cc8011d043597b24c184eb78ec51587.jpg
393,网红想火想疯了？魔改中国非遗“黄梅戏”，惨遭央视发文“怒”批,BV1oq4y1N7ug,547995107,下饭音乐,11173348,乐评盘点,4:29,2021-09-14 17:10,3642675,192762,15640,47189,12344,"音乐分享官,乐评盘点,周杰伦,小姐姐,漫步人生路,青花瓷,网红翻唱,粤语歌,黄梅戏",要说现在刷手机，新歌没几首，老歌倒是不断被 魔改翻唱~甚至为了流量，网红们跟风拍摄 根本不管歌曲内容~今天饭饭 就带来的几首 被网红玩“变味”的歌，坚持听完的 可都是我的死忠粉呐,https://i2.hdslb.com/bfs/archive/65a0a945e8e351ea4548859398048a400a3bc155.jpg
394,鬼步、僵尸摔、滚灯……科普19种技惊四座的非遗绝技,BV1kXpWzyE6u,115217564570288,全球顶尖投影,3546744608524364,出行,2:45,2025-09-17 11:45,423693,37473,8866,256,555,"绝技,人文历史档案馆,传统文化,变脸,杂技,戏曲,鬼步,非遗,科普,京剧",,https://i1.hdslb.com/bfs/archive/c60f3ec3e64997d87ead2e58699a3eb49cb40e99.jpg
395,以朱为信，以泥承魂，印泥，中华文房瑰宝,BV1VanmzbEbt,115293598781324,I彭传明,589188442,手工,22:26,2025-09-30 22:15,335678,28987,2825,1570,500,"中国,原创,文化",-,https://i2.hdslb.com/bfs/archive/9f1331aecca0077f75a416b03dd6219d90c378e5.jpg
396,这不是迷信，这是中国傩戏。,BV1Xf421v74t,1206450288,唱饭的王小潮,1107899745,人文历史,2:45,2024-08-10 09:58,4003238,421831,190004,3655,4475,"非遗文化,文化,正能量,寻找非遗文化,行走的人文,中国",-,https://i1.hdslb.com/bfs/archive/49daebd4631fa0c00276d9350417f86fbd6af584.jpg
397,【《浮光》遇到中国非遗】中国的43个世界级非遗，你知道几个？,BV1L1421275U,1555202564,非遗正年轻,156651846,人文历史,4:21,2024-05-27 21:37,70621,1491,2589,17,61,"浮光,周深,世界级非遗,中国,传统文化,历史,非遗,文化",-,https://i0.hdslb.com/bfs/archive/a11d2fe91f98de969d84d93481c666bc65adbd4f.jpg
398,99%的人没见过这个非遗，可它正在消失,BV14A57zLEd1,114358101284195,摇铃啊摇铃儿,1330962869,人文历史,6:55,2025-04-18 17:10,2833317,123676,118188,4454,1189,"烟花,药发木偶,非遗,温州,寻找100位非遗手艺人,传统文化,寻找100位非遗手艺人 3.0,木偶戏",这是99%的人没听说过的非遗，温州泰顺的药发木偶。是火树银花的真实写照历时四个月，在失望与希望中反复挣扎，这次终于把周尔禄爷爷坚持了一生的热爱，带到了你的面前。因为这项非遗原料的特殊，一直在法律的文化传承的矛盾中挣扎，几度垂危，这期视频，中间有过很多次想放弃的时候，或许是因为我成为了他的第一位年轻“女徒弟”，或许因为这是我家乡的非遗，又或许只是因为它的传承人是周爷爷，这个历经种种磨难，依然在苦难中开出花的，理想主义老头！他真的太好啦87天的争取实在是漫长！可又怎么漫长得过周爷爷60多年，2万多天的坚持呢。,https://i2.hdslb.com/bfs/archive/f1dde5456c9361870e919747e4b14e1c10f212cc.jpg
399,老祖宗：不管了！好歹非遗传下来了！,BV1sjwez4ENA,116249463881838,料理小咪,18237423,颜值·网红舞,0:36,2026-03-18 17:29,13194,2076,651,122,67,"川剧摇,四时少女,火苗dj,葛仙村,古风","我们来葛仙村玩啦！好好玩！下次还来～
从左到右出境：
玉玲珑：小水泡汤
汉服：西海岸红杉
胡桃：料理小咪
大乔：十元酱少女",https://i2.hdslb.com/bfs/archive/59308324aa32767546f15be431472416fb28151a.jpg
400,手写代码的程序员成非遗了❓「古法编程」突然火了❗️,BV1UzwDz1E6w,116243071835663,智冷Shaw,480800563,计算机技术,0:51,2026-03-17 14:22,12243,121,75,86,64,"万万没想到,AI,人工智能,编程,程序员,学习,高能,科普,分享我的专业知识,代码",“古法编程”这个词一出来，我先笑了。以前程序员不用AI写代码叫基本操作，现在居然成了“古法手艺”。照这趋势下去，未来程序员怕不是要进博物馆现场表演纯手搓代码了。你觉得，不靠AI写代码的人，以后会不会真成“非遗传承人”？关注智冷Shaw，AI时代走前头！,https://i1.hdslb.com/bfs/archive/dedb798ce2c9122234b899598e2262af3e525da5.jpg
401,在你看到这期视频之前，它，没有观众,BV1Nw4m1k7Mk,1106345646,南翔,596842980,手工,6:6,2024-08-14 16:50,15767246,917337,442020,17326,7673,"一起做手工吧16.0 手工暑期大作战,非遗,打铁花,我的整活手工大赏,非遗传承,炭花舞,七江炭花舞,火壶",-,https://i0.hdslb.com/bfs/archive/c3cc26fc610220badb0b446469ca0ecf63577451.jpg
402,【非遗美学创业】每周工作一小时，每年躺平收入超七位数,BV1Hm421g7hX,1606157528,村姑欣陶,384402877,财经商业,42:49,2024-07-05 19:40,18723,905,830,59,34,"青年用「财」图鉴,共同富裕,投资,找工作,乡村振兴,非遗美学,创业,李子柒,融资,创业合伙人",作为斜杠财经博主，想做些差异化的内容，可以和大家共同富裕，比如好的合伙创业、商务合作和工作的机会。而且不是在项目极早期，充满高度不确定性的时候介绍给大家，希望是有数据支持的商业模式小DEMO已经跑通的时候，在项目充满生命力蓬勃发展的时候，介绍给大家。作为前投资人，未来也将继续做投资的创业财经博主，将以投资人的角度和创始人对话，探讨创业过程中的挑战和应对方案，希望想创业或者正在创业ing的朋友们有借鉴意义。如果有想和我一起录制视频的创业者，希望自己的项目让更多投资人、创业者、合作伙伴或者未来团队成员看到，欢,https://i0.hdslb.com/bfs/archive/f8cb19204ce43fe8528dd2d144d8ba0dc070a9ca.jpg
403,【全程高能】中国各地的非遗年俗能有多震撼？直接看呆了！,BV1XywNeNEd3,113849181145296,司空离,358807,人文历史,7:16,2025-01-18 20:12,2901923,43884,29288,621,338,"2025克穷暴富,民俗,英歌舞,传统文化,年俗,打铁花,非遗",-,https://i2.hdslb.com/bfs/archive/07a04911a2dadb3b495f1beb71f181169a64b619.jpg
404,每周质量报告 | 央视曝光假非遗乱象,BV1Upf9BVEut,116009952416434,央视网,222103174,日常,18:18,2026-02-04 10:20,30411,1851,309,51,81,非遗,,https://i2.hdslb.com/bfs/archive/34738e7584707de16910fa86679013ae30a45b8a.jpg
405,非遗植物拓染｜锤出三千年前的中国色,BV1wh72z8EXt,114611957272674,陈二十,22309487,日常,3:45,2025-06-02 17:00,606312,9965,17638,82,104,"非遗,我的手工真的很解压,传统文化,手工,植物拓染",周末如果不想聚会跟人社交，那就试试跟大自然产生链接，动手做一副属于自己独一无二的作品吧~,https://i2.hdslb.com/bfs/archive/cdf4bc1202ff41f59c71c6274c7a043cdc2171d4.jpg
406,为什么都以为排箫是国外乐器？&quot;非遗 &quot;传统文化 &quot;乐器 &quot;,BV1NRwezhEmx,116249379996802,非遗传统手艺哥,3632303318239519,田园美食,2:30,2026-03-18 17:09,1194,60,5,2,4,"制作,文化,寻找100位非遗手艺人,B站好片有奖种草,非物质文化遗产",-,https://i0.hdslb.com/bfs/archive/d15c455bdb33bbcad358aa0ddb7cd3f5b788fdca.jpg
407,陈都灵四次非遗旗袍变装,BV1i1ZiB6E3G,116097378426485,可爱又迷人旳反派,3493079277373656,明星综合,4:13,2026-02-19 20:55,9081,202,328,5,17,"陈都灵,表演,美女",-,https://i2.hdslb.com/bfs/archive/b8060f153a8c411e26e498e997adf6661f015e7e.jpg
408,外网热评：中国非遗文化传承《傩戏》外国网友：精准的动作和传统文化的传承，很精彩,BV1WyckzjEd5,116215473242189,轩宝看油管,387967038,日常,1:36,2026-03-12 17:24,1067,12,5,0,0,"传统文化,中国,外网热评,中国非遗,外国网友评论,外网评论,评论翻译,外国人看中国,文化传承,非物质文化遗产",,https://i1.hdslb.com/bfs/archive/734cc883611d5be6e1ef3823234a16f1f8c2d334.jpg
409,中国文化输出赢麻了！国风舞惊艳全场，街头“非遗喷火”看懵老外,BV14fXVYxEV6,114182427116994,下饭音乐,11173348,乐评盘点,5:45,2025-03-18 16:18,196063,3377,875,253,56,"非遗文化,中国舞,文化输出",,https://i1.hdslb.com/bfs/archive/233a03d3aafc688e7c5bc9fe392337f875fc58ef.jpg
410,挑战戏神非遗大片 今天拍的是“傩戏”！,BV1uLByBvELm,115791680838243,-小胡同学呀,262240557,穿搭,2:45,2025-12-27 21:18,1729264,38471,60664,1453,357,"传统文化,冷不丁化妆挑战,胡有姬,葛仙村,戏神,傩戏,非遗,江西,非物质文化遗产,挑战",-,https://i2.hdslb.com/bfs/archive/084a84aa9c8c5dc3386443cd5993a8e3f35b684d.jpg
411,外网看我国非遗文化变装转场！热评：文化自信在此刻具象化！ #非遗文化 #转场 #舞狮 #外国人看中国,BV1mWkzBtEho,115528446251640,星禾搞笑娱乐,1680121791,日常,1:36,2025-11-11 09:25,156077,2194,573,33,39,"中国风,制作,变装转场,B站辩论季！,歪果仁,传统文化,中国,文化",外网看我国非遗文化变装转场！热评：文化自信在此刻具象化！ #非遗文化 #转场 #舞狮 #外国人看中国,https://i0.hdslb.com/bfs/archive/2817e02809a8d3e33c7ece58178345d287ed3ea0.jpg
412,《针尖上的非遗》纪录片作品,BV1DTwezYEgC,116247752675641,爱学习美女罢了,491748066,影视剪辑,12:40,2026-03-18 10:15,13,0,0,0,0,"纪录片,文化,艺术,非遗",,https://i0.hdslb.com/bfs/archive/8a5752778faa90c0c173dbc419191bacfa40b9ad.jpg
413,江寻千：把100种非遗，拍成文艺复兴名场面,BV1nvceznEoG,116055401826217,环球人物新媒体,30042311,运动文化,8:7,2026-02-19 09:00,7354,530,246,8,8,"传统文化,文化,中国,非遗",,https://i1.hdslb.com/bfs/archive/f83a1f00a4aa6149581d5a49c0a01bcf3a027dbd.jpg
414,【纪录片】《中国手作》第一季 木作 第一集 榫卯智慧,BV1mk4y1c7M4,745848737,长安书院_,2147327022,人文历史,121:19,2023-09-09 17:26,166211,2479,12555,99,44,"历史,工匠,科普,人文,木作,榫卯,非遗,手作,纪录片,传统文化",如果觉得还不错，麻烦给个三连！谢谢~,https://i2.hdslb.com/bfs/archive/19f159e05c860021238a410bb02e3138deae4c61.png
415,外网热评：中国非遗！龙须面惊艳外网！一根面能拉千米，中华绝技太绝了,BV1WyckzjE38,116215473245756,轩宝看油管,387967038,日常,2:4,2026-03-12 17:24,2939,44,3,3,1,"外网热评,文化,中国,外国网友评论,外网评论,评论翻译,外国网友,外国人看中国,外网,娱乐资讯",,https://i1.hdslb.com/bfs/archive/017a6b927ce0726e3ae65bc65666be3e5caa1f74.jpg
416,中国非遗惊艳世界，视觉盛宴引全球热议,BV1UVwszqEVM,116225405359197,油管外网趣评,508321791,日常,1:41,2026-03-14 11:31,1256,28,1,0,0,"绘画,游戏,动作游戏",-,https://i2.hdslb.com/bfs/archive/d80dab66b5956ebc796846f4ef9075ea766ceac7.jpg
417,这才是真正的非遗技艺，场面真是太震撼了,BV1JkPazUEPj,116187304368951,戏曲郑三妹,1220115075,亲子,2:3,2026-03-07 18:01,101427,8889,617,61,87,"经典电影,文化,中国",-,https://i1.hdslb.com/bfs/archive/5f11d65146774879397f479c8c44252237b33bbb.jpg
418,湘西赶尸，改了这么久终于可以发出来了,BV1uemfYrE2h,113487044941023,江寻千,1895195099,人文历史,21:11,2024-11-15 21:07,7827394,424253,209687,17336,8434,"寻找非遗手艺人,未解之谜,赶尸,奇闻,湘西,传统文化,寻找100位非遗手艺人",,https://i1.hdslb.com/bfs/archive/b552ff7f0ddac41eab6a006b935ddc86504c0e8e.jpg
419,从1块泥巴到上亿天价！非遗汝瓷如何点土成“金”？,BV1rsjmzbEWd,114574342757495,影视飓风,946974,手工,12:5,2025-05-28 17:00,2948281,168993,39702,32794,3557,"碧蓝航线,汝瓷,4K,拍摄,匠人,制作,非遗,碧蓝航线8周年,非物质文化遗产",这些看似不起眼的泥巴和石头，经过巧妙的加工，竟然可能卖出上亿元的天价。作为瓷器的一种，为什么“它”这么值钱？这次我们和@碧蓝航线  一拍即合，前往河南汝州，想带你一起来看看这门传承了千年的中国手艺——汝瓷。如果你喜欢这期视频，请多多支持我们，并把视频分享给你的朋友们一起看看!,https://i0.hdslb.com/bfs/archive/de6649ac16c7c62fab9774d44b60a36965bf8592.jpg
420,【超燃】中国非遗超燃混剪,BV1a1keYbEF2,113695099261522,万川嘉心,1970823994,影视剪辑,5:25,2024-12-22 14:44,43569,522,935,1,71,"非遗文化分享官,非遗,传统文化,中国,人文历史档案馆2.0",-,https://i0.hdslb.com/bfs/archive/8ee2d7ef1efc6aa7d7727e5abbe06bb3a52eb859.jpg
421,开者即死，这四个字震慑了盗墓贼整整1400年,BV1W1ckz1EYk,116215389363710,江寻千,1895195099,手工,7:22,2026-03-12 17:11,1689754,71814,35516,702,773,"文化,闹蛾扑花钗,寻找100位非遗手艺人,非遗,花丝镶嵌,手工艺",,https://i2.hdslb.com/bfs/archive/2bdc919399b36b6c49fcc199af199f86ff1e8252.jpg
422,这个杯子浑身是孔，却滴水不漏,BV1jm84zcExE,114919047503711,江寻千,1895195099,影视剪辑,8:57,2025-07-26 18:28,8061674,297315,157059,4390,3837,"瓷器,传统文化,陶瓷,玲珑瓷,手工,非遗,寻找100位非遗手艺人",,https://i1.hdslb.com/bfs/archive/d3717a4ab06941d7e11769fe1a7e10133677d782.jpg
423,笑不中了！贾旭明老师号都没了，圆桌也没整清楚，又跑到非遗相声大会说相声了哈哈哈哈哈哈，网友：“相声这个行业危险系数这么高吗”哈哈哈哈或许是贾老师危险系数高？,BV1K8NMzYEmj,116192387795647,又一次嗑到了,3546939108886611,娱乐粉丝创作,22:12,2026-03-08 15:37,163503,3921,1214,998,330,"相声,爆笑,搞笑,贾局,段子,贾旭明,讽刺,小品,最新",-,https://i0.hdslb.com/bfs/archive/23c1efe6437884d6ea193d2b052293322e74de66.jpg
424,"贾旭明郑健相声《贾诗人》高清字幕版,贾旭明非遗相声春晚作品，搞笑不断！",BV1yBPoztEG3,116201934098540,相声茶馆,25375697,搞笑,22:12,2026-03-10 11:05,12543,150,72,19,16,"非遗相声,贾旭明相声,郑健,搞笑相声,非遗,相声小品,贾旭明,相声,春晚,搞笑","贾旭明郑健相声《贾诗人》高清字幕版,贾旭明非遗相声春晚作品，搞笑不断！",https://i1.hdslb.com/bfs/archive/32b9839ce3dd1a1fac4cbb5be6083dddea99bffa.jpg
425,【央视】综合频道CCTV-1《非遗里的中国》（第一季）,BV1AN411M7VY,493763285,八神逸枫,10289419,综艺,1086:50,2023-11-25 18:26,333808,3674,14406,1972,114,"非遗,人文,文化","https://tv.cctv.com/2022/12/30/VIDAIxSnFuJtsqzH4HZK9Yc4221230.shtml
《非遗里的中国》通过非遗创新秀演、沉浸体验、还原绝技等全新的方式来打开非遗，多维度呈现非遗的创新成果、历史底蕴、中国智慧、东方美学。节目展现非遗在新时代迸发出的焕新力量，呈现非遗时光流变中的一脉相承与继往开来。",https://i0.hdslb.com/bfs/archive/8268536bcc5c0b6c21c2dc540a25c7aad0559223.png
426,东巴纸,BV1ozw4ztEqm,116228106551729,归乡人山白,3494349557992101,手工,8:10,2026-03-14 23:02,677325,98030,9908,1849,1113,"寻找100位非遗手艺人,东巴纸,纳西族,手工纸,手工艺,手工,原创",纸寿千年，纳西族手工造纸。,https://i1.hdslb.com/bfs/archive/62ed064b30e48ab8740683535ec2a4640da5791a.jpg
427,中国的42项世界非遗项目 你都知道吗？,BV1NK411G7rv,500654333,中新视频,104092224,社会,4:38,2020-12-19 15:11,28939,680,801,21,38,"世界非遗项目,中国",12月17日晚，中国单独申报的“太极拳”、与马来西亚联合申报的“送王船——有关人与海洋可持续联系的仪式及相关实践”两个项目，经联合国教科文组织保护非物质文化遗产政府间委员会评审通过，列入联合国教科文组织人类非物质文化遗产代表作名录。那么，你知道中国的世界非物质文化遗产项目有多少个？有哪些？快跟我一起增长知识吧！,https://i2.hdslb.com/bfs/archive/f2e9d4d1134718bada898f5f9cce68245e4c7592.jpg
428,【大学生纪录短片/非遗/剪纸/原创】纸下的时间旅行者【高清1080P】万物理论拯救传统文化,BV1xs411y7CG,5301655,暗海见雪生,25005818,小剧场,15:39,2016-07-12 14:20,390083,7508,12177,347,198,"传统文化,传承,纪录片,冯骥才,万物理论",以乡村七十多岁民间剪纸艺人几十年扎根于民间文化为起点，伴随着生活在城市却致力于剪纸的保护与创新的艺术家郭梅花的故事进行交叉叙事，串起剪纸的历史与发展，民俗与文化。,https://i1.hdslb.com/bfs/archive/36284d6e91d13a830b61de8ac73cc367a4f1f2d7.jpg
429,非遗群像MVP结算画面,BV1JwWyzPE74,115387786207195,Locus建鹏,448415359,运动综合,0:33,2025-10-17 13:15,3426804,947395,222099,100260,8884,"逆水寒手游,逆水寒非遗计划,逆水寒次元破壁",-,https://i2.hdslb.com/bfs/archive/b1acff3579f22a0752d4961c7d319667c1866b16.jpg
430,谁还不是个rapper！一首歌串起中国43项世界级非遗,BV1FV4y1y78y,870118526,央视新闻,456664753,人文历史,3:13,2023-06-22 09:56,353155,46508,9405,272,783,"非遗,说唱",目前，中国43个项目列入联合国教科文组织，非物质文化遗产名录、名册数量居世界第一。端午节到来之际，央视新闻推出原创音乐MV《非常·非遗》，用一首歌曲串联起这43项世界级非遗项目，以音乐和视觉符号呈现中国式浪漫，彰显古老东方的历史文明之美。,https://i0.hdslb.com/bfs/archive/4b2558b64cc8011d043597b24c184eb78ec51587.jpg
431,网红想火想疯了？魔改中国非遗“黄梅戏”，惨遭央视发文“怒”批,BV1oq4y1N7ug,547995107,下饭音乐,11173348,乐评盘点,4:29,2021-09-14 17:10,3642675,192762,15640,47189,12344,"音乐分享官,乐评盘点,周杰伦,小姐姐,漫步人生路,青花瓷,网红翻唱,粤语歌,黄梅戏",要说现在刷手机，新歌没几首，老歌倒是不断被 魔改翻唱~甚至为了流量，网红们跟风拍摄 根本不管歌曲内容~今天饭饭 就带来的几首 被网红玩“变味”的歌，坚持听完的 可都是我的死忠粉呐,https://i2.hdslb.com/bfs/archive/65a0a945e8e351ea4548859398048a400a3bc155.jpg
432,鬼步、僵尸摔、滚灯……科普19种技惊四座的非遗绝技,BV1kXpWzyE6u,115217564570288,全球顶尖投影,3546744608524364,出行,2:45,2025-09-17 11:45,423693,37473,8866,256,555,"绝技,人文历史档案馆,传统文化,变脸,杂技,戏曲,鬼步,非遗,科普,京剧",,https://i1.hdslb.com/bfs/archive/c60f3ec3e64997d87ead2e58699a3eb49cb40e99.jpg
433,以朱为信，以泥承魂，印泥，中华文房瑰宝,BV1VanmzbEbt,115293598781324,I彭传明,589188442,手工,22:26,2025-09-30 22:15,335678,28987,2825,1570,500,"中国,原创,文化",-,https://i2.hdslb.com/bfs/archive/9f1331aecca0077f75a416b03dd6219d90c378e5.jpg
434,这不是迷信，这是中国傩戏。,BV1Xf421v74t,1206450288,唱饭的王小潮,1107899745,人文历史,2:45,2024-08-10 09:58,4003238,421831,190004,3655,4475,"非遗文化,文化,正能量,寻找非遗文化,行走的人文,中国",-,https://i1.hdslb.com/bfs/archive/49daebd4631fa0c00276d9350417f86fbd6af584.jpg
435,【《浮光》遇到中国非遗】中国的43个世界级非遗，你知道几个？,BV1L1421275U,1555202564,非遗正年轻,156651846,人文历史,4:21,2024-05-27 21:37,70621,1491,2589,17,61,"浮光,周深,世界级非遗,中国,传统文化,历史,非遗,文化",-,https://i0.hdslb.com/bfs/archive/a11d2fe91f98de969d84d93481c666bc65adbd4f.jpg
436,99%的人没见过这个非遗，可它正在消失,BV14A57zLEd1,114358101284195,摇铃啊摇铃儿,1330962869,人文历史,6:55,2025-04-18 17:10,2833317,123676,118188,4454,1189,"烟花,药发木偶,非遗,温州,寻找100位非遗手艺人,传统文化,寻找100位非遗手艺人 3.0,木偶戏",这是99%的人没听说过的非遗，温州泰顺的药发木偶。是火树银花的真实写照历时四个月，在失望与希望中反复挣扎，这次终于把周尔禄爷爷坚持了一生的热爱，带到了你的面前。因为这项非遗原料的特殊，一直在法律的文化传承的矛盾中挣扎，几度垂危，这期视频，中间有过很多次想放弃的时候，或许是因为我成为了他的第一位年轻“女徒弟”，或许因为这是我家乡的非遗，又或许只是因为它的传承人是周爷爷，这个历经种种磨难，依然在苦难中开出花的，理想主义老头！他真的太好啦87天的争取实在是漫长！可又怎么漫长得过周爷爷60多年，2万多天的坚持呢。,https://i2.hdslb.com/bfs/archive/f1dde5456c9361870e919747e4b14e1c10f212cc.jpg
437,老祖宗：不管了！好歹非遗传下来了！,BV1sjwez4ENA,116249463881838,料理小咪,18237423,颜值·网红舞,0:36,2026-03-18 17:29,13194,2076,651,122,67,"川剧摇,四时少女,火苗dj,葛仙村,古风","我们来葛仙村玩啦！好好玩！下次还来～
从左到右出境：
玉玲珑：小水泡汤
汉服：西海岸红杉
胡桃：料理小咪
大乔：十元酱少女",https://i2.hdslb.com/bfs/archive/59308324aa32767546f15be431472416fb28151a.jpg
438,手写代码的程序员成非遗了❓「古法编程」突然火了❗️,BV1UzwDz1E6w,116243071835663,智冷Shaw,480800563,计算机技术,0:51,2026-03-17 14:22,12243,121,75,86,64,"万万没想到,AI,人工智能,编程,程序员,学习,高能,科普,分享我的专业知识,代码",“古法编程”这个词一出来，我先笑了。以前程序员不用AI写代码叫基本操作，现在居然成了“古法手艺”。照这趋势下去，未来程序员怕不是要进博物馆现场表演纯手搓代码了。你觉得，不靠AI写代码的人，以后会不会真成“非遗传承人”？关注智冷Shaw，AI时代走前头！,https://i1.hdslb.com/bfs/archive/dedb798ce2c9122234b899598e2262af3e525da5.jpg
439,在你看到这期视频之前，它，没有观众,BV1Nw4m1k7Mk,1106345646,南翔,596842980,手工,6:6,2024-08-14 16:50,15767246,917337,442020,17326,7673,"一起做手工吧16.0 手工暑期大作战,非遗,打铁花,我的整活手工大赏,非遗传承,炭花舞,七江炭花舞,火壶",-,https://i0.hdslb.com/bfs/archive/c3cc26fc610220badb0b446469ca0ecf63577451.jpg
440,【非遗美学创业】每周工作一小时，每年躺平收入超七位数,BV1Hm421g7hX,1606157528,村姑欣陶,384402877,财经商业,42:49,2024-07-05 19:40,18723,905,830,59,34,"青年用「财」图鉴,共同富裕,投资,找工作,乡村振兴,非遗美学,创业,李子柒,融资,创业合伙人",作为斜杠财经博主，想做些差异化的内容，可以和大家共同富裕，比如好的合伙创业、商务合作和工作的机会。而且不是在项目极早期，充满高度不确定性的时候介绍给大家，希望是有数据支持的商业模式小DEMO已经跑通的时候，在项目充满生命力蓬勃发展的时候，介绍给大家。作为前投资人，未来也将继续做投资的创业财经博主，将以投资人的角度和创始人对话，探讨创业过程中的挑战和应对方案，希望想创业或者正在创业ing的朋友们有借鉴意义。如果有想和我一起录制视频的创业者，希望自己的项目让更多投资人、创业者、合作伙伴或者未来团队成员看到，欢,https://i0.hdslb.com/bfs/archive/f8cb19204ce43fe8528dd2d144d8ba0dc070a9ca.jpg
441,每周质量报告 | 央视曝光假非遗乱象,BV1Upf9BVEut,116009952416434,央视网,222103174,日常,18:18,2026-02-04 10:20,30411,1851,309,51,81,非遗,,https://i2.hdslb.com/bfs/archive/34738e7584707de16910fa86679013ae30a45b8a.jpg
442,非遗植物拓染｜锤出三千年前的中国色,BV1wh72z8EXt,114611957272674,陈二十,22309487,日常,3:45,2025-06-02 17:00,606312,9965,17638,82,104,"非遗,我的手工真的很解压,传统文化,手工,植物拓染",周末如果不想聚会跟人社交，那就试试跟大自然产生链接，动手做一副属于自己独一无二的作品吧~,https://i2.hdslb.com/bfs/archive/cdf4bc1202ff41f59c71c6274c7a043cdc2171d4.jpg
443,【全程高能】中国各地的非遗年俗能有多震撼？直接看呆了！,BV1XywNeNEd3,113849181145296,司空离,358807,人文历史,7:16,2025-01-18 20:12,2901923,43884,29288,621,338,"2025克穷暴富,民俗,英歌舞,传统文化,年俗,打铁花,非遗",-,https://i2.hdslb.com/bfs/archive/07a04911a2dadb3b495f1beb71f181169a64b619.jpg
444,为什么都以为排箫是国外乐器？&quot;非遗 &quot;传统文化 &quot;乐器 &quot;,BV1NRwezhEmx,116249379996802,非遗传统手艺哥,3632303318239519,田园美食,2:30,2026-03-18 17:09,1194,60,5,2,4,"制作,文化,寻找100位非遗手艺人,B站好片有奖种草,非物质文化遗产",-,https://i0.hdslb.com/bfs/archive/d15c455bdb33bbcad358aa0ddb7cd3f5b788fdca.jpg
445,陈都灵四次非遗旗袍变装,BV1i1ZiB6E3G,116097378426485,可爱又迷人旳反派,3493079277373656,明星综合,4:13,2026-02-19 20:55,9081,202,328,5,17,"陈都灵,表演,美女",-,https://i2.hdslb.com/bfs/archive/b8060f153a8c411e26e498e997adf6661f015e7e.jpg
446,外网热评：中国非遗文化传承《傩戏》外国网友：精准的动作和传统文化的传承，很精彩,BV1WyckzjEd5,116215473242189,轩宝看油管,387967038,日常,1:36,2026-03-12 17:24,1067,12,5,0,0,"传统文化,中国,外网热评,中国非遗,外国网友评论,外网评论,评论翻译,外国人看中国,文化传承,非物质文化遗产",,https://i1.hdslb.com/bfs/archive/734cc883611d5be6e1ef3823234a16f1f8c2d334.jpg
447,中国文化输出赢麻了！国风舞惊艳全场，街头“非遗喷火”看懵老外,BV14fXVYxEV6,114182427116994,下饭音乐,11173348,乐评盘点,5:45,2025-03-18 16:18,196063,3377,875,253,56,"非遗文化,中国舞,文化输出",,https://i1.hdslb.com/bfs/archive/233a03d3aafc688e7c5bc9fe392337f875fc58ef.jpg
448,挑战戏神非遗大片 今天拍的是“傩戏”！,BV1uLByBvELm,115791680838243,-小胡同学呀,262240557,穿搭,2:45,2025-12-27 21:18,1729264,38471,60664,1453,357,"传统文化,冷不丁化妆挑战,胡有姬,葛仙村,戏神,傩戏,非遗,江西,非物质文化遗产,挑战",-,https://i2.hdslb.com/bfs/archive/084a84aa9c8c5dc3386443cd5993a8e3f35b684d.jpg
449,外网看我国非遗文化变装转场！热评：文化自信在此刻具象化！ #非遗文化 #转场 #舞狮 #外国人看中国,BV1mWkzBtEho,115528446251640,星禾搞笑娱乐,1680121791,日常,1:36,2025-11-11 09:25,156077,2194,573,33,39,"中国风,制作,变装转场,B站辩论季！,歪果仁,传统文化,中国,文化",外网看我国非遗文化变装转场！热评：文化自信在此刻具象化！ #非遗文化 #转场 #舞狮 #外国人看中国,https://i0.hdslb.com/bfs/archive/2817e02809a8d3e33c7ece58178345d287ed3ea0.jpg
450,《针尖上的非遗》纪录片作品,BV1DTwezYEgC,116247752675641,爱学习美女罢了,491748066,影视剪辑,12:40,2026-03-18 10:15,13,0,0,0,0,"纪录片,文化,艺术,非遗",,https://i0.hdslb.com/bfs/archive/8a5752778faa90c0c173dbc419191bacfa40b9ad.jpg
451,江寻千：把100种非遗，拍成文艺复兴名场面,BV1nvceznEoG,116055401826217,环球人物新媒体,30042311,运动文化,8:7,2026-02-19 09:00,7354,530,246,8,8,"传统文化,文化,中国,非遗",,https://i1.hdslb.com/bfs/archive/f83a1f00a4aa6149581d5a49c0a01bcf3a027dbd.jpg
452,外网热评：中国非遗！龙须面惊艳外网！一根面能拉千米，中华绝技太绝了,BV1WyckzjE38,116215473245756,轩宝看油管,387967038,日常,2:4,2026-03-12 17:24,2939,44,3,3,1,"外网热评,文化,中国,外国网友评论,外网评论,评论翻译,外国网友,外国人看中国,外网,娱乐资讯",,https://i1.hdslb.com/bfs/archive/017a6b927ce0726e3ae65bc65666be3e5caa1f74.jpg
453,【纪录片】《中国手作》第一季 木作 第一集 榫卯智慧,BV1mk4y1c7M4,745848737,长安书院_,2147327022,人文历史,121:19,2023-09-09 17:26,166211,2479,12555,99,44,"历史,工匠,科普,人文,木作,榫卯,非遗,手作,纪录片,传统文化",如果觉得还不错，麻烦给个三连！谢谢~,https://i2.hdslb.com/bfs/archive/19f159e05c860021238a410bb02e3138deae4c61.png
454,非遗园,BV1Xdw9zhEyN,116245219247908,dagua009,1299667031,设计·创意,1:6,2026-03-17 23:28,11,0,0,0,0,数字人居,,https://i0.hdslb.com/bfs/archive/9306fa0a4a676fc8ec063be0739972fc1e1339c2.jpg
455,中国非遗惊艳世界，视觉盛宴引全球热议,BV1UVwszqEVM,116225405359197,油管外网趣评,508321791,日常,1:41,2026-03-14 11:31,1256,28,1,0,0,"绘画,游戏,动作游戏",-,https://i2.hdslb.com/bfs/archive/d80dab66b5956ebc796846f4ef9075ea766ceac7.jpg
456,这才是真正的非遗技艺，场面真是太震撼了,BV1JkPazUEPj,116187304368951,戏曲郑三妹,1220115075,亲子,2:3,2026-03-07 18:01,101427,8889,617,61,87,"经典电影,文化,中国",-,https://i1.hdslb.com/bfs/archive/5f11d65146774879397f479c8c44252237b33bbb.jpg
457,从1块泥巴到上亿天价！非遗汝瓷如何点土成“金”？,BV1rsjmzbEWd,114574342757495,影视飓风,946974,手工,12:5,2025-05-28 17:00,2948281,168993,39702,32794,3557,"碧蓝航线,汝瓷,4K,拍摄,匠人,制作,非遗,碧蓝航线8周年,非物质文化遗产",这些看似不起眼的泥巴和石头，经过巧妙的加工，竟然可能卖出上亿元的天价。作为瓷器的一种，为什么“它”这么值钱？这次我们和@碧蓝航线  一拍即合，前往河南汝州，想带你一起来看看这门传承了千年的中国手艺——汝瓷。如果你喜欢这期视频，请多多支持我们，并把视频分享给你的朋友们一起看看!,https://i0.hdslb.com/bfs/archive/de6649ac16c7c62fab9774d44b60a36965bf8592.jpg
458,【超燃】中国非遗超燃混剪,BV1a1keYbEF2,113695099261522,万川嘉心,1970823994,影视剪辑,5:25,2024-12-22 14:44,43569,522,935,1,71,"非遗文化分享官,非遗,传统文化,中国,人文历史档案馆2.0",-,https://i0.hdslb.com/bfs/archive/8ee2d7ef1efc6aa7d7727e5abbe06bb3a52eb859.jpg
459,开者即死，这四个字震慑了盗墓贼整整1400年,BV1W1ckz1EYk,116215389363710,江寻千,1895195099,手工,7:22,2026-03-12 17:11,1689754,71814,35516,702,773,"文化,闹蛾扑花钗,寻找100位非遗手艺人,非遗,花丝镶嵌,手工艺",,https://i2.hdslb.com/bfs/archive/2bdc919399b36b6c49fcc199af199f86ff1e8252.jpg
460,这个杯子浑身是孔，却滴水不漏,BV1jm84zcExE,114919047503711,江寻千,1895195099,影视剪辑,8:57,2025-07-26 18:28,8061674,297315,157059,4390,3837,"瓷器,传统文化,陶瓷,玲珑瓷,手工,非遗,寻找100位非遗手艺人",,https://i1.hdslb.com/bfs/archive/d3717a4ab06941d7e11769fe1a7e10133677d782.jpg
461,笑不中了！贾旭明老师号都没了，圆桌也没整清楚，又跑到非遗相声大会说相声了哈哈哈哈哈哈，网友：“相声这个行业危险系数这么高吗”哈哈哈哈或许是贾老师危险系数高？,BV1K8NMzYEmj,116192387795647,又一次嗑到了,3546939108886611,娱乐粉丝创作,22:12,2026-03-08 15:37,163503,3921,1214,998,330,"相声,爆笑,搞笑,贾局,段子,贾旭明,讽刺,小品,最新",-,https://i0.hdslb.com/bfs/archive/23c1efe6437884d6ea193d2b052293322e74de66.jpg
462,"贾旭明郑健相声《贾诗人》高清字幕版,贾旭明非遗相声春晚作品，搞笑不断！",BV1yBPoztEG3,116201934098540,相声茶馆,25375697,搞笑,22:12,2026-03-10 11:05,12543,150,72,19,16,"非遗相声,贾旭明相声,郑健,搞笑相声,非遗,相声小品,贾旭明,相声,春晚,搞笑","贾旭明郑健相声《贾诗人》高清字幕版,贾旭明非遗相声春晚作品，搞笑不断！",https://i1.hdslb.com/bfs/archive/32b9839ce3dd1a1fac4cbb5be6083dddea99bffa.jpg
463,【央视】综合频道CCTV-1《非遗里的中国》（第一季）,BV1AN411M7VY,493763285,八神逸枫,10289419,综艺,1086:50,2023-11-25 18:26,333808,3674,14406,1972,114,"非遗,人文,文化","https://tv.cctv.com/2022/12/30/VIDAIxSnFuJtsqzH4HZK9Yc4221230.shtml
《非遗里的中国》通过非遗创新秀演、沉浸体验、还原绝技等全新的方式来打开非遗，多维度呈现非遗的创新成果、历史底蕴、中国智慧、东方美学。节目展现非遗在新时代迸发出的焕新力量，呈现非遗时光流变中的一脉相承与继往开来。",https://i0.hdslb.com/bfs/archive/8268536bcc5c0b6c21c2dc540a25c7aad0559223.png
464,东巴纸,BV1ozw4ztEqm,116228106551729,归乡人山白,3494349557992101,手工,8:10,2026-03-14 23:02,677325,98030,9908,1849,1113,"寻找100位非遗手艺人,东巴纸,纳西族,手工纸,手工艺,手工,原创",纸寿千年，纳西族手工造纸。,https://i1.hdslb.com/bfs/archive/62ed064b30e48ab8740683535ec2a4640da5791a.jpg
465,中国的42项世界非遗项目 你都知道吗？,BV1NK411G7rv,500654333,中新视频,104092224,社会,4:38,2020-12-19 15:11,28939,680,801,21,38,"世界非遗项目,中国",12月17日晚，中国单独申报的“太极拳”、与马来西亚联合申报的“送王船——有关人与海洋可持续联系的仪式及相关实践”两个项目，经联合国教科文组织保护非物质文化遗产政府间委员会评审通过，列入联合国教科文组织人类非物质文化遗产代表作名录。那么，你知道中国的世界非物质文化遗产项目有多少个？有哪些？快跟我一起增长知识吧！,https://i2.hdslb.com/bfs/archive/f2e9d4d1134718bada898f5f9cce68245e4c7592.jpg
466,【大学生纪录短片/非遗/剪纸/原创】纸下的时间旅行者【高清1080P】万物理论拯救传统文化,BV1xs411y7CG,5301655,暗海见雪生,25005818,小剧场,15:39,2016-07-12 14:20,390083,7508,12177,347,198,"传统文化,传承,纪录片,冯骥才,万物理论",以乡村七十多岁民间剪纸艺人几十年扎根于民间文化为起点，伴随着生活在城市却致力于剪纸的保护与创新的艺术家郭梅花的故事进行交叉叙事，串起剪纸的历史与发展，民俗与文化。,https://i1.hdslb.com/bfs/archive/36284d6e91d13a830b61de8ac73cc367a4f1f2d7.jpg
467,非遗群像MVP结算画面,BV1JwWyzPE74,115387786207195,Locus建鹏,448415359,运动综合,0:33,2025-10-17 13:15,3426804,947395,222099,100260,8884,"逆水寒手游,逆水寒非遗计划,逆水寒次元破壁",-,https://i2.hdslb.com/bfs/archive/b1acff3579f22a0752d4961c7d319667c1866b16.jpg
468,谁还不是个rapper！一首歌串起中国43项世界级非遗,BV1FV4y1y78y,870118526,央视新闻,456664753,人文历史,3:13,2023-06-22 09:56,353155,46508,9405,272,783,"非遗,说唱",目前，中国43个项目列入联合国教科文组织，非物质文化遗产名录、名册数量居世界第一。端午节到来之际，央视新闻推出原创音乐MV《非常·非遗》，用一首歌曲串联起这43项世界级非遗项目，以音乐和视觉符号呈现中国式浪漫，彰显古老东方的历史文明之美。,https://i0.hdslb.com/bfs/archive/4b2558b64cc8011d043597b24c184eb78ec51587.jpg
469,网红想火想疯了？魔改中国非遗“黄梅戏”，惨遭央视发文“怒”批,BV1oq4y1N7ug,547995107,下饭音乐,11173348,乐评盘点,4:29,2021-09-14 17:10,3642675,192762,15640,47189,12344,"音乐分享官,乐评盘点,周杰伦,小姐姐,漫步人生路,青花瓷,网红翻唱,粤语歌,黄梅戏",要说现在刷手机，新歌没几首，老歌倒是不断被 魔改翻唱~甚至为了流量，网红们跟风拍摄 根本不管歌曲内容~今天饭饭 就带来的几首 被网红玩“变味”的歌，坚持听完的 可都是我的死忠粉呐,https://i2.hdslb.com/bfs/archive/65a0a945e8e351ea4548859398048a400a3bc155.jpg
470,鬼步、僵尸摔、滚灯……科普19种技惊四座的非遗绝技,BV1kXpWzyE6u,115217564570288,全球顶尖投影,3546744608524364,出行,2:45,2025-09-17 11:45,423693,37473,8866,256,555,"绝技,人文历史档案馆,传统文化,变脸,杂技,戏曲,鬼步,非遗,科普,京剧",,https://i1.hdslb.com/bfs/archive/c60f3ec3e64997d87ead2e58699a3eb49cb40e99.jpg
471,以朱为信，以泥承魂，印泥，中华文房瑰宝,BV1VanmzbEbt,115293598781324,I彭传明,589188442,手工,22:26,2025-09-30 22:15,335678,28987,2825,1570,500,"中国,原创,文化",-,https://i2.hdslb.com/bfs/archive/9f1331aecca0077f75a416b03dd6219d90c378e5.jpg
472,这不是迷信，这是中国傩戏。,BV1Xf421v74t,1206450288,唱饭的王小潮,1107899745,人文历史,2:45,2024-08-10 09:58,4003238,421831,190004,3655,4475,"非遗文化,文化,正能量,寻找非遗文化,行走的人文,中国",-,https://i1.hdslb.com/bfs/archive/49daebd4631fa0c00276d9350417f86fbd6af584.jpg
473,【《浮光》遇到中国非遗】中国的43个世界级非遗，你知道几个？,BV1L1421275U,1555202564,非遗正年轻,156651846,人文历史,4:21,2024-05-27 21:37,70621,1491,2589,17,61,"浮光,周深,世界级非遗,中国,传统文化,历史,非遗,文化",-,https://i0.hdslb.com/bfs/archive/a11d2fe91f98de969d84d93481c666bc65adbd4f.jpg
474,老祖宗：不管了！好歹非遗传下来了！,BV1sjwez4ENA,116249463881838,料理小咪,18237423,颜值·网红舞,0:36,2026-03-18 17:29,13194,2076,651,122,67,"川剧摇,四时少女,火苗dj,葛仙村,古风","我们来葛仙村玩啦！好好玩！下次还来～
从左到右出境：
玉玲珑：小水泡汤
汉服：西海岸红杉
胡桃：料理小咪
大乔：十元酱少女",https://i2.hdslb.com/bfs/archive/59308324aa32767546f15be431472416fb28151a.jpg
475,手写代码的程序员成非遗了❓「古法编程」突然火了❗️,BV1UzwDz1E6w,116243071835663,智冷Shaw,480800563,计算机技术,0:51,2026-03-17 14:22,12243,121,75,86,64,"万万没想到,AI,人工智能,编程,程序员,学习,高能,科普,分享我的专业知识,代码",“古法编程”这个词一出来，我先笑了。以前程序员不用AI写代码叫基本操作，现在居然成了“古法手艺”。照这趋势下去，未来程序员怕不是要进博物馆现场表演纯手搓代码了。你觉得，不靠AI写代码的人，以后会不会真成“非遗传承人”？关注智冷Shaw，AI时代走前头！,https://i1.hdslb.com/bfs/archive/dedb798ce2c9122234b899598e2262af3e525da5.jpg
476,99%的人没见过这个非遗，可它正在消失,BV14A57zLEd1,114358101284195,摇铃啊摇铃儿,1330962869,人文历史,6:55,2025-04-18 17:10,2833317,123676,118188,4454,1189,"烟花,药发木偶,非遗,温州,寻找100位非遗手艺人,传统文化,寻找100位非遗手艺人 3.0,木偶戏",这是99%的人没听说过的非遗，温州泰顺的药发木偶。是火树银花的真实写照历时四个月，在失望与希望中反复挣扎，这次终于把周尔禄爷爷坚持了一生的热爱，带到了你的面前。因为这项非遗原料的特殊，一直在法律的文化传承的矛盾中挣扎，几度垂危，这期视频，中间有过很多次想放弃的时候，或许是因为我成为了他的第一位年轻“女徒弟”，或许因为这是我家乡的非遗，又或许只是因为它的传承人是周爷爷，这个历经种种磨难，依然在苦难中开出花的，理想主义老头！他真的太好啦87天的争取实在是漫长！可又怎么漫长得过周爷爷60多年，2万多天的坚持呢。,https://i2.hdslb.com/bfs/archive/f1dde5456c9361870e919747e4b14e1c10f212cc.jpg
477,在你看到这期视频之前，它，没有观众,BV1Nw4m1k7Mk,1106345646,南翔,596842980,手工,6:6,2024-08-14 16:50,15767246,917337,442020,17326,7673,"一起做手工吧16.0 手工暑期大作战,非遗,打铁花,我的整活手工大赏,非遗传承,炭花舞,七江炭花舞,火壶",-,https://i0.hdslb.com/bfs/archive/c3cc26fc610220badb0b446469ca0ecf63577451.jpg
478,【非遗美学创业】每周工作一小时，每年躺平收入超七位数,BV1Hm421g7hX,1606157528,村姑欣陶,384402877,财经商业,42:49,2024-07-05 19:40,18723,905,830,59,34,"青年用「财」图鉴,共同富裕,投资,找工作,乡村振兴,非遗美学,创业,李子柒,融资,创业合伙人",作为斜杠财经博主，想做些差异化的内容，可以和大家共同富裕，比如好的合伙创业、商务合作和工作的机会。而且不是在项目极早期，充满高度不确定性的时候介绍给大家，希望是有数据支持的商业模式小DEMO已经跑通的时候，在项目充满生命力蓬勃发展的时候，介绍给大家。作为前投资人，未来也将继续做投资的创业财经博主，将以投资人的角度和创始人对话，探讨创业过程中的挑战和应对方案，希望想创业或者正在创业ing的朋友们有借鉴意义。如果有想和我一起录制视频的创业者，希望自己的项目让更多投资人、创业者、合作伙伴或者未来团队成员看到，欢,https://i0.hdslb.com/bfs/archive/f8cb19204ce43fe8528dd2d144d8ba0dc070a9ca.jpg
479,每周质量报告 | 央视曝光假非遗乱象,BV1Upf9BVEut,116009952416434,央视网,222103174,日常,18:18,2026-02-04 10:20,30411,1851,309,51,81,非遗,,https://i2.hdslb.com/bfs/archive/34738e7584707de16910fa86679013ae30a45b8a.jpg
480,非遗植物拓染｜锤出三千年前的中国色,BV1wh72z8EXt,114611957272674,陈二十,22309487,日常,3:45,2025-06-02 17:00,606312,9965,17638,82,104,"非遗,我的手工真的很解压,传统文化,手工,植物拓染",周末如果不想聚会跟人社交，那就试试跟大自然产生链接，动手做一副属于自己独一无二的作品吧~,https://i2.hdslb.com/bfs/archive/cdf4bc1202ff41f59c71c6274c7a043cdc2171d4.jpg
481,【全程高能】中国各地的非遗年俗能有多震撼？直接看呆了！,BV1XywNeNEd3,113849181145296,司空离,358807,人文历史,7:16,2025-01-18 20:12,2901923,43884,29288,621,338,"2025克穷暴富,民俗,英歌舞,传统文化,年俗,打铁花,非遗",-,https://i2.hdslb.com/bfs/archive/07a04911a2dadb3b495f1beb71f181169a64b619.jpg
482,为什么都以为排箫是国外乐器？&quot;非遗 &quot;传统文化 &quot;乐器 &quot;,BV1NRwezhEmx,116249379996802,非遗传统手艺哥,3632303318239519,田园美食,2:30,2026-03-18 17:09,1194,60,5,2,4,"制作,文化,寻找100位非遗手艺人,B站好片有奖种草,非物质文化遗产",-,https://i0.hdslb.com/bfs/archive/d15c455bdb33bbcad358aa0ddb7cd3f5b788fdca.jpg
483,陈都灵四次非遗旗袍变装,BV1i1ZiB6E3G,116097378426485,可爱又迷人旳反派,3493079277373656,明星综合,4:13,2026-02-19 20:55,9081,202,328,5,17,"陈都灵,表演,美女",-,https://i2.hdslb.com/bfs/archive/b8060f153a8c411e26e498e997adf6661f015e7e.jpg
484,外网热评：中国非遗文化传承《傩戏》外国网友：精准的动作和传统文化的传承，很精彩,BV1WyckzjEd5,116215473242189,轩宝看油管,387967038,日常,1:36,2026-03-12 17:24,1067,12,5,0,0,"传统文化,中国,外网热评,中国非遗,外国网友评论,外网评论,评论翻译,外国人看中国,文化传承,非物质文化遗产",,https://i1.hdslb.com/bfs/archive/734cc883611d5be6e1ef3823234a16f1f8c2d334.jpg
485,中国文化输出赢麻了！国风舞惊艳全场，街头“非遗喷火”看懵老外,BV14fXVYxEV6,114182427116994,下饭音乐,11173348,乐评盘点,5:45,2025-03-18 16:18,196063,3377,875,253,56,"非遗文化,中国舞,文化输出",,https://i1.hdslb.com/bfs/archive/233a03d3aafc688e7c5bc9fe392337f875fc58ef.jpg
486,【纪录片】《中国手作》第一季 木作 第一集 榫卯智慧,BV1mk4y1c7M4,745848737,长安书院_,2147327022,人文历史,121:19,2023-09-09 17:26,166211,2479,12555,99,44,"历史,工匠,科普,人文,木作,榫卯,非遗,手作,纪录片,传统文化",如果觉得还不错，麻烦给个三连！谢谢~,https://i2.hdslb.com/bfs/archive/19f159e05c860021238a410bb02e3138deae4c61.png
487,挑战戏神非遗大片 今天拍的是“傩戏”！,BV1uLByBvELm,115791680838243,-小胡同学呀,262240557,穿搭,2:45,2025-12-27 21:18,1729264,38471,60664,1453,357,"传统文化,冷不丁化妆挑战,胡有姬,葛仙村,戏神,傩戏,非遗,江西,非物质文化遗产,挑战",-,https://i2.hdslb.com/bfs/archive/084a84aa9c8c5dc3386443cd5993a8e3f35b684d.jpg
488,外网看我国非遗文化变装转场！热评：文化自信在此刻具象化！ #非遗文化 #转场 #舞狮 #外国人看中国,BV1mWkzBtEho,115528446251640,星禾搞笑娱乐,1680121791,日常,1:36,2025-11-11 09:25,156077,2194,573,33,39,"中国风,制作,变装转场,B站辩论季！,歪果仁,传统文化,中国,文化",外网看我国非遗文化变装转场！热评：文化自信在此刻具象化！ #非遗文化 #转场 #舞狮 #外国人看中国,https://i0.hdslb.com/bfs/archive/2817e02809a8d3e33c7ece58178345d287ed3ea0.jpg
489,《针尖上的非遗》纪录片作品,BV1DTwezYEgC,116247752675641,爱学习美女罢了,491748066,影视剪辑,12:40,2026-03-18 10:15,13,0,0,0,0,"纪录片,文化,艺术,非遗",,https://i0.hdslb.com/bfs/archive/8a5752778faa90c0c173dbc419191bacfa40b9ad.jpg
490,外网热评：中国非遗！龙须面惊艳外网！一根面能拉千米，中华绝技太绝了,BV1WyckzjE38,116215473245756,轩宝看油管,387967038,日常,2:4,2026-03-12 17:24,2939,44,3,3,1,"外网热评,文化,中国,外国网友评论,外网评论,评论翻译,外国网友,外国人看中国,外网,娱乐资讯",,https://i1.hdslb.com/bfs/archive/017a6b927ce0726e3ae65bc65666be3e5caa1f74.jpg
491,江寻千：把100种非遗，拍成文艺复兴名场面,BV1nvceznEoG,116055401826217,环球人物新媒体,30042311,运动文化,8:7,2026-02-19 09:00,7354,530,246,8,8,"传统文化,文化,中国,非遗",,https://i1.hdslb.com/bfs/archive/f83a1f00a4aa6149581d5a49c0a01bcf3a027dbd.jpg
492,中国非遗惊艳世界，视觉盛宴引全球热议,BV1UVwszqEVM,116225405359197,油管外网趣评,508321791,日常,1:41,2026-03-14 11:31,1256,28,1,0,0,"绘画,游戏,动作游戏",-,https://i2.hdslb.com/bfs/archive/d80dab66b5956ebc796846f4ef9075ea766ceac7.jpg
493,这才是真正的非遗技艺，场面真是太震撼了,BV1JkPazUEPj,116187304368951,戏曲郑三妹,1220115075,亲子,2:3,2026-03-07 18:01,101427,8889,617,61,87,"经典电影,文化,中国",-,https://i1.hdslb.com/bfs/archive/5f11d65146774879397f479c8c44252237b33bbb.jpg
494,湘西赶尸，改了这么久终于可以发出来了,BV1uemfYrE2h,113487044941023,江寻千,1895195099,人文历史,21:11,2024-11-15 21:07,7827394,424253,209687,17336,8434,"寻找非遗手艺人,未解之谜,赶尸,奇闻,湘西,传统文化,寻找100位非遗手艺人",,https://i1.hdslb.com/bfs/archive/b552ff7f0ddac41eab6a006b935ddc86504c0e8e.jpg
495,从1块泥巴到上亿天价！非遗汝瓷如何点土成“金”？,BV1rsjmzbEWd,114574342757495,影视飓风,946974,手工,12:5,2025-05-28 17:00,2948282,168993,39702,32794,3557,"碧蓝航线,汝瓷,4K,拍摄,匠人,制作,非遗,碧蓝航线8周年,非物质文化遗产",这些看似不起眼的泥巴和石头，经过巧妙的加工，竟然可能卖出上亿元的天价。作为瓷器的一种，为什么“它”这么值钱？这次我们和@碧蓝航线  一拍即合，前往河南汝州，想带你一起来看看这门传承了千年的中国手艺——汝瓷。如果你喜欢这期视频，请多多支持我们，并把视频分享给你的朋友们一起看看!,https://i0.hdslb.com/bfs/archive/de6649ac16c7c62fab9774d44b60a36965bf8592.jpg
496,【超燃】中国非遗超燃混剪,BV1a1keYbEF2,113695099261522,万川嘉心,1970823994,影视剪辑,5:25,2024-12-22 14:44,43569,522,935,1,71,"非遗文化分享官,非遗,传统文化,中国,人文历史档案馆2.0",-,https://i0.hdslb.com/bfs/archive/8ee2d7ef1efc6aa7d7727e5abbe06bb3a52eb859.jpg
497,开者即死，这四个字震慑了盗墓贼整整1400年,BV1W1ckz1EYk,116215389363710,江寻千,1895195099,手工,7:22,2026-03-12 17:11,1689754,71814,35516,702,773,"文化,闹蛾扑花钗,寻找100位非遗手艺人,非遗,花丝镶嵌,手工艺",,https://i2.hdslb.com/bfs/archive/2bdc919399b36b6c49fcc199af199f86ff1e8252.jpg
498,这个杯子浑身是孔，却滴水不漏,BV1jm84zcExE,114919047503711,江寻千,1895195099,影视剪辑,8:57,2025-07-26 18:28,8061674,297315,157059,4390,3837,"瓷器,传统文化,陶瓷,玲珑瓷,手工,非遗,寻找100位非遗手艺人",,https://i1.hdslb.com/bfs/archive/d3717a4ab06941d7e11769fe1a7e10133677d782.jpg
499,笑不中了！贾旭明老师号都没了，圆桌也没整清楚，又跑到非遗相声大会说相声了哈哈哈哈哈哈，网友：“相声这个行业危险系数这么高吗”哈哈哈哈或许是贾老师危险系数高？,BV1K8NMzYEmj,116192387795647,又一次嗑到了,3546939108886611,娱乐粉丝创作,22:12,2026-03-08 15:37,163503,3921,1214,998,330,"相声,爆笑,搞笑,贾局,段子,贾旭明,讽刺,小品,最新",-,https://i0.hdslb.com/bfs/archive/23c1efe6437884d6ea193d2b052293322e74de66.jpg
500,"贾旭明郑健相声《贾诗人》高清字幕版,贾旭明非遗相声春晚作品，搞笑不断！",BV1yBPoztEG3,116201934098540,相声茶馆,25375697,搞笑,22:12,2026-03-10 11:05,12543,150,72,19,16,"非遗相声,贾旭明相声,郑健,搞笑相声,非遗,相声小品,贾旭明,相声,春晚,搞笑","贾旭明郑健相声《贾诗人》高清字幕版,贾旭明非遗相声春晚作品，搞笑不断！",https://i1.hdslb.com/bfs/archive/32b9839ce3dd1a1fac4cbb5be6083dddea99bffa.jpg
501,【央视】综合频道CCTV-1《非遗里的中国》（第一季）,BV1AN411M7VY,493763285,八神逸枫,10289419,综艺,1086:50,2023-11-25 18:26,333808,3674,14406,1972,114,"非遗,人文,文化","https://tv.cctv.com/2022/12/30/VIDAIxSnFuJtsqzH4HZK9Yc4221230.shtml
《非遗里的中国》通过非遗创新秀演、沉浸体验、还原绝技等全新的方式来打开非遗，多维度呈现非遗的创新成果、历史底蕴、中国智慧、东方美学。节目展现非遗在新时代迸发出的焕新力量，呈现非遗时光流变中的一脉相承与继往开来。",https://i0.hdslb.com/bfs/archive/8268536bcc5c0b6c21c2dc540a25c7aad0559223.png
502,东巴纸,BV1ozw4ztEqm,116228106551729,归乡人山白,3494349557992101,手工,8:10,2026-03-14 23:02,677347,98030,9908,1849,1113,"寻找100位非遗手艺人,东巴纸,纳西族,手工纸,手工艺,手工,原创",纸寿千年，纳西族手工造纸。,https://i1.hdslb.com/bfs/archive/62ed064b30e48ab8740683535ec2a4640da5791a.jpg
503,中国的42项世界非遗项目 你都知道吗？,BV1NK411G7rv,500654333,中新视频,104092224,社会,4:38,2020-12-19 15:11,28939,680,801,21,38,"世界非遗项目,中国",12月17日晚，中国单独申报的“太极拳”、与马来西亚联合申报的“送王船——有关人与海洋可持续联系的仪式及相关实践”两个项目，经联合国教科文组织保护非物质文化遗产政府间委员会评审通过，列入联合国教科文组织人类非物质文化遗产代表作名录。那么，你知道中国的世界非物质文化遗产项目有多少个？有哪些？快跟我一起增长知识吧！,https://i2.hdslb.com/bfs/archive/f2e9d4d1134718bada898f5f9cce68245e4c7592.jpg
504,【大学生纪录短片/非遗/剪纸/原创】纸下的时间旅行者【高清1080P】万物理论拯救传统文化,BV1xs411y7CG,5301655,暗海见雪生,25005818,小剧场,15:39,2016-07-12 14:20,390083,7508,12177,347,198,"传统文化,传承,纪录片,冯骥才,万物理论",以乡村七十多岁民间剪纸艺人几十年扎根于民间文化为起点，伴随着生活在城市却致力于剪纸的保护与创新的艺术家郭梅花的故事进行交叉叙事，串起剪纸的历史与发展，民俗与文化。,https://i1.hdslb.com/bfs/archive/36284d6e91d13a830b61de8ac73cc367a4f1f2d7.jpg
505,非遗群像MVP结算画面,BV1JwWyzPE74,115387786207195,Locus建鹏,448415359,运动综合,0:33,2025-10-17 13:15,3426804,947395,222099,100260,8884,"逆水寒手游,逆水寒非遗计划,逆水寒次元破壁",-,https://i2.hdslb.com/bfs/archive/b1acff3579f22a0752d4961c7d319667c1866b16.jpg
506,谁还不是个rapper！一首歌串起中国43项世界级非遗,BV1FV4y1y78y,870118526,央视新闻,456664753,人文历史,3:13,2023-06-22 09:56,353155,46508,9405,272,783,"非遗,说唱",目前，中国43个项目列入联合国教科文组织，非物质文化遗产名录、名册数量居世界第一。端午节到来之际，央视新闻推出原创音乐MV《非常·非遗》，用一首歌曲串联起这43项世界级非遗项目，以音乐和视觉符号呈现中国式浪漫，彰显古老东方的历史文明之美。,https://i0.hdslb.com/bfs/archive/4b2558b64cc8011d043597b24c184eb78ec51587.jpg
507,网红想火想疯了？魔改中国非遗“黄梅戏”，惨遭央视发文“怒”批,BV1oq4y1N7ug,547995107,下饭音乐,11173348,乐评盘点,4:29,2021-09-14 17:10,3642675,192762,15640,47189,12344,"音乐分享官,乐评盘点,周杰伦,小姐姐,漫步人生路,青花瓷,网红翻唱,粤语歌,黄梅戏",要说现在刷手机，新歌没几首，老歌倒是不断被 魔改翻唱~甚至为了流量，网红们跟风拍摄 根本不管歌曲内容~今天饭饭 就带来的几首 被网红玩“变味”的歌，坚持听完的 可都是我的死忠粉呐,https://i2.hdslb.com/bfs/archive/65a0a945e8e351ea4548859398048a400a3bc155.jpg
508,鬼步、僵尸摔、滚灯……科普19种技惊四座的非遗绝技,BV1kXpWzyE6u,115217564570288,全球顶尖投影,3546744608524364,出行,2:45,2025-09-17 11:45,423693,37473,8866,256,555,"绝技,人文历史档案馆,传统文化,变脸,杂技,戏曲,鬼步,非遗,科普,京剧",,https://i1.hdslb.com/bfs/archive/c60f3ec3e64997d87ead2e58699a3eb49cb40e99.jpg
509,以朱为信，以泥承魂，印泥，中华文房瑰宝,BV1VanmzbEbt,115293598781324,I彭传明,589188442,手工,22:26,2025-09-30 22:15,335678,28987,2825,1570,500,"中国,原创,文化",-,https://i2.hdslb.com/bfs/archive/9f1331aecca0077f75a416b03dd6219d90c378e5.jpg
510,这不是迷信，这是中国傩戏。,BV1Xf421v74t,1206450288,唱饭的王小潮,1107899745,人文历史,2:45,2024-08-10 09:58,4003238,421831,190004,3655,4475,"非遗文化,文化,正能量,寻找非遗文化,行走的人文,中国",-,https://i1.hdslb.com/bfs/archive/49daebd4631fa0c00276d9350417f86fbd6af584.jpg
511,【《浮光》遇到中国非遗】中国的43个世界级非遗，你知道几个？,BV1L1421275U,1555202564,非遗正年轻,156651846,人文历史,4:21,2024-05-27 21:37,70621,1491,2589,17,61,"浮光,周深,世界级非遗,中国,传统文化,历史,非遗,文化",-,https://i0.hdslb.com/bfs/archive/a11d2fe91f98de969d84d93481c666bc65adbd4f.jpg
512,老祖宗：不管了！好歹非遗传下来了！,BV1sjwez4ENA,116249463881838,料理小咪,18237423,颜值·网红舞,0:36,2026-03-18 17:29,13194,2076,651,122,67,"川剧摇,四时少女,火苗dj,葛仙村,古风","我们来葛仙村玩啦！好好玩！下次还来～
从左到右出境：
玉玲珑：小水泡汤
汉服：西海岸红杉
胡桃：料理小咪
大乔：十元酱少女",https://i2.hdslb.com/bfs/archive/59308324aa32767546f15be431472416fb28151a.jpg
513,手写代码的程序员成非遗了❓「古法编程」突然火了❗️,BV1UzwDz1E6w,116243071835663,智冷Shaw,480800563,计算机技术,0:51,2026-03-17 14:22,12243,121,75,86,64,"万万没想到,AI,人工智能,编程,程序员,学习,高能,科普,分享我的专业知识,代码",“古法编程”这个词一出来，我先笑了。以前程序员不用AI写代码叫基本操作，现在居然成了“古法手艺”。照这趋势下去，未来程序员怕不是要进博物馆现场表演纯手搓代码了。你觉得，不靠AI写代码的人，以后会不会真成“非遗传承人”？关注智冷Shaw，AI时代走前头！,https://i1.hdslb.com/bfs/archive/dedb798ce2c9122234b899598e2262af3e525da5.jpg
514,在你看到这期视频之前，它，没有观众,BV1Nw4m1k7Mk,1106345646,南翔,596842980,手工,6:6,2024-08-14 16:50,15767246,917337,442020,17326,7673,"一起做手工吧16.0 手工暑期大作战,非遗,打铁花,我的整活手工大赏,非遗传承,炭花舞,七江炭花舞,火壶",-,https://i0.hdslb.com/bfs/archive/c3cc26fc610220badb0b446469ca0ecf63577451.jpg
515,99%的人没见过这个非遗，可它正在消失,BV14A57zLEd1,114358101284195,摇铃啊摇铃儿,1330962869,人文历史,6:55,2025-04-18 17:10,2833317,123676,118188,4454,1189,"烟花,药发木偶,非遗,温州,寻找100位非遗手艺人,传统文化,寻找100位非遗手艺人 3.0,木偶戏",这是99%的人没听说过的非遗，温州泰顺的药发木偶。是火树银花的真实写照历时四个月，在失望与希望中反复挣扎，这次终于把周尔禄爷爷坚持了一生的热爱，带到了你的面前。因为这项非遗原料的特殊，一直在法律的文化传承的矛盾中挣扎，几度垂危，这期视频，中间有过很多次想放弃的时候，或许是因为我成为了他的第一位年轻“女徒弟”，或许因为这是我家乡的非遗，又或许只是因为它的传承人是周爷爷，这个历经种种磨难，依然在苦难中开出花的，理想主义老头！他真的太好啦87天的争取实在是漫长！可又怎么漫长得过周爷爷60多年，2万多天的坚持呢。,https://i2.hdslb.com/bfs/archive/f1dde5456c9361870e919747e4b14e1c10f212cc.jpg
516,【非遗美学创业】每周工作一小时，每年躺平收入超七位数,BV1Hm421g7hX,1606157528,村姑欣陶,384402877,财经商业,42:49,2024-07-05 19:40,18723,905,830,59,34,"青年用「财」图鉴,共同富裕,投资,找工作,乡村振兴,非遗美学,创业,李子柒,融资,创业合伙人",作为斜杠财经博主，想做些差异化的内容，可以和大家共同富裕，比如好的合伙创业、商务合作和工作的机会。而且不是在项目极早期，充满高度不确定性的时候介绍给大家，希望是有数据支持的商业模式小DEMO已经跑通的时候，在项目充满生命力蓬勃发展的时候，介绍给大家。作为前投资人，未来也将继续做投资的创业财经博主，将以投资人的角度和创始人对话，探讨创业过程中的挑战和应对方案，希望想创业或者正在创业ing的朋友们有借鉴意义。如果有想和我一起录制视频的创业者，希望自己的项目让更多投资人、创业者、合作伙伴或者未来团队成员看到，欢,https://i0.hdslb.com/bfs/archive/f8cb19204ce43fe8528dd2d144d8ba0dc070a9ca.jpg
517,每周质量报告 | 央视曝光假非遗乱象,BV1Upf9BVEut,116009952416434,央视网,222103174,日常,18:18,2026-02-04 10:20,30411,1851,309,51,81,非遗,,https://i2.hdslb.com/bfs/archive/34738e7584707de16910fa86679013ae30a45b8a.jpg
518,非遗植物拓染｜锤出三千年前的中国色,BV1wh72z8EXt,114611957272674,陈二十,22309487,日常,3:45,2025-06-02 17:00,606312,9965,17638,82,104,"非遗,我的手工真的很解压,传统文化,手工,植物拓染",周末如果不想聚会跟人社交，那就试试跟大自然产生链接，动手做一副属于自己独一无二的作品吧~,https://i2.hdslb.com/bfs/archive/cdf4bc1202ff41f59c71c6274c7a043cdc2171d4.jpg
519,【全程高能】中国各地的非遗年俗能有多震撼？直接看呆了！,BV1XywNeNEd3,113849181145296,司空离,358807,人文历史,7:16,2025-01-18 20:12,2901923,43884,29288,621,338,"2025克穷暴富,民俗,英歌舞,传统文化,年俗,打铁花,非遗",-,https://i2.hdslb.com/bfs/archive/07a04911a2dadb3b495f1beb71f181169a64b619.jpg
520,为什么都以为排箫是国外乐器？&quot;非遗 &quot;传统文化 &quot;乐器 &quot;,BV1NRwezhEmx,116249379996802,非遗传统手艺哥,3632303318239519,田园美食,2:30,2026-03-18 17:09,1194,60,5,2,4,"制作,文化,寻找100位非遗手艺人,B站好片有奖种草,非物质文化遗产",-,https://i0.hdslb.com/bfs/archive/d15c455bdb33bbcad358aa0ddb7cd3f5b788fdca.jpg
521,陈都灵四次非遗旗袍变装,BV1i1ZiB6E3G,116097378426485,可爱又迷人旳反派,3493079277373656,明星综合,4:13,2026-02-19 20:55,9081,202,328,5,17,"陈都灵,表演,美女",-,https://i2.hdslb.com/bfs/archive/b8060f153a8c411e26e498e997adf6661f015e7e.jpg
522,外网热评：中国非遗文化传承《傩戏》外国网友：精准的动作和传统文化的传承，很精彩,BV1WyckzjEd5,116215473242189,轩宝看油管,387967038,日常,1:36,2026-03-12 17:24,1067,12,5,0,0,"传统文化,中国,外网热评,中国非遗,外国网友评论,外网评论,评论翻译,外国人看中国,文化传承,非物质文化遗产",,https://i1.hdslb.com/bfs/archive/734cc883611d5be6e1ef3823234a16f1f8c2d334.jpg
523,中国文化输出赢麻了！国风舞惊艳全场，街头“非遗喷火”看懵老外,BV14fXVYxEV6,114182427116994,下饭音乐,11173348,乐评盘点,5:45,2025-03-18 16:18,196063,3377,875,253,56,"非遗文化,中国舞,文化输出",,https://i1.hdslb.com/bfs/archive/233a03d3aafc688e7c5bc9fe392337f875fc58ef.jpg
524,【纪录片】《中国手作》第一季 木作 第一集 榫卯智慧,BV1mk4y1c7M4,745848737,长安书院_,2147327022,人文历史,121:19,2023-09-09 17:26,166211,2479,12555,99,44,"历史,工匠,科普,人文,木作,榫卯,非遗,手作,纪录片,传统文化",如果觉得还不错，麻烦给个三连！谢谢~,https://i2.hdslb.com/bfs/archive/19f159e05c860021238a410bb02e3138deae4c61.png
525,挑战戏神非遗大片 今天拍的是“傩戏”！,BV1uLByBvELm,115791680838243,-小胡同学呀,262240557,穿搭,2:45,2025-12-27 21:18,1729264,38471,60664,1453,357,"传统文化,冷不丁化妆挑战,胡有姬,葛仙村,戏神,傩戏,非遗,江西,非物质文化遗产,挑战",-,https://i2.hdslb.com/bfs/archive/084a84aa9c8c5dc3386443cd5993a8e3f35b684d.jpg
526,外网看我国非遗文化变装转场！热评：文化自信在此刻具象化！ #非遗文化 #转场 #舞狮 #外国人看中国,BV1mWkzBtEho,115528446251640,星禾搞笑娱乐,1680121791,日常,1:36,2025-11-11 09:25,156077,2194,573,33,39,"中国风,制作,变装转场,B站辩论季！,歪果仁,传统文化,中国,文化",外网看我国非遗文化变装转场！热评：文化自信在此刻具象化！ #非遗文化 #转场 #舞狮 #外国人看中国,https://i0.hdslb.com/bfs/archive/2817e02809a8d3e33c7ece58178345d287ed3ea0.jpg
527,《针尖上的非遗》纪录片作品,BV1DTwezYEgC,116247752675641,爱学习美女罢了,491748066,影视剪辑,12:40,2026-03-18 10:15,13,0,0,0,0,"纪录片,文化,艺术,非遗",,https://i0.hdslb.com/bfs/archive/8a5752778faa90c0c173dbc419191bacfa40b9ad.jpg
528,外网热评：中国非遗！龙须面惊艳外网！一根面能拉千米，中华绝技太绝了,BV1WyckzjE38,116215473245756,轩宝看油管,387967038,日常,2:4,2026-03-12 17:24,2939,44,3,3,1,"外网热评,文化,中国,外国网友评论,外网评论,评论翻译,外国网友,外国人看中国,外网,娱乐资讯",,https://i1.hdslb.com/bfs/archive/017a6b927ce0726e3ae65bc65666be3e5caa1f74.jpg
529,赶紧一起学麻将！#这是我的非遗献礼  #一见爱上传统文化 #麻将   #科普,BV1bmwezKE22,116249396841444,走遍中国博物馆,1951435127,人文历史,1:34,2026-03-18 17:15,1567,91,24,2,6,"传统文化,万物研究所,非遗,传承,科普,文化,麻将",-,https://i1.hdslb.com/bfs/archive/de99b77c698a51739b46c779c6d57687c72bc479.jpg
530,非遗园,BV1Xdw9zhEyN,116245219247908,dagua009,1299667031,设计·创意,1:6,2026-03-17 23:28,11,0,0,0,0,数字人居,,https://i0.hdslb.com/bfs/archive/9306fa0a4a676fc8ec063be0739972fc1e1339c2.jpg
531,湘西赶尸，改了这么久终于可以发出来了,BV1uemfYrE2h,113487044941023,江寻千,1895195099,人文历史,21:11,2024-11-15 21:07,7827394,424253,209687,17336,8434,"寻找非遗手艺人,未解之谜,赶尸,奇闻,湘西,传统文化,寻找100位非遗手艺人",,https://i1.hdslb.com/bfs/archive/b552ff7f0ddac41eab6a006b935ddc86504c0e8e.jpg
532,毛晓彤丨福州非遗嘉年华伞舞 拍的最好的版本,BV1NnPtz7EAo,116183730752186,毛曉彤,257442725,国风舞蹈,1:4,2026-03-07 09:00,144047,14678,3257,85,336,"毛晓彤,新春舞蹈集结计划,非遗嘉年华,古典舞,国风舞蹈,仙女,演员,中国风,古风,现场",,https://i0.hdslb.com/bfs/archive/fc4823fb65786cf1aa38b96f3f9a5b8b111df2cd.jpg
533,从1块泥巴到上亿天价！非遗汝瓷如何点土成“金”？,BV1rsjmzbEWd,114574342757495,影视飓风,946974,手工,12:5,2025-05-28 17:00,2948282,168993,39702,32794,3557,"碧蓝航线,汝瓷,4K,拍摄,匠人,制作,非遗,碧蓝航线8周年,非物质文化遗产",这些看似不起眼的泥巴和石头，经过巧妙的加工，竟然可能卖出上亿元的天价。作为瓷器的一种，为什么“它”这么值钱？这次我们和@碧蓝航线  一拍即合，前往河南汝州，想带你一起来看看这门传承了千年的中国手艺——汝瓷。如果你喜欢这期视频，请多多支持我们，并把视频分享给你的朋友们一起看看!,https://i0.hdslb.com/bfs/archive/de6649ac16c7c62fab9774d44b60a36965bf8592.jpg
534,【超燃】中国非遗超燃混剪,BV1a1keYbEF2,113695099261522,万川嘉心,1970823994,影视剪辑,5:25,2024-12-22 14:44,43569,522,935,1,71,"非遗文化分享官,非遗,传统文化,中国,人文历史档案馆2.0",-,https://i0.hdslb.com/bfs/archive/8ee2d7ef1efc6aa7d7727e5abbe06bb3a52eb859.jpg
535,开者即死，这四个字震慑了盗墓贼整整1400年,BV1W1ckz1EYk,116215389363710,江寻千,1895195099,手工,7:22,2026-03-12 17:11,1689754,71814,35516,702,773,"文化,闹蛾扑花钗,寻找100位非遗手艺人,非遗,花丝镶嵌,手工艺",,https://i2.hdslb.com/bfs/archive/2bdc919399b36b6c49fcc199af199f86ff1e8252.jpg
536,笑不中了！贾旭明老师号都没了，圆桌也没整清楚，又跑到非遗相声大会说相声了哈哈哈哈哈哈，网友：“相声这个行业危险系数这么高吗”哈哈哈哈或许是贾老师危险系数高？,BV1K8NMzYEmj,116192387795647,又一次嗑到了,3546939108886611,娱乐粉丝创作,22:12,2026-03-08 15:37,163503,3921,1214,998,330,"相声,爆笑,搞笑,贾局,段子,贾旭明,讽刺,小品,最新",-,https://i0.hdslb.com/bfs/archive/23c1efe6437884d6ea193d2b052293322e74de66.jpg
537,这个杯子浑身是孔，却滴水不漏,BV1jm84zcExE,114919047503711,江寻千,1895195099,影视剪辑,8:57,2025-07-26 18:28,8061674,297315,157059,4390,3837,"瓷器,传统文化,陶瓷,玲珑瓷,手工,非遗,寻找100位非遗手艺人",,https://i1.hdslb.com/bfs/archive/d3717a4ab06941d7e11769fe1a7e10133677d782.jpg
538,"贾旭明郑健相声《贾诗人》高清字幕版,贾旭明非遗相声春晚作品，搞笑不断！",BV1yBPoztEG3,116201934098540,相声茶馆,25375697,搞笑,22:12,2026-03-10 11:05,12543,150,72,19,16,"非遗相声,贾旭明相声,郑健,搞笑相声,非遗,相声小品,贾旭明,相声,春晚,搞笑","贾旭明郑健相声《贾诗人》高清字幕版,贾旭明非遗相声春晚作品，搞笑不断！",https://i1.hdslb.com/bfs/archive/32b9839ce3dd1a1fac4cbb5be6083dddea99bffa.jpg
539,【央视】综合频道CCTV-1《非遗里的中国》（第一季）,BV1AN411M7VY,493763285,八神逸枫,10289419,综艺,1086:50,2023-11-25 18:26,333808,3674,14406,1972,114,"非遗,人文,文化","https://tv.cctv.com/2022/12/30/VIDAIxSnFuJtsqzH4HZK9Yc4221230.shtml
《非遗里的中国》通过非遗创新秀演、沉浸体验、还原绝技等全新的方式来打开非遗，多维度呈现非遗的创新成果、历史底蕴、中国智慧、东方美学。节目展现非遗在新时代迸发出的焕新力量，呈现非遗时光流变中的一脉相承与继往开来。",https://i0.hdslb.com/bfs/archive/8268536bcc5c0b6c21c2dc540a25c7aad0559223.png
540,东巴纸,BV1ozw4ztEqm,116228106551729,归乡人山白,3494349557992101,手工,8:10,2026-03-14 23:02,677347,98030,9908,1849,1113,"寻找100位非遗手艺人,东巴纸,纳西族,手工纸,手工艺,手工,原创",纸寿千年，纳西族手工造纸。,https://i1.hdslb.com/bfs/archive/62ed064b30e48ab8740683535ec2a4640da5791a.jpg
541,【大学生纪录短片/非遗/剪纸/原创】纸下的时间旅行者【高清1080P】万物理论拯救传统文化,BV1xs411y7CG,5301655,暗海见雪生,25005818,小剧场,15:39,2016-07-12 14:20,390083,7508,12177,347,198,"传统文化,传承,纪录片,冯骥才,万物理论",以乡村七十多岁民间剪纸艺人几十年扎根于民间文化为起点，伴随着生活在城市却致力于剪纸的保护与创新的艺术家郭梅花的故事进行交叉叙事，串起剪纸的历史与发展，民俗与文化。,https://i1.hdslb.com/bfs/archive/36284d6e91d13a830b61de8ac73cc367a4f1f2d7.jpg
542,中国的42项世界非遗项目 你都知道吗？,BV1NK411G7rv,500654333,中新视频,104092224,社会,4:38,2020-12-19 15:11,28939,680,801,21,38,"世界非遗项目,中国",12月17日晚，中国单独申报的“太极拳”、与马来西亚联合申报的“送王船——有关人与海洋可持续联系的仪式及相关实践”两个项目，经联合国教科文组织保护非物质文化遗产政府间委员会评审通过，列入联合国教科文组织人类非物质文化遗产代表作名录。那么，你知道中国的世界非物质文化遗产项目有多少个？有哪些？快跟我一起增长知识吧！,https://i2.hdslb.com/bfs/archive/f2e9d4d1134718bada898f5f9cce68245e4c7592.jpg
543,非遗群像MVP结算画面,BV1JwWyzPE74,115387786207195,Locus建鹏,448415359,运动综合,0:33,2025-10-17 13:15,3426804,947395,222099,100260,8884,"逆水寒手游,逆水寒非遗计划,逆水寒次元破壁",-,https://i2.hdslb.com/bfs/archive/b1acff3579f22a0752d4961c7d319667c1866b16.jpg
544,谁还不是个rapper！一首歌串起中国43项世界级非遗,BV1FV4y1y78y,870118526,央视新闻,456664753,人文历史,3:13,2023-06-22 09:56,353155,46508,9405,272,783,"非遗,说唱",目前，中国43个项目列入联合国教科文组织，非物质文化遗产名录、名册数量居世界第一。端午节到来之际，央视新闻推出原创音乐MV《非常·非遗》，用一首歌曲串联起这43项世界级非遗项目，以音乐和视觉符号呈现中国式浪漫，彰显古老东方的历史文明之美。,https://i0.hdslb.com/bfs/archive/4b2558b64cc8011d043597b24c184eb78ec51587.jpg
545,网红想火想疯了？魔改中国非遗“黄梅戏”，惨遭央视发文“怒”批,BV1oq4y1N7ug,547995107,下饭音乐,11173348,乐评盘点,4:29,2021-09-14 17:10,3642675,192762,15640,47189,12344,"音乐分享官,乐评盘点,周杰伦,小姐姐,漫步人生路,青花瓷,网红翻唱,粤语歌,黄梅戏",要说现在刷手机，新歌没几首，老歌倒是不断被 魔改翻唱~甚至为了流量，网红们跟风拍摄 根本不管歌曲内容~今天饭饭 就带来的几首 被网红玩“变味”的歌，坚持听完的 可都是我的死忠粉呐,https://i2.hdslb.com/bfs/archive/65a0a945e8e351ea4548859398048a400a3bc155.jpg
546,鬼步、僵尸摔、滚灯……科普19种技惊四座的非遗绝技,BV1kXpWzyE6u,115217564570288,全球顶尖投影,3546744608524364,出行,2:45,2025-09-17 11:45,423693,37473,8866,256,555,"绝技,人文历史档案馆,传统文化,变脸,杂技,戏曲,鬼步,非遗,科普,京剧",,https://i1.hdslb.com/bfs/archive/c60f3ec3e64997d87ead2e58699a3eb49cb40e99.jpg
547,以朱为信，以泥承魂，印泥，中华文房瑰宝,BV1VanmzbEbt,115293598781324,I彭传明,589188442,手工,22:26,2025-09-30 22:15,335678,28987,2825,1570,500,"中国,原创,文化",-,https://i2.hdslb.com/bfs/archive/9f1331aecca0077f75a416b03dd6219d90c378e5.jpg
548,这不是迷信，这是中国傩戏。,BV1Xf421v74t,1206450288,唱饭的王小潮,1107899745,人文历史,2:45,2024-08-10 09:58,4003238,421831,190004,3655,4475,"非遗文化,文化,正能量,寻找非遗文化,行走的人文,中国",-,https://i1.hdslb.com/bfs/archive/49daebd4631fa0c00276d9350417f86fbd6af584.jpg
549,【《浮光》遇到中国非遗】中国的43个世界级非遗，你知道几个？,BV1L1421275U,1555202564,非遗正年轻,156651846,人文历史,4:21,2024-05-27 21:37,70621,1491,2589,17,61,"浮光,周深,世界级非遗,中国,传统文化,历史,非遗,文化",-,https://i0.hdslb.com/bfs/archive/a11d2fe91f98de969d84d93481c666bc65adbd4f.jpg
550,99%的人没见过这个非遗，可它正在消失,BV14A57zLEd1,114358101284195,摇铃啊摇铃儿,1330962869,人文历史,6:55,2025-04-18 17:10,2833317,123676,118188,4454,1189,"烟花,药发木偶,非遗,温州,寻找100位非遗手艺人,传统文化,寻找100位非遗手艺人 3.0,木偶戏",这是99%的人没听说过的非遗，温州泰顺的药发木偶。是火树银花的真实写照历时四个月，在失望与希望中反复挣扎，这次终于把周尔禄爷爷坚持了一生的热爱，带到了你的面前。因为这项非遗原料的特殊，一直在法律的文化传承的矛盾中挣扎，几度垂危，这期视频，中间有过很多次想放弃的时候，或许是因为我成为了他的第一位年轻“女徒弟”，或许因为这是我家乡的非遗，又或许只是因为它的传承人是周爷爷，这个历经种种磨难，依然在苦难中开出花的，理想主义老头！他真的太好啦87天的争取实在是漫长！可又怎么漫长得过周爷爷60多年，2万多天的坚持呢。,https://i2.hdslb.com/bfs/archive/f1dde5456c9361870e919747e4b14e1c10f212cc.jpg
551,老祖宗：不管了！好歹非遗传下来了！,BV1sjwez4ENA,116249463881838,料理小咪,18237423,颜值·网红舞,0:36,2026-03-18 17:29,13196,2076,651,122,67,"川剧摇,四时少女,火苗dj,葛仙村,古风","我们来葛仙村玩啦！好好玩！下次还来～
从左到右出境：
玉玲珑：小水泡汤
汉服：西海岸红杉
胡桃：料理小咪
大乔：十元酱少女",https://i2.hdslb.com/bfs/archive/59308324aa32767546f15be431472416fb28151a.jpg
552,每周质量报告 | 央视曝光假非遗乱象,BV1Upf9BVEut,116009952416434,央视网,222103174,日常,18:18,2026-02-04 10:20,30411,1851,309,51,81,非遗,,https://i2.hdslb.com/bfs/archive/34738e7584707de16910fa86679013ae30a45b8a.jpg
553,在你看到这期视频之前，它，没有观众,BV1Nw4m1k7Mk,1106345646,南翔,596842980,手工,6:6,2024-08-14 16:50,15767246,917337,442020,17326,7673,"一起做手工吧16.0 手工暑期大作战,非遗,打铁花,我的整活手工大赏,非遗传承,炭花舞,七江炭花舞,火壶",-,https://i0.hdslb.com/bfs/archive/c3cc26fc610220badb0b446469ca0ecf63577451.jpg
554,手写代码的程序员成非遗了❓「古法编程」突然火了❗️,BV1UzwDz1E6w,116243071835663,智冷Shaw,480800563,计算机技术,0:51,2026-03-17 14:22,12243,121,75,86,64,"万万没想到,AI,人工智能,编程,程序员,学习,高能,科普,分享我的专业知识,代码",“古法编程”这个词一出来，我先笑了。以前程序员不用AI写代码叫基本操作，现在居然成了“古法手艺”。照这趋势下去，未来程序员怕不是要进博物馆现场表演纯手搓代码了。你觉得，不靠AI写代码的人，以后会不会真成“非遗传承人”？关注智冷Shaw，AI时代走前头！,https://i1.hdslb.com/bfs/archive/dedb798ce2c9122234b899598e2262af3e525da5.jpg
555,【非遗美学创业】每周工作一小时，每年躺平收入超七位数,BV1Hm421g7hX,1606157528,村姑欣陶,384402877,财经商业,42:49,2024-07-05 19:40,18723,905,830,59,34,"青年用「财」图鉴,共同富裕,投资,找工作,乡村振兴,非遗美学,创业,李子柒,融资,创业合伙人",作为斜杠财经博主，想做些差异化的内容，可以和大家共同富裕，比如好的合伙创业、商务合作和工作的机会。而且不是在项目极早期，充满高度不确定性的时候介绍给大家，希望是有数据支持的商业模式小DEMO已经跑通的时候，在项目充满生命力蓬勃发展的时候，介绍给大家。作为前投资人，未来也将继续做投资的创业财经博主，将以投资人的角度和创始人对话，探讨创业过程中的挑战和应对方案，希望想创业或者正在创业ing的朋友们有借鉴意义。如果有想和我一起录制视频的创业者，希望自己的项目让更多投资人、创业者、合作伙伴或者未来团队成员看到，欢,https://i0.hdslb.com/bfs/archive/f8cb19204ce43fe8528dd2d144d8ba0dc070a9ca.jpg
556,非遗植物拓染｜锤出三千年前的中国色,BV1wh72z8EXt,114611957272674,陈二十,22309487,日常,3:45,2025-06-02 17:00,606312,9965,17638,82,104,"非遗,我的手工真的很解压,传统文化,手工,植物拓染",周末如果不想聚会跟人社交，那就试试跟大自然产生链接，动手做一副属于自己独一无二的作品吧~,https://i2.hdslb.com/bfs/archive/cdf4bc1202ff41f59c71c6274c7a043cdc2171d4.jpg
557,【全程高能】中国各地的非遗年俗能有多震撼？直接看呆了！,BV1XywNeNEd3,113849181145296,司空离,358807,人文历史,7:16,2025-01-18 20:12,2901923,43884,29288,621,338,"2025克穷暴富,民俗,英歌舞,传统文化,年俗,打铁花,非遗",-,https://i2.hdslb.com/bfs/archive/07a04911a2dadb3b495f1beb71f181169a64b619.jpg
558,陈都灵四次非遗旗袍变装,BV1i1ZiB6E3G,116097378426485,可爱又迷人旳反派,3493079277373656,明星综合,4:13,2026-02-19 20:55,9081,202,328,5,17,"陈都灵,表演,美女",-,https://i2.hdslb.com/bfs/archive/b8060f153a8c411e26e498e997adf6661f015e7e.jpg
559,为什么都以为排箫是国外乐器？&quot;非遗 &quot;传统文化 &quot;乐器 &quot;,BV1NRwezhEmx,116249379996802,非遗传统手艺哥,3632303318239519,田园美食,2:30,2026-03-18 17:09,1194,60,5,2,4,"制作,文化,寻找100位非遗手艺人,B站好片有奖种草,非物质文化遗产",-,https://i0.hdslb.com/bfs/archive/d15c455bdb33bbcad358aa0ddb7cd3f5b788fdca.jpg
560,外网热评：中国非遗文化传承《傩戏》外国网友：精准的动作和传统文化的传承，很精彩,BV1WyckzjEd5,116215473242189,轩宝看油管,387967038,日常,1:36,2026-03-12 17:24,1067,12,5,0,0,"传统文化,中国,外网热评,中国非遗,外国网友评论,外网评论,评论翻译,外国人看中国,文化传承,非物质文化遗产",,https://i1.hdslb.com/bfs/archive/734cc883611d5be6e1ef3823234a16f1f8c2d334.jpg
561,中国文化输出赢麻了！国风舞惊艳全场，街头“非遗喷火”看懵老外,BV14fXVYxEV6,114182427116994,下饭音乐,11173348,乐评盘点,5:45,2025-03-18 16:18,196063,3377,875,253,56,"非遗文化,中国舞,文化输出",,https://i1.hdslb.com/bfs/archive/233a03d3aafc688e7c5bc9fe392337f875fc58ef.jpg
562,挑战戏神非遗大片 今天拍的是“傩戏”！,BV1uLByBvELm,115791680838243,-小胡同学呀,262240557,穿搭,2:45,2025-12-27 21:18,1729285,38471,60664,1453,357,"传统文化,冷不丁化妆挑战,胡有姬,葛仙村,戏神,傩戏,非遗,江西,非物质文化遗产,挑战",-,https://i2.hdslb.com/bfs/archive/084a84aa9c8c5dc3386443cd5993a8e3f35b684d.jpg
563,【纪录片】《中国手作》第一季 木作 第一集 榫卯智慧,BV1mk4y1c7M4,745848737,长安书院_,2147327022,人文历史,121:19,2023-09-09 17:26,166211,2479,12555,99,44,"历史,工匠,科普,人文,木作,榫卯,非遗,手作,纪录片,传统文化",如果觉得还不错，麻烦给个三连！谢谢~,https://i2.hdslb.com/bfs/archive/19f159e05c860021238a410bb02e3138deae4c61.png
564,外网看我国非遗文化变装转场！热评：文化自信在此刻具象化！ #非遗文化 #转场 #舞狮 #外国人看中国,BV1mWkzBtEho,115528446251640,星禾搞笑娱乐,1680121791,日常,1:36,2025-11-11 09:25,156077,2194,573,33,39,"中国风,制作,变装转场,B站辩论季！,歪果仁,传统文化,中国,文化",外网看我国非遗文化变装转场！热评：文化自信在此刻具象化！ #非遗文化 #转场 #舞狮 #外国人看中国,https://i0.hdslb.com/bfs/archive/2817e02809a8d3e33c7ece58178345d287ed3ea0.jpg
565,外网热评：中国非遗！龙须面惊艳外网！一根面能拉千米，中华绝技太绝了,BV1WyckzjE38,116215473245756,轩宝看油管,387967038,日常,2:4,2026-03-12 17:24,2939,44,3,3,1,"外网热评,文化,中国,外国网友评论,外网评论,评论翻译,外国网友,外国人看中国,外网,娱乐资讯",,https://i1.hdslb.com/bfs/archive/017a6b927ce0726e3ae65bc65666be3e5caa1f74.jpg
566,江寻千：把100种非遗，拍成文艺复兴名场面,BV1nvceznEoG,116055401826217,环球人物新媒体,30042311,运动文化,8:7,2026-02-19 09:00,7354,530,246,8,8,"传统文化,文化,中国,非遗",,https://i1.hdslb.com/bfs/archive/f83a1f00a4aa6149581d5a49c0a01bcf3a027dbd.jpg
567,你敢信画面、音乐、配音全Ai制作？AIGC赋能文旅非遗新范例,BV1it421u7UK,1754365323,野生Peng友,227377272,AI影像,2:50,2024-05-11 14:14,21363,361,597,3,35,"AI,蜀锦,人工智能,AIGC,AI影像征集大赛,文旅,非遗","历时3个星期，用AI搞了2234张图片+210首音乐+588条视频+49条配音素材
终于抽卡抽出来了，我哭死！！
我已入魔，半夜走在路上看着开过的汽车都像是AI扩散。
收集200多幅古今经典蜀锦纹样为样本，
训练Lora，搭建了comfy ui的新工作流
SD、Runway、Pika........能用的都用了
每天开机都在给显卡上香
求求Sora、Vidu快点吧，真·不想抽卡了!!!",https://i1.hdslb.com/bfs/archive/2254da15574725ebe7a7c4c3767c77464b30795d.jpg
568,《针尖上的非遗》纪录片作品,BV1DTwezYEgC,116247752675641,爱学习美女罢了,491748066,影视剪辑,12:40,2026-03-18 10:15,13,0,0,0,0,"纪录片,文化,艺术,非遗",,https://i0.hdslb.com/bfs/archive/8a5752778faa90c0c173dbc419191bacfa40b9ad.jpg
569,家族企业兄弟齐心！6代传承非遗工艺，办学校就为不让手艺失传,BV1ZQwYzCEuU,116247584905106,爱你么么哒爱自己哦,3494372016393052,亲子,4:41,2026-03-18 09:33,22,0,0,0,0,"非遗,传承,文化",-,https://i2.hdslb.com/bfs/archive/18ffa44b1bfcd3f08a4cf8b2b9d1d0b72c63ce51.jpg
570,手工斫琴是智商税？别用工业标准衡量千年文化,BV1cTwqzcEod,116249749097395,古琴拓荒人卢玉平,3546840091855248,手工,1:46,2026-03-18 18:49,495,9,5,1,1,"匠人,非物质文化遗产,古琴,传统文化,手工,原创",,https://i1.hdslb.com/bfs/archive/783cb05ded88b46fe0659af025ffaab31c3040d5.jpg
571,湘西赶尸，改了这么久终于可以发出来了,BV1uemfYrE2h,113487044941023,江寻千,1895195099,人文历史,21:11,2024-11-15 21:07,7827394,424253,209687,17336,8434,"寻找非遗手艺人,未解之谜,赶尸,奇闻,湘西,传统文化,寻找100位非遗手艺人",,https://i1.hdslb.com/bfs/archive/b552ff7f0ddac41eab6a006b935ddc86504c0e8e.jpg
572,从1块泥巴到上亿天价！非遗汝瓷如何点土成“金”？,BV1rsjmzbEWd,114574342757495,影视飓风,946974,手工,12:5,2025-05-28 17:00,2948282,168993,39702,32794,3557,"碧蓝航线,汝瓷,4K,拍摄,匠人,制作,非遗,碧蓝航线8周年,非物质文化遗产",这些看似不起眼的泥巴和石头，经过巧妙的加工，竟然可能卖出上亿元的天价。作为瓷器的一种，为什么“它”这么值钱？这次我们和@碧蓝航线  一拍即合，前往河南汝州，想带你一起来看看这门传承了千年的中国手艺——汝瓷。如果你喜欢这期视频，请多多支持我们，并把视频分享给你的朋友们一起看看!,https://i0.hdslb.com/bfs/archive/de6649ac16c7c62fab9774d44b60a36965bf8592.jpg
573,【超燃】中国非遗超燃混剪,BV1a1keYbEF2,113695099261522,万川嘉心,1970823994,影视剪辑,5:25,2024-12-22 14:44,43569,522,935,1,71,"非遗文化分享官,非遗,传统文化,中国,人文历史档案馆2.0",-,https://i0.hdslb.com/bfs/archive/8ee2d7ef1efc6aa7d7727e5abbe06bb3a52eb859.jpg
574,开者即死，这四个字震慑了盗墓贼整整1400年,BV1W1ckz1EYk,116215389363710,江寻千,1895195099,手工,7:22,2026-03-12 17:11,1689754,71814,35516,702,773,"文化,闹蛾扑花钗,寻找100位非遗手艺人,非遗,花丝镶嵌,手工艺",,https://i2.hdslb.com/bfs/archive/2bdc919399b36b6c49fcc199af199f86ff1e8252.jpg
575,笑不中了！贾旭明老师号都没了，圆桌也没整清楚，又跑到非遗相声大会说相声了哈哈哈哈哈哈，网友：“相声这个行业危险系数这么高吗”哈哈哈哈或许是贾老师危险系数高？,BV1K8NMzYEmj,116192387795647,又一次嗑到了,3546939108886611,娱乐粉丝创作,22:12,2026-03-08 15:37,163503,3921,1214,998,330,"相声,爆笑,搞笑,贾局,段子,贾旭明,讽刺,小品,最新",-,https://i0.hdslb.com/bfs/archive/23c1efe6437884d6ea193d2b052293322e74de66.jpg
576,这个杯子浑身是孔，却滴水不漏,BV1jm84zcExE,114919047503711,江寻千,1895195099,影视剪辑,8:57,2025-07-26 18:28,8061674,297315,157059,4390,3837,"瓷器,传统文化,陶瓷,玲珑瓷,手工,非遗,寻找100位非遗手艺人",,https://i1.hdslb.com/bfs/archive/d3717a4ab06941d7e11769fe1a7e10133677d782.jpg
577,"贾旭明郑健相声《贾诗人》高清字幕版,贾旭明非遗相声春晚作品，搞笑不断！",BV1yBPoztEG3,116201934098540,相声茶馆,25375697,搞笑,22:12,2026-03-10 11:05,12543,150,72,19,16,"非遗相声,贾旭明相声,郑健,搞笑相声,非遗,相声小品,贾旭明,相声,春晚,搞笑","贾旭明郑健相声《贾诗人》高清字幕版,贾旭明非遗相声春晚作品，搞笑不断！",https://i1.hdslb.com/bfs/archive/32b9839ce3dd1a1fac4cbb5be6083dddea99bffa.jpg
578,【央视】综合频道CCTV-1《非遗里的中国》（第一季）,BV1AN411M7VY,493763285,八神逸枫,10289419,综艺,1086:50,2023-11-25 18:26,333808,3674,14406,1972,114,"非遗,人文,文化","https://tv.cctv.com/2022/12/30/VIDAIxSnFuJtsqzH4HZK9Yc4221230.shtml
《非遗里的中国》通过非遗创新秀演、沉浸体验、还原绝技等全新的方式来打开非遗，多维度呈现非遗的创新成果、历史底蕴、中国智慧、东方美学。节目展现非遗在新时代迸发出的焕新力量，呈现非遗时光流变中的一脉相承与继往开来。",https://i0.hdslb.com/bfs/archive/8268536bcc5c0b6c21c2dc540a25c7aad0559223.png
579,东巴纸,BV1ozw4ztEqm,116228106551729,归乡人山白,3494349557992101,手工,8:10,2026-03-14 23:02,677347,98030,9908,1849,1113,"寻找100位非遗手艺人,东巴纸,纳西族,手工纸,手工艺,手工,原创",纸寿千年，纳西族手工造纸。,https://i1.hdslb.com/bfs/archive/62ed064b30e48ab8740683535ec2a4640da5791a.jpg
580,中国的42项世界非遗项目 你都知道吗？,BV1NK411G7rv,500654333,中新视频,104092224,社会,4:38,2020-12-19 15:11,28939,680,801,21,38,"世界非遗项目,中国",12月17日晚，中国单独申报的“太极拳”、与马来西亚联合申报的“送王船——有关人与海洋可持续联系的仪式及相关实践”两个项目，经联合国教科文组织保护非物质文化遗产政府间委员会评审通过，列入联合国教科文组织人类非物质文化遗产代表作名录。那么，你知道中国的世界非物质文化遗产项目有多少个？有哪些？快跟我一起增长知识吧！,https://i2.hdslb.com/bfs/archive/f2e9d4d1134718bada898f5f9cce68245e4c7592.jpg
581,【大学生纪录短片/非遗/剪纸/原创】纸下的时间旅行者【高清1080P】万物理论拯救传统文化,BV1xs411y7CG,5301655,暗海见雪生,25005818,小剧场,15:39,2016-07-12 14:20,390083,7508,12177,347,198,"传统文化,传承,纪录片,冯骥才,万物理论",以乡村七十多岁民间剪纸艺人几十年扎根于民间文化为起点，伴随着生活在城市却致力于剪纸的保护与创新的艺术家郭梅花的故事进行交叉叙事，串起剪纸的历史与发展，民俗与文化。,https://i1.hdslb.com/bfs/archive/36284d6e91d13a830b61de8ac73cc367a4f1f2d7.jpg
582,非遗群像MVP结算画面,BV1JwWyzPE74,115387786207195,Locus建鹏,448415359,运动综合,0:33,2025-10-17 13:15,3426804,947395,222099,100260,8884,"逆水寒手游,逆水寒非遗计划,逆水寒次元破壁",-,https://i2.hdslb.com/bfs/archive/b1acff3579f22a0752d4961c7d319667c1866b16.jpg
583,谁还不是个rapper！一首歌串起中国43项世界级非遗,BV1FV4y1y78y,870118526,央视新闻,456664753,人文历史,3:13,2023-06-22 09:56,353155,46508,9405,272,783,"非遗,说唱",目前，中国43个项目列入联合国教科文组织，非物质文化遗产名录、名册数量居世界第一。端午节到来之际，央视新闻推出原创音乐MV《非常·非遗》，用一首歌曲串联起这43项世界级非遗项目，以音乐和视觉符号呈现中国式浪漫，彰显古老东方的历史文明之美。,https://i0.hdslb.com/bfs/archive/4b2558b64cc8011d043597b24c184eb78ec51587.jpg
584,网红想火想疯了？魔改中国非遗“黄梅戏”，惨遭央视发文“怒”批,BV1oq4y1N7ug,547995107,下饭音乐,11173348,乐评盘点,4:29,2021-09-14 17:10,3642675,192762,15640,47189,12344,"音乐分享官,乐评盘点,周杰伦,小姐姐,漫步人生路,青花瓷,网红翻唱,粤语歌,黄梅戏",要说现在刷手机，新歌没几首，老歌倒是不断被 魔改翻唱~甚至为了流量，网红们跟风拍摄 根本不管歌曲内容~今天饭饭 就带来的几首 被网红玩“变味”的歌，坚持听完的 可都是我的死忠粉呐,https://i2.hdslb.com/bfs/archive/65a0a945e8e351ea4548859398048a400a3bc155.jpg
585,鬼步、僵尸摔、滚灯……科普19种技惊四座的非遗绝技,BV1kXpWzyE6u,115217564570288,全球顶尖投影,3546744608524364,出行,2:45,2025-09-17 11:45,423693,37473,8866,256,555,"绝技,人文历史档案馆,传统文化,变脸,杂技,戏曲,鬼步,非遗,科普,京剧",,https://i1.hdslb.com/bfs/archive/c60f3ec3e64997d87ead2e58699a3eb49cb40e99.jpg
586,以朱为信，以泥承魂，印泥，中华文房瑰宝,BV1VanmzbEbt,115293598781324,I彭传明,589188442,手工,22:26,2025-09-30 22:15,335678,28987,2825,1570,500,"中国,原创,文化",-,https://i2.hdslb.com/bfs/archive/9f1331aecca0077f75a416b03dd6219d90c378e5.jpg
587,这不是迷信，这是中国傩戏。,BV1Xf421v74t,1206450288,唱饭的王小潮,1107899745,人文历史,2:45,2024-08-10 09:58,4003238,421831,190004,3655,4475,"非遗文化,文化,正能量,寻找非遗文化,行走的人文,中国",-,https://i1.hdslb.com/bfs/archive/49daebd4631fa0c00276d9350417f86fbd6af584.jpg
588,【《浮光》遇到中国非遗】中国的43个世界级非遗，你知道几个？,BV1L1421275U,1555202564,非遗正年轻,156651846,人文历史,4:21,2024-05-27 21:37,70621,1491,2589,17,61,"浮光,周深,世界级非遗,中国,传统文化,历史,非遗,文化",-,https://i0.hdslb.com/bfs/archive/a11d2fe91f98de969d84d93481c666bc65adbd4f.jpg
589,99%的人没见过这个非遗，可它正在消失,BV14A57zLEd1,114358101284195,摇铃啊摇铃儿,1330962869,人文历史,6:55,2025-04-18 17:10,2833317,123676,118188,4454,1189,"烟花,药发木偶,非遗,温州,寻找100位非遗手艺人,传统文化,寻找100位非遗手艺人 3.0,木偶戏",这是99%的人没听说过的非遗，温州泰顺的药发木偶。是火树银花的真实写照历时四个月，在失望与希望中反复挣扎，这次终于把周尔禄爷爷坚持了一生的热爱，带到了你的面前。因为这项非遗原料的特殊，一直在法律的文化传承的矛盾中挣扎，几度垂危，这期视频，中间有过很多次想放弃的时候，或许是因为我成为了他的第一位年轻“女徒弟”，或许因为这是我家乡的非遗，又或许只是因为它的传承人是周爷爷，这个历经种种磨难，依然在苦难中开出花的，理想主义老头！他真的太好啦87天的争取实在是漫长！可又怎么漫长得过周爷爷60多年，2万多天的坚持呢。,https://i2.hdslb.com/bfs/archive/f1dde5456c9361870e919747e4b14e1c10f212cc.jpg
590,每周质量报告 | 央视曝光假非遗乱象,BV1Upf9BVEut,116009952416434,央视网,222103174,日常,18:18,2026-02-04 10:20,30411,1851,309,51,81,非遗,,https://i2.hdslb.com/bfs/archive/34738e7584707de16910fa86679013ae30a45b8a.jpg
591,老祖宗：不管了！好歹非遗传下来了！,BV1sjwez4ENA,116249463881838,料理小咪,18237423,颜值·网红舞,0:36,2026-03-18 17:29,13196,2076,651,122,67,"川剧摇,四时少女,火苗dj,葛仙村,古风","我们来葛仙村玩啦！好好玩！下次还来～
从左到右出境：
玉玲珑：小水泡汤
汉服：西海岸红杉
胡桃：料理小咪
大乔：十元酱少女",https://i2.hdslb.com/bfs/archive/59308324aa32767546f15be431472416fb28151a.jpg
592,在你看到这期视频之前，它，没有观众,BV1Nw4m1k7Mk,1106345646,南翔,596842980,手工,6:6,2024-08-14 16:50,15767246,917337,442020,17326,7673,"一起做手工吧16.0 手工暑期大作战,非遗,打铁花,我的整活手工大赏,非遗传承,炭花舞,七江炭花舞,火壶",-,https://i0.hdslb.com/bfs/archive/c3cc26fc610220badb0b446469ca0ecf63577451.jpg
593,手写代码的程序员成非遗了❓「古法编程」突然火了❗️,BV1UzwDz1E6w,116243071835663,智冷Shaw,480800563,计算机技术,0:51,2026-03-17 14:22,12243,121,75,86,64,"万万没想到,AI,人工智能,编程,程序员,学习,高能,科普,分享我的专业知识,代码",“古法编程”这个词一出来，我先笑了。以前程序员不用AI写代码叫基本操作，现在居然成了“古法手艺”。照这趋势下去，未来程序员怕不是要进博物馆现场表演纯手搓代码了。你觉得，不靠AI写代码的人，以后会不会真成“非遗传承人”？关注智冷Shaw，AI时代走前头！,https://i1.hdslb.com/bfs/archive/dedb798ce2c9122234b899598e2262af3e525da5.jpg
594,【非遗美学创业】每周工作一小时，每年躺平收入超七位数,BV1Hm421g7hX,1606157528,村姑欣陶,384402877,财经商业,42:49,2024-07-05 19:40,18723,905,830,59,34,"青年用「财」图鉴,共同富裕,投资,找工作,乡村振兴,非遗美学,创业,李子柒,融资,创业合伙人",作为斜杠财经博主，想做些差异化的内容，可以和大家共同富裕，比如好的合伙创业、商务合作和工作的机会。而且不是在项目极早期，充满高度不确定性的时候介绍给大家，希望是有数据支持的商业模式小DEMO已经跑通的时候，在项目充满生命力蓬勃发展的时候，介绍给大家。作为前投资人，未来也将继续做投资的创业财经博主，将以投资人的角度和创始人对话，探讨创业过程中的挑战和应对方案，希望想创业或者正在创业ing的朋友们有借鉴意义。如果有想和我一起录制视频的创业者，希望自己的项目让更多投资人、创业者、合作伙伴或者未来团队成员看到，欢,https://i0.hdslb.com/bfs/archive/f8cb19204ce43fe8528dd2d144d8ba0dc070a9ca.jpg
595,非遗植物拓染｜锤出三千年前的中国色,BV1wh72z8EXt,114611957272674,陈二十,22309487,日常,3:45,2025-06-02 17:00,606312,9965,17638,82,104,"非遗,我的手工真的很解压,传统文化,手工,植物拓染",周末如果不想聚会跟人社交，那就试试跟大自然产生链接，动手做一副属于自己独一无二的作品吧~,https://i2.hdslb.com/bfs/archive/cdf4bc1202ff41f59c71c6274c7a043cdc2171d4.jpg
596,【全程高能】中国各地的非遗年俗能有多震撼？直接看呆了！,BV1XywNeNEd3,113849181145296,司空离,358807,人文历史,7:16,2025-01-18 20:12,2901923,43884,29288,621,338,"2025克穷暴富,民俗,英歌舞,传统文化,年俗,打铁花,非遗",-,https://i2.hdslb.com/bfs/archive/07a04911a2dadb3b495f1beb71f181169a64b619.jpg
597,陈都灵四次非遗旗袍变装,BV1i1ZiB6E3G,116097378426485,可爱又迷人旳反派,3493079277373656,明星综合,4:13,2026-02-19 20:55,9081,202,328,5,17,"陈都灵,表演,美女",-,https://i2.hdslb.com/bfs/archive/b8060f153a8c411e26e498e997adf6661f015e7e.jpg
598,为什么都以为排箫是国外乐器？&quot;非遗 &quot;传统文化 &quot;乐器 &quot;,BV1NRwezhEmx,116249379996802,非遗传统手艺哥,3632303318239519,田园美食,2:30,2026-03-18 17:09,1194,60,5,2,4,"制作,文化,寻找100位非遗手艺人,B站好片有奖种草,非物质文化遗产",-,https://i0.hdslb.com/bfs/archive/d15c455bdb33bbcad358aa0ddb7cd3f5b788fdca.jpg
599,外网热评：中国非遗文化传承《傩戏》外国网友：精准的动作和传统文化的传承，很精彩,BV1WyckzjEd5,116215473242189,轩宝看油管,387967038,日常,1:36,2026-03-12 17:24,1067,12,5,0,0,"传统文化,中国,外网热评,中国非遗,外国网友评论,外网评论,评论翻译,外国人看中国,文化传承,非物质文化遗产",,https://i1.hdslb.com/bfs/archive/734cc883611d5be6e1ef3823234a16f1f8c2d334.jpg
600,【纪录片】《中国手作》第一季 木作 第一集 榫卯智慧,BV1mk4y1c7M4,745848737,长安书院_,2147327022,人文历史,121:19,2023-09-09 17:26,166211,2479,12555,99,44,"历史,工匠,科普,人文,木作,榫卯,非遗,手作,纪录片,传统文化",如果觉得还不错，麻烦给个三连！谢谢~,https://i2.hdslb.com/bfs/archive/19f159e05c860021238a410bb02e3138deae4c61.png
601,中国文化输出赢麻了！国风舞惊艳全场，街头“非遗喷火”看懵老外,BV14fXVYxEV6,114182427116994,下饭音乐,11173348,乐评盘点,5:45,2025-03-18 16:18,196063,3377,875,253,56,"非遗文化,中国舞,文化输出",,https://i1.hdslb.com/bfs/archive/233a03d3aafc688e7c5bc9fe392337f875fc58ef.jpg
602,挑战戏神非遗大片 今天拍的是“傩戏”！,BV1uLByBvELm,115791680838243,-小胡同学呀,262240557,穿搭,2:45,2025-12-27 21:18,1729285,38471,60664,1453,357,"传统文化,冷不丁化妆挑战,胡有姬,葛仙村,戏神,傩戏,非遗,江西,非物质文化遗产,挑战",-,https://i2.hdslb.com/bfs/archive/084a84aa9c8c5dc3386443cd5993a8e3f35b684d.jpg
603,外网看我国非遗文化变装转场！热评：文化自信在此刻具象化！ #非遗文化 #转场 #舞狮 #外国人看中国,BV1mWkzBtEho,115528446251640,星禾搞笑娱乐,1680121791,日常,1:36,2025-11-11 09:25,156077,2194,573,33,39,"中国风,制作,变装转场,B站辩论季！,歪果仁,传统文化,中国,文化",外网看我国非遗文化变装转场！热评：文化自信在此刻具象化！ #非遗文化 #转场 #舞狮 #外国人看中国,https://i0.hdslb.com/bfs/archive/2817e02809a8d3e33c7ece58178345d287ed3ea0.jpg
604,外网热评：中国非遗！龙须面惊艳外网！一根面能拉千米，中华绝技太绝了,BV1WyckzjE38,116215473245756,轩宝看油管,387967038,日常,2:4,2026-03-12 17:24,2939,44,3,3,1,"外网热评,文化,中国,外国网友评论,外网评论,评论翻译,外国网友,外国人看中国,外网,娱乐资讯",,https://i1.hdslb.com/bfs/archive/017a6b927ce0726e3ae65bc65666be3e5caa1f74.jpg
605,你敢信画面、音乐、配音全Ai制作？AIGC赋能文旅非遗新范例,BV1it421u7UK,1754365323,野生Peng友,227377272,AI影像,2:50,2024-05-11 14:14,21363,361,597,3,35,"AI,蜀锦,人工智能,AIGC,AI影像征集大赛,文旅,非遗","历时3个星期，用AI搞了2234张图片+210首音乐+588条视频+49条配音素材
终于抽卡抽出来了，我哭死！！
我已入魔，半夜走在路上看着开过的汽车都像是AI扩散。
收集200多幅古今经典蜀锦纹样为样本，
训练Lora，搭建了comfy ui的新工作流
SD、Runway、Pika........能用的都用了
每天开机都在给显卡上香
求求Sora、Vidu快点吧，真·不想抽卡了!!!",https://i1.hdslb.com/bfs/archive/2254da15574725ebe7a7c4c3767c77464b30795d.jpg
606,《针尖上的非遗》纪录片作品,BV1DTwezYEgC,116247752675641,爱学习美女罢了,491748066,影视剪辑,12:40,2026-03-18 10:15,13,0,0,0,0,"纪录片,文化,艺术,非遗",,https://i0.hdslb.com/bfs/archive/8a5752778faa90c0c173dbc419191bacfa40b9ad.jpg
607,江寻千：把100种非遗，拍成文艺复兴名场面,BV1nvceznEoG,116055401826217,环球人物新媒体,30042311,运动文化,8:7,2026-02-19 09:00,7354,530,246,8,8,"传统文化,文化,中国,非遗",,https://i1.hdslb.com/bfs/archive/f83a1f00a4aa6149581d5a49c0a01bcf3a027dbd.jpg
608,手工斫琴是智商税？别用工业标准衡量千年文化,BV1cTwqzcEod,116249749097395,古琴拓荒人卢玉平,3546840091855248,手工,1:46,2026-03-18 18:49,495,9,5,1,1,"匠人,非物质文化遗产,古琴,传统文化,手工,原创",,https://i1.hdslb.com/bfs/archive/783cb05ded88b46fe0659af025ffaab31c3040d5.jpg
609,湘西赶尸，改了这么久终于可以发出来了,BV1uemfYrE2h,113487044941023,江寻千,1895195099,人文历史,21:11,2024-11-15 21:07,7827394,424253,209687,17336,8434,"寻找非遗手艺人,未解之谜,赶尸,奇闻,湘西,传统文化,寻找100位非遗手艺人",,https://i1.hdslb.com/bfs/archive/b552ff7f0ddac41eab6a006b935ddc86504c0e8e.jpg
610,中国非遗惊艳世界，视觉盛宴引全球热议,BV1UVwszqEVM,116225405359197,油管外网趣评,508321791,日常,1:41,2026-03-14 11:31,1256,28,1,0,0,"绘画,游戏,动作游戏",-,https://i2.hdslb.com/bfs/archive/d80dab66b5956ebc796846f4ef9075ea766ceac7.jpg
611,从1块泥巴到上亿天价！非遗汝瓷如何点土成“金”？,BV1rsjmzbEWd,114574342757495,影视飓风,946974,手工,12:5,2025-05-28 17:00,2948282,168993,39702,32794,3557,"碧蓝航线,汝瓷,4K,拍摄,匠人,制作,非遗,碧蓝航线8周年,非物质文化遗产",这些看似不起眼的泥巴和石头，经过巧妙的加工，竟然可能卖出上亿元的天价。作为瓷器的一种，为什么“它”这么值钱？这次我们和@碧蓝航线  一拍即合，前往河南汝州，想带你一起来看看这门传承了千年的中国手艺——汝瓷。如果你喜欢这期视频，请多多支持我们，并把视频分享给你的朋友们一起看看!,https://i0.hdslb.com/bfs/archive/de6649ac16c7c62fab9774d44b60a36965bf8592.jpg
612,【超燃】中国非遗超燃混剪,BV1a1keYbEF2,113695099261522,万川嘉心,1970823994,影视剪辑,5:25,2024-12-22 14:44,43569,522,935,1,71,"非遗文化分享官,非遗,传统文化,中国,人文历史档案馆2.0",-,https://i0.hdslb.com/bfs/archive/8ee2d7ef1efc6aa7d7727e5abbe06bb3a52eb859.jpg
613,开者即死，这四个字震慑了盗墓贼整整1400年,BV1W1ckz1EYk,116215389363710,江寻千,1895195099,手工,7:22,2026-03-12 17:11,1689754,71814,35516,702,773,"文化,闹蛾扑花钗,寻找100位非遗手艺人,非遗,花丝镶嵌,手工艺",,https://i2.hdslb.com/bfs/archive/2bdc919399b36b6c49fcc199af199f86ff1e8252.jpg
614,笑不中了！贾旭明老师号都没了，圆桌也没整清楚，又跑到非遗相声大会说相声了哈哈哈哈哈哈，网友：“相声这个行业危险系数这么高吗”哈哈哈哈或许是贾老师危险系数高？,BV1K8NMzYEmj,116192387795647,又一次嗑到了,3546939108886611,娱乐粉丝创作,22:12,2026-03-08 15:37,163503,3921,1214,998,330,"相声,爆笑,搞笑,贾局,段子,贾旭明,讽刺,小品,最新",-,https://i0.hdslb.com/bfs/archive/23c1efe6437884d6ea193d2b052293322e74de66.jpg
615,这个杯子浑身是孔，却滴水不漏,BV1jm84zcExE,114919047503711,江寻千,1895195099,影视剪辑,8:57,2025-07-26 18:28,8061674,297315,157059,4390,3837,"瓷器,传统文化,陶瓷,玲珑瓷,手工,非遗,寻找100位非遗手艺人",,https://i1.hdslb.com/bfs/archive/d3717a4ab06941d7e11769fe1a7e10133677d782.jpg
616,"贾旭明郑健相声《贾诗人》高清字幕版,贾旭明非遗相声春晚作品，搞笑不断！",BV1yBPoztEG3,116201934098540,相声茶馆,25375697,搞笑,22:12,2026-03-10 11:05,12543,150,72,19,16,"非遗相声,贾旭明相声,郑健,搞笑相声,非遗,相声小品,贾旭明,相声,春晚,搞笑","贾旭明郑健相声《贾诗人》高清字幕版,贾旭明非遗相声春晚作品，搞笑不断！",https://i1.hdslb.com/bfs/archive/32b9839ce3dd1a1fac4cbb5be6083dddea99bffa.jpg
617,【央视】综合频道CCTV-1《非遗里的中国》（第一季）,BV1AN411M7VY,493763285,八神逸枫,10289419,综艺,1086:50,2023-11-25 18:26,333808,3674,14406,1972,114,"非遗,人文,文化","https://tv.cctv.com/2022/12/30/VIDAIxSnFuJtsqzH4HZK9Yc4221230.shtml
《非遗里的中国》通过非遗创新秀演、沉浸体验、还原绝技等全新的方式来打开非遗，多维度呈现非遗的创新成果、历史底蕴、中国智慧、东方美学。节目展现非遗在新时代迸发出的焕新力量，呈现非遗时光流变中的一脉相承与继往开来。",https://i0.hdslb.com/bfs/archive/8268536bcc5c0b6c21c2dc540a25c7aad0559223.png
618,东巴纸,BV1ozw4ztEqm,116228106551729,归乡人山白,3494349557992101,手工,8:10,2026-03-14 23:02,677347,98030,9908,1849,1113,"寻找100位非遗手艺人,东巴纸,纳西族,手工纸,手工艺,手工,原创",纸寿千年，纳西族手工造纸。,https://i1.hdslb.com/bfs/archive/62ed064b30e48ab8740683535ec2a4640da5791a.jpg
619,【大学生纪录短片/非遗/剪纸/原创】纸下的时间旅行者【高清1080P】万物理论拯救传统文化,BV1xs411y7CG,5301655,暗海见雪生,25005818,小剧场,15:39,2016-07-12 14:20,390083,7508,12177,347,198,"传统文化,传承,纪录片,冯骥才,万物理论",以乡村七十多岁民间剪纸艺人几十年扎根于民间文化为起点，伴随着生活在城市却致力于剪纸的保护与创新的艺术家郭梅花的故事进行交叉叙事，串起剪纸的历史与发展，民俗与文化。,https://i1.hdslb.com/bfs/archive/36284d6e91d13a830b61de8ac73cc367a4f1f2d7.jpg
620,中国的42项世界非遗项目 你都知道吗？,BV1NK411G7rv,500654333,中新视频,104092224,社会,4:38,2020-12-19 15:11,28939,680,801,21,38,"世界非遗项目,中国",12月17日晚，中国单独申报的“太极拳”、与马来西亚联合申报的“送王船——有关人与海洋可持续联系的仪式及相关实践”两个项目，经联合国教科文组织保护非物质文化遗产政府间委员会评审通过，列入联合国教科文组织人类非物质文化遗产代表作名录。那么，你知道中国的世界非物质文化遗产项目有多少个？有哪些？快跟我一起增长知识吧！,https://i2.hdslb.com/bfs/archive/f2e9d4d1134718bada898f5f9cce68245e4c7592.jpg
621,非遗群像MVP结算画面,BV1JwWyzPE74,115387786207195,Locus建鹏,448415359,运动综合,0:33,2025-10-17 13:15,3426804,947395,222099,100260,8884,"逆水寒手游,逆水寒非遗计划,逆水寒次元破壁",-,https://i2.hdslb.com/bfs/archive/b1acff3579f22a0752d4961c7d319667c1866b16.jpg
622,谁还不是个rapper！一首歌串起中国43项世界级非遗,BV1FV4y1y78y,870118526,央视新闻,456664753,人文历史,3:13,2023-06-22 09:56,353155,46508,9405,272,783,"非遗,说唱",目前，中国43个项目列入联合国教科文组织，非物质文化遗产名录、名册数量居世界第一。端午节到来之际，央视新闻推出原创音乐MV《非常·非遗》，用一首歌曲串联起这43项世界级非遗项目，以音乐和视觉符号呈现中国式浪漫，彰显古老东方的历史文明之美。,https://i0.hdslb.com/bfs/archive/4b2558b64cc8011d043597b24c184eb78ec51587.jpg
623,网红想火想疯了？魔改中国非遗“黄梅戏”，惨遭央视发文“怒”批,BV1oq4y1N7ug,547995107,下饭音乐,11173348,乐评盘点,4:29,2021-09-14 17:10,3642675,192762,15640,47189,12344,"音乐分享官,乐评盘点,周杰伦,小姐姐,漫步人生路,青花瓷,网红翻唱,粤语歌,黄梅戏",要说现在刷手机，新歌没几首，老歌倒是不断被 魔改翻唱~甚至为了流量，网红们跟风拍摄 根本不管歌曲内容~今天饭饭 就带来的几首 被网红玩“变味”的歌，坚持听完的 可都是我的死忠粉呐,https://i2.hdslb.com/bfs/archive/65a0a945e8e351ea4548859398048a400a3bc155.jpg
624,鬼步、僵尸摔、滚灯……科普19种技惊四座的非遗绝技,BV1kXpWzyE6u,115217564570288,全球顶尖投影,3546744608524364,出行,2:45,2025-09-17 11:45,423693,37473,8866,256,555,"绝技,人文历史档案馆,传统文化,变脸,杂技,戏曲,鬼步,非遗,科普,京剧",,https://i1.hdslb.com/bfs/archive/c60f3ec3e64997d87ead2e58699a3eb49cb40e99.jpg
625,以朱为信，以泥承魂，印泥，中华文房瑰宝,BV1VanmzbEbt,115293598781324,I彭传明,589188442,手工,22:26,2025-09-30 22:15,335678,28987,2825,1570,500,"中国,原创,文化",-,https://i2.hdslb.com/bfs/archive/9f1331aecca0077f75a416b03dd6219d90c378e5.jpg
626,这不是迷信，这是中国傩戏。,BV1Xf421v74t,1206450288,唱饭的王小潮,1107899745,人文历史,2:45,2024-08-10 09:58,4003239,421831,190004,3655,4475,"非遗文化,文化,正能量,寻找非遗文化,行走的人文,中国",-,https://i1.hdslb.com/bfs/archive/49daebd4631fa0c00276d9350417f86fbd6af584.jpg
627,【《浮光》遇到中国非遗】中国的43个世界级非遗，你知道几个？,BV1L1421275U,1555202564,非遗正年轻,156651846,人文历史,4:21,2024-05-27 21:37,70621,1491,2589,17,61,"浮光,周深,世界级非遗,中国,传统文化,历史,非遗,文化",-,https://i0.hdslb.com/bfs/archive/a11d2fe91f98de969d84d93481c666bc65adbd4f.jpg
628,99%的人没见过这个非遗，可它正在消失,BV14A57zLEd1,114358101284195,摇铃啊摇铃儿,1330962869,人文历史,6:55,2025-04-18 17:10,2833317,123676,118188,4454,1189,"烟花,药发木偶,非遗,温州,寻找100位非遗手艺人,传统文化,寻找100位非遗手艺人 3.0,木偶戏",这是99%的人没听说过的非遗，温州泰顺的药发木偶。是火树银花的真实写照历时四个月，在失望与希望中反复挣扎，这次终于把周尔禄爷爷坚持了一生的热爱，带到了你的面前。因为这项非遗原料的特殊，一直在法律的文化传承的矛盾中挣扎，几度垂危，这期视频，中间有过很多次想放弃的时候，或许是因为我成为了他的第一位年轻“女徒弟”，或许因为这是我家乡的非遗，又或许只是因为它的传承人是周爷爷，这个历经种种磨难，依然在苦难中开出花的，理想主义老头！他真的太好啦87天的争取实在是漫长！可又怎么漫长得过周爷爷60多年，2万多天的坚持呢。,https://i2.hdslb.com/bfs/archive/f1dde5456c9361870e919747e4b14e1c10f212cc.jpg
629,每周质量报告 | 央视曝光假非遗乱象,BV1Upf9BVEut,116009952416434,央视网,222103174,日常,18:18,2026-02-04 10:20,30411,1851,309,51,81,非遗,,https://i2.hdslb.com/bfs/archive/34738e7584707de16910fa86679013ae30a45b8a.jpg
630,老祖宗：不管了！好歹非遗传下来了！,BV1sjwez4ENA,116249463881838,料理小咪,18237423,颜值·网红舞,0:36,2026-03-18 17:29,13196,2076,651,122,67,"川剧摇,四时少女,火苗dj,葛仙村,古风","我们来葛仙村玩啦！好好玩！下次还来～
从左到右出境：
玉玲珑：小水泡汤
汉服：西海岸红杉
胡桃：料理小咪
大乔：十元酱少女",https://i2.hdslb.com/bfs/archive/59308324aa32767546f15be431472416fb28151a.jpg
631,在你看到这期视频之前，它，没有观众,BV1Nw4m1k7Mk,1106345646,南翔,596842980,手工,6:6,2024-08-14 16:50,15767246,917337,442020,17326,7673,"一起做手工吧16.0 手工暑期大作战,非遗,打铁花,我的整活手工大赏,非遗传承,炭花舞,七江炭花舞,火壶",-,https://i0.hdslb.com/bfs/archive/c3cc26fc610220badb0b446469ca0ecf63577451.jpg
632,手写代码的程序员成非遗了❓「古法编程」突然火了❗️,BV1UzwDz1E6w,116243071835663,智冷Shaw,480800563,计算机技术,0:51,2026-03-17 14:22,12243,121,75,86,64,"万万没想到,AI,人工智能,编程,程序员,学习,高能,科普,分享我的专业知识,代码",“古法编程”这个词一出来，我先笑了。以前程序员不用AI写代码叫基本操作，现在居然成了“古法手艺”。照这趋势下去，未来程序员怕不是要进博物馆现场表演纯手搓代码了。你觉得，不靠AI写代码的人，以后会不会真成“非遗传承人”？关注智冷Shaw，AI时代走前头！,https://i1.hdslb.com/bfs/archive/dedb798ce2c9122234b899598e2262af3e525da5.jpg
633,【非遗美学创业】每周工作一小时，每年躺平收入超七位数,BV1Hm421g7hX,1606157528,村姑欣陶,384402877,财经商业,42:49,2024-07-05 19:40,18723,905,830,59,34,"青年用「财」图鉴,共同富裕,投资,找工作,乡村振兴,非遗美学,创业,李子柒,融资,创业合伙人",作为斜杠财经博主，想做些差异化的内容，可以和大家共同富裕，比如好的合伙创业、商务合作和工作的机会。而且不是在项目极早期，充满高度不确定性的时候介绍给大家，希望是有数据支持的商业模式小DEMO已经跑通的时候，在项目充满生命力蓬勃发展的时候，介绍给大家。作为前投资人，未来也将继续做投资的创业财经博主，将以投资人的角度和创始人对话，探讨创业过程中的挑战和应对方案，希望想创业或者正在创业ing的朋友们有借鉴意义。如果有想和我一起录制视频的创业者，希望自己的项目让更多投资人、创业者、合作伙伴或者未来团队成员看到，欢,https://i0.hdslb.com/bfs/archive/f8cb19204ce43fe8528dd2d144d8ba0dc070a9ca.jpg
634,非遗植物拓染｜锤出三千年前的中国色,BV1wh72z8EXt,114611957272674,陈二十,22309487,日常,3:45,2025-06-02 17:00,606312,9965,17638,82,104,"非遗,我的手工真的很解压,传统文化,手工,植物拓染",周末如果不想聚会跟人社交，那就试试跟大自然产生链接，动手做一副属于自己独一无二的作品吧~,https://i2.hdslb.com/bfs/archive/cdf4bc1202ff41f59c71c6274c7a043cdc2171d4.jpg
635,【全程高能】中国各地的非遗年俗能有多震撼？直接看呆了！,BV1XywNeNEd3,113849181145296,司空离,358807,人文历史,7:16,2025-01-18 20:12,2901923,43884,29288,621,338,"2025克穷暴富,民俗,英歌舞,传统文化,年俗,打铁花,非遗",-,https://i2.hdslb.com/bfs/archive/07a04911a2dadb3b495f1beb71f181169a64b619.jpg
636,陈都灵四次非遗旗袍变装,BV1i1ZiB6E3G,116097378426485,可爱又迷人旳反派,3493079277373656,明星综合,4:13,2026-02-19 20:55,9081,202,328,5,17,"陈都灵,表演,美女",-,https://i2.hdslb.com/bfs/archive/b8060f153a8c411e26e498e997adf6661f015e7e.jpg
637,为什么都以为排箫是国外乐器？&quot;非遗 &quot;传统文化 &quot;乐器 &quot;,BV1NRwezhEmx,116249379996802,非遗传统手艺哥,3632303318239519,田园美食,2:30,2026-03-18 17:09,1194,60,5,2,4,"制作,文化,寻找100位非遗手艺人,B站好片有奖种草,非物质文化遗产",-,https://i0.hdslb.com/bfs/archive/d15c455bdb33bbcad358aa0ddb7cd3f5b788fdca.jpg
638,外网热评：中国非遗文化传承《傩戏》外国网友：精准的动作和传统文化的传承，很精彩,BV1WyckzjEd5,116215473242189,轩宝看油管,387967038,日常,1:36,2026-03-12 17:24,1067,12,5,0,0,"传统文化,中国,外网热评,中国非遗,外国网友评论,外网评论,评论翻译,外国人看中国,文化传承,非物质文化遗产",,https://i1.hdslb.com/bfs/archive/734cc883611d5be6e1ef3823234a16f1f8c2d334.jpg
639,中国文化输出赢麻了！国风舞惊艳全场，街头“非遗喷火”看懵老外,BV14fXVYxEV6,114182427116994,下饭音乐,11173348,乐评盘点,5:45,2025-03-18 16:18,196063,3377,875,253,56,"非遗文化,中国舞,文化输出",,https://i1.hdslb.com/bfs/archive/233a03d3aafc688e7c5bc9fe392337f875fc58ef.jpg
640,挑战戏神非遗大片 今天拍的是“傩戏”！,BV1uLByBvELm,115791680838243,-小胡同学呀,262240557,穿搭,2:45,2025-12-27 21:18,1729285,38471,60664,1453,357,"传统文化,冷不丁化妆挑战,胡有姬,葛仙村,戏神,傩戏,非遗,江西,非物质文化遗产,挑战",-,https://i2.hdslb.com/bfs/archive/084a84aa9c8c5dc3386443cd5993a8e3f35b684d.jpg
641,【纪录片】《中国手作》第一季 木作 第一集 榫卯智慧,BV1mk4y1c7M4,745848737,长安书院_,2147327022,人文历史,121:19,2023-09-09 17:26,166211,2479,12555,99,44,"历史,工匠,科普,人文,木作,榫卯,非遗,手作,纪录片,传统文化",如果觉得还不错，麻烦给个三连！谢谢~,https://i2.hdslb.com/bfs/archive/19f159e05c860021238a410bb02e3138deae4c61.png
642,外网看我国非遗文化变装转场！热评：文化自信在此刻具象化！ #非遗文化 #转场 #舞狮 #外国人看中国,BV1mWkzBtEho,115528446251640,星禾搞笑娱乐,1680121791,日常,1:36,2025-11-11 09:25,156077,2194,573,33,39,"中国风,制作,变装转场,B站辩论季！,歪果仁,传统文化,中国,文化",外网看我国非遗文化变装转场！热评：文化自信在此刻具象化！ #非遗文化 #转场 #舞狮 #外国人看中国,https://i0.hdslb.com/bfs/archive/2817e02809a8d3e33c7ece58178345d287ed3ea0.jpg
643,江寻千：把100种非遗，拍成文艺复兴名场面,BV1nvceznEoG,116055401826217,环球人物新媒体,30042311,运动文化,8:7,2026-02-19 09:00,7354,530,246,8,8,"传统文化,文化,中国,非遗",,https://i1.hdslb.com/bfs/archive/f83a1f00a4aa6149581d5a49c0a01bcf3a027dbd.jpg
644,你敢信画面、音乐、配音全Ai制作？AIGC赋能文旅非遗新范例,BV1it421u7UK,1754365323,野生Peng友,227377272,AI影像,2:50,2024-05-11 14:14,21363,361,597,3,35,"AI,蜀锦,人工智能,AIGC,AI影像征集大赛,文旅,非遗","历时3个星期，用AI搞了2234张图片+210首音乐+588条视频+49条配音素材
终于抽卡抽出来了，我哭死！！
我已入魔，半夜走在路上看着开过的汽车都像是AI扩散。
收集200多幅古今经典蜀锦纹样为样本，
训练Lora，搭建了comfy ui的新工作流
SD、Runway、Pika........能用的都用了
每天开机都在给显卡上香
求求Sora、Vidu快点吧，真·不想抽卡了!!!",https://i1.hdslb.com/bfs/archive/2254da15574725ebe7a7c4c3767c77464b30795d.jpg
645,外网热评：中国非遗！龙须面惊艳外网！一根面能拉千米，中华绝技太绝了,BV1WyckzjE38,116215473245756,轩宝看油管,387967038,日常,2:4,2026-03-12 17:24,2939,44,3,3,1,"外网热评,文化,中国,外国网友评论,外网评论,评论翻译,外国网友,外国人看中国,外网,娱乐资讯",,https://i1.hdslb.com/bfs/archive/017a6b927ce0726e3ae65bc65666be3e5caa1f74.jpg
646,《针尖上的非遗》纪录片作品,BV1DTwezYEgC,116247752675641,爱学习美女罢了,491748066,影视剪辑,12:40,2026-03-18 10:15,13,0,0,0,0,"纪录片,文化,艺术,非遗",,https://i0.hdslb.com/bfs/archive/8a5752778faa90c0c173dbc419191bacfa40b9ad.jpg
647,手工斫琴是智商税？别用工业标准衡量千年文化,BV1cTwqzcEod,116249749097395,古琴拓荒人卢玉平,3546840091855248,手工,1:46,2026-03-18 18:49,495,9,5,1,1,"匠人,非物质文化遗产,古琴,传统文化,手工,原创",,https://i1.hdslb.com/bfs/archive/783cb05ded88b46fe0659af025ffaab31c3040d5.jpg
648,湘西赶尸，改了这么久终于可以发出来了,BV1uemfYrE2h,113487044941023,江寻千,1895195099,人文历史,21:11,2024-11-15 21:07,7827394,424253,209687,17336,8434,"寻找非遗手艺人,未解之谜,赶尸,奇闻,湘西,传统文化,寻找100位非遗手艺人",,https://i1.hdslb.com/bfs/archive/b552ff7f0ddac41eab6a006b935ddc86504c0e8e.jpg
649,中国非遗惊艳世界，视觉盛宴引全球热议,BV1UVwszqEVM,116225405359197,油管外网趣评,508321791,日常,1:41,2026-03-14 11:31,1256,28,1,0,0,"绘画,游戏,动作游戏",-,https://i2.hdslb.com/bfs/archive/d80dab66b5956ebc796846f4ef9075ea766ceac7.jpg
650,从1块泥巴到上亿天价！非遗汝瓷如何点土成“金”？,BV1rsjmzbEWd,114574342757495,影视飓风,946974,手工,12:5,2025-05-28 17:00,2948282,168993,39702,32794,3557,"碧蓝航线,汝瓷,4K,拍摄,匠人,制作,非遗,碧蓝航线8周年,非物质文化遗产",这些看似不起眼的泥巴和石头，经过巧妙的加工，竟然可能卖出上亿元的天价。作为瓷器的一种，为什么“它”这么值钱？这次我们和@碧蓝航线  一拍即合，前往河南汝州，想带你一起来看看这门传承了千年的中国手艺——汝瓷。如果你喜欢这期视频，请多多支持我们，并把视频分享给你的朋友们一起看看!,https://i0.hdslb.com/bfs/archive/de6649ac16c7c62fab9774d44b60a36965bf8592.jpg
651,【超燃】中国非遗超燃混剪,BV1a1keYbEF2,113695099261522,万川嘉心,1970823994,影视剪辑,5:25,2024-12-22 14:44,43569,522,935,1,71,"非遗文化分享官,非遗,传统文化,中国,人文历史档案馆2.0",-,https://i0.hdslb.com/bfs/archive/8ee2d7ef1efc6aa7d7727e5abbe06bb3a52eb859.jpg
652,开者即死，这四个字震慑了盗墓贼整整1400年,BV1W1ckz1EYk,116215389363710,江寻千,1895195099,手工,7:22,2026-03-12 17:11,1689754,71814,35516,702,773,"文化,闹蛾扑花钗,寻找100位非遗手艺人,非遗,花丝镶嵌,手工艺",,https://i2.hdslb.com/bfs/archive/2bdc919399b36b6c49fcc199af199f86ff1e8252.jpg
653,笑不中了！贾旭明老师号都没了，圆桌也没整清楚，又跑到非遗相声大会说相声了哈哈哈哈哈哈，网友：“相声这个行业危险系数这么高吗”哈哈哈哈或许是贾老师危险系数高？,BV1K8NMzYEmj,116192387795647,又一次嗑到了,3546939108886611,娱乐粉丝创作,22:12,2026-03-08 15:37,163503,3921,1214,998,330,"相声,爆笑,搞笑,贾局,段子,贾旭明,讽刺,小品,最新",-,https://i0.hdslb.com/bfs/archive/23c1efe6437884d6ea193d2b052293322e74de66.jpg
654,这个杯子浑身是孔，却滴水不漏,BV1jm84zcExE,114919047503711,江寻千,1895195099,影视剪辑,8:57,2025-07-26 18:28,8061674,297315,157059,4390,3837,"瓷器,传统文化,陶瓷,玲珑瓷,手工,非遗,寻找100位非遗手艺人",,https://i1.hdslb.com/bfs/archive/d3717a4ab06941d7e11769fe1a7e10133677d782.jpg
655,"贾旭明郑健相声《贾诗人》高清字幕版,贾旭明非遗相声春晚作品，搞笑不断！",BV1yBPoztEG3,116201934098540,相声茶馆,25375697,搞笑,22:12,2026-03-10 11:05,12543,150,72,19,16,"非遗相声,贾旭明相声,郑健,搞笑相声,非遗,相声小品,贾旭明,相声,春晚,搞笑","贾旭明郑健相声《贾诗人》高清字幕版,贾旭明非遗相声春晚作品，搞笑不断！",https://i1.hdslb.com/bfs/archive/32b9839ce3dd1a1fac4cbb5be6083dddea99bffa.jpg
656,【央视】综合频道CCTV-1《非遗里的中国》（第一季）,BV1AN411M7VY,493763285,八神逸枫,10289419,综艺,1086:50,2023-11-25 18:26,333808,3674,14406,1972,114,"非遗,人文,文化","https://tv.cctv.com/2022/12/30/VIDAIxSnFuJtsqzH4HZK9Yc4221230.shtml
《非遗里的中国》通过非遗创新秀演、沉浸体验、还原绝技等全新的方式来打开非遗，多维度呈现非遗的创新成果、历史底蕴、中国智慧、东方美学。节目展现非遗在新时代迸发出的焕新力量，呈现非遗时光流变中的一脉相承与继往开来。",https://i0.hdslb.com/bfs/archive/8268536bcc5c0b6c21c2dc540a25c7aad0559223.png
657,东巴纸,BV1ozw4ztEqm,116228106551729,归乡人山白,3494349557992101,手工,8:10,2026-03-14 23:02,677347,98030,9908,1849,1113,"寻找100位非遗手艺人,东巴纸,纳西族,手工纸,手工艺,手工,原创",纸寿千年，纳西族手工造纸。,https://i1.hdslb.com/bfs/archive/62ed064b30e48ab8740683535ec2a4640da5791a.jpg
658,【大学生纪录短片/非遗/剪纸/原创】纸下的时间旅行者【高清1080P】万物理论拯救传统文化,BV1xs411y7CG,5301655,暗海见雪生,25005818,小剧场,15:39,2016-07-12 14:20,390083,7508,12177,347,198,"传统文化,传承,纪录片,冯骥才,万物理论",以乡村七十多岁民间剪纸艺人几十年扎根于民间文化为起点，伴随着生活在城市却致力于剪纸的保护与创新的艺术家郭梅花的故事进行交叉叙事，串起剪纸的历史与发展，民俗与文化。,https://i1.hdslb.com/bfs/archive/36284d6e91d13a830b61de8ac73cc367a4f1f2d7.jpg
659,中国的42项世界非遗项目 你都知道吗？,BV1NK411G7rv,500654333,中新视频,104092224,社会,4:38,2020-12-19 15:11,28939,680,801,21,38,"世界非遗项目,中国",12月17日晚，中国单独申报的“太极拳”、与马来西亚联合申报的“送王船——有关人与海洋可持续联系的仪式及相关实践”两个项目，经联合国教科文组织保护非物质文化遗产政府间委员会评审通过，列入联合国教科文组织人类非物质文化遗产代表作名录。那么，你知道中国的世界非物质文化遗产项目有多少个？有哪些？快跟我一起增长知识吧！,https://i2.hdslb.com/bfs/archive/f2e9d4d1134718bada898f5f9cce68245e4c7592.jpg
660,非遗群像MVP结算画面,BV1JwWyzPE74,115387786207195,Locus建鹏,448415359,运动综合,0:33,2025-10-17 13:15,3426804,947395,222099,100260,8884,"逆水寒手游,逆水寒非遗计划,逆水寒次元破壁",-,https://i2.hdslb.com/bfs/archive/b1acff3579f22a0752d4961c7d319667c1866b16.jpg
661,谁还不是个rapper！一首歌串起中国43项世界级非遗,BV1FV4y1y78y,870118526,央视新闻,456664753,人文历史,3:13,2023-06-22 09:56,353155,46508,9405,272,783,"非遗,说唱",目前，中国43个项目列入联合国教科文组织，非物质文化遗产名录、名册数量居世界第一。端午节到来之际，央视新闻推出原创音乐MV《非常·非遗》，用一首歌曲串联起这43项世界级非遗项目，以音乐和视觉符号呈现中国式浪漫，彰显古老东方的历史文明之美。,https://i0.hdslb.com/bfs/archive/4b2558b64cc8011d043597b24c184eb78ec51587.jpg
662,网红想火想疯了？魔改中国非遗“黄梅戏”，惨遭央视发文“怒”批,BV1oq4y1N7ug,547995107,下饭音乐,11173348,乐评盘点,4:29,2021-09-14 17:10,3642675,192762,15640,47189,12344,"音乐分享官,乐评盘点,周杰伦,小姐姐,漫步人生路,青花瓷,网红翻唱,粤语歌,黄梅戏",要说现在刷手机，新歌没几首，老歌倒是不断被 魔改翻唱~甚至为了流量，网红们跟风拍摄 根本不管歌曲内容~今天饭饭 就带来的几首 被网红玩“变味”的歌，坚持听完的 可都是我的死忠粉呐,https://i2.hdslb.com/bfs/archive/65a0a945e8e351ea4548859398048a400a3bc155.jpg
663,鬼步、僵尸摔、滚灯……科普19种技惊四座的非遗绝技,BV1kXpWzyE6u,115217564570288,全球顶尖投影,3546744608524364,出行,2:45,2025-09-17 11:45,423693,37473,8866,256,555,"绝技,人文历史档案馆,传统文化,变脸,杂技,戏曲,鬼步,非遗,科普,京剧",,https://i1.hdslb.com/bfs/archive/c60f3ec3e64997d87ead2e58699a3eb49cb40e99.jpg
664,以朱为信，以泥承魂，印泥，中华文房瑰宝,BV1VanmzbEbt,115293598781324,I彭传明,589188442,手工,22:26,2025-09-30 22:15,335678,28987,2825,1570,500,"中国,原创,文化",-,https://i2.hdslb.com/bfs/archive/9f1331aecca0077f75a416b03dd6219d90c378e5.jpg
665,这不是迷信，这是中国傩戏。,BV1Xf421v74t,1206450288,唱饭的王小潮,1107899745,人文历史,2:45,2024-08-10 09:58,4003239,421831,190004,3655,4475,"非遗文化,文化,正能量,寻找非遗文化,行走的人文,中国",-,https://i1.hdslb.com/bfs/archive/49daebd4631fa0c00276d9350417f86fbd6af584.jpg
666,【《浮光》遇到中国非遗】中国的43个世界级非遗，你知道几个？,BV1L1421275U,1555202564,非遗正年轻,156651846,人文历史,4:21,2024-05-27 21:37,70621,1491,2589,17,61,"浮光,周深,世界级非遗,中国,传统文化,历史,非遗,文化",-,https://i0.hdslb.com/bfs/archive/a11d2fe91f98de969d84d93481c666bc65adbd4f.jpg
667,99%的人没见过这个非遗，可它正在消失,BV14A57zLEd1,114358101284195,摇铃啊摇铃儿,1330962869,人文历史,6:55,2025-04-18 17:10,2833317,123676,118188,4454,1189,"烟花,药发木偶,非遗,温州,寻找100位非遗手艺人,传统文化,寻找100位非遗手艺人 3.0,木偶戏",这是99%的人没听说过的非遗，温州泰顺的药发木偶。是火树银花的真实写照历时四个月，在失望与希望中反复挣扎，这次终于把周尔禄爷爷坚持了一生的热爱，带到了你的面前。因为这项非遗原料的特殊，一直在法律的文化传承的矛盾中挣扎，几度垂危，这期视频，中间有过很多次想放弃的时候，或许是因为我成为了他的第一位年轻“女徒弟”，或许因为这是我家乡的非遗，又或许只是因为它的传承人是周爷爷，这个历经种种磨难，依然在苦难中开出花的，理想主义老头！他真的太好啦87天的争取实在是漫长！可又怎么漫长得过周爷爷60多年，2万多天的坚持呢。,https://i2.hdslb.com/bfs/archive/f1dde5456c9361870e919747e4b14e1c10f212cc.jpg
668,老祖宗：不管了！好歹非遗传下来了！,BV1sjwez4ENA,116249463881838,料理小咪,18237423,颜值·网红舞,0:36,2026-03-18 17:29,13196,2076,651,122,67,"川剧摇,四时少女,火苗dj,葛仙村,古风","我们来葛仙村玩啦！好好玩！下次还来～
从左到右出境：
玉玲珑：小水泡汤
汉服：西海岸红杉
胡桃：料理小咪
大乔：十元酱少女",https://i2.hdslb.com/bfs/archive/59308324aa32767546f15be431472416fb28151a.jpg
669,每周质量报告 | 央视曝光假非遗乱象,BV1Upf9BVEut,116009952416434,央视网,222103174,日常,18:18,2026-02-04 10:20,30411,1851,309,51,81,非遗,,https://i2.hdslb.com/bfs/archive/34738e7584707de16910fa86679013ae30a45b8a.jpg
670,手写代码的程序员成非遗了❓「古法编程」突然火了❗️,BV1UzwDz1E6w,116243071835663,智冷Shaw,480800563,计算机技术,0:51,2026-03-17 14:22,12243,121,75,86,64,"万万没想到,AI,人工智能,编程,程序员,学习,高能,科普,分享我的专业知识,代码",“古法编程”这个词一出来，我先笑了。以前程序员不用AI写代码叫基本操作，现在居然成了“古法手艺”。照这趋势下去，未来程序员怕不是要进博物馆现场表演纯手搓代码了。你觉得，不靠AI写代码的人，以后会不会真成“非遗传承人”？关注智冷Shaw，AI时代走前头！,https://i1.hdslb.com/bfs/archive/dedb798ce2c9122234b899598e2262af3e525da5.jpg
671,在你看到这期视频之前，它，没有观众,BV1Nw4m1k7Mk,1106345646,南翔,596842980,手工,6:6,2024-08-14 16:50,15767246,917337,442020,17326,7673,"一起做手工吧16.0 手工暑期大作战,非遗,打铁花,我的整活手工大赏,非遗传承,炭花舞,七江炭花舞,火壶",-,https://i0.hdslb.com/bfs/archive/c3cc26fc610220badb0b446469ca0ecf63577451.jpg
672,【非遗美学创业】每周工作一小时，每年躺平收入超七位数,BV1Hm421g7hX,1606157528,村姑欣陶,384402877,财经商业,42:49,2024-07-05 19:40,18723,905,830,59,34,"青年用「财」图鉴,共同富裕,投资,找工作,乡村振兴,非遗美学,创业,李子柒,融资,创业合伙人",作为斜杠财经博主，想做些差异化的内容，可以和大家共同富裕，比如好的合伙创业、商务合作和工作的机会。而且不是在项目极早期，充满高度不确定性的时候介绍给大家，希望是有数据支持的商业模式小DEMO已经跑通的时候，在项目充满生命力蓬勃发展的时候，介绍给大家。作为前投资人，未来也将继续做投资的创业财经博主，将以投资人的角度和创始人对话，探讨创业过程中的挑战和应对方案，希望想创业或者正在创业ing的朋友们有借鉴意义。如果有想和我一起录制视频的创业者，希望自己的项目让更多投资人、创业者、合作伙伴或者未来团队成员看到，欢,https://i0.hdslb.com/bfs/archive/f8cb19204ce43fe8528dd2d144d8ba0dc070a9ca.jpg
673,非遗植物拓染｜锤出三千年前的中国色,BV1wh72z8EXt,114611957272674,陈二十,22309487,日常,3:45,2025-06-02 17:00,606312,9965,17638,82,104,"非遗,我的手工真的很解压,传统文化,手工,植物拓染",周末如果不想聚会跟人社交，那就试试跟大自然产生链接，动手做一副属于自己独一无二的作品吧~,https://i2.hdslb.com/bfs/archive/cdf4bc1202ff41f59c71c6274c7a043cdc2171d4.jpg
674,【全程高能】中国各地的非遗年俗能有多震撼？直接看呆了！,BV1XywNeNEd3,113849181145296,司空离,358807,人文历史,7:16,2025-01-18 20:12,2901923,43884,29288,621,338,"2025克穷暴富,民俗,英歌舞,传统文化,年俗,打铁花,非遗",-,https://i2.hdslb.com/bfs/archive/07a04911a2dadb3b495f1beb71f181169a64b619.jpg
675,陈都灵四次非遗旗袍变装,BV1i1ZiB6E3G,116097378426485,可爱又迷人旳反派,3493079277373656,明星综合,4:13,2026-02-19 20:55,9081,202,328,5,17,"陈都灵,表演,美女",-,https://i2.hdslb.com/bfs/archive/b8060f153a8c411e26e498e997adf6661f015e7e.jpg
676,为什么都以为排箫是国外乐器？&quot;非遗 &quot;传统文化 &quot;乐器 &quot;,BV1NRwezhEmx,116249379996802,非遗传统手艺哥,3632303318239519,田园美食,2:30,2026-03-18 17:09,1194,60,5,2,4,"制作,文化,寻找100位非遗手艺人,B站好片有奖种草,非物质文化遗产",-,https://i0.hdslb.com/bfs/archive/d15c455bdb33bbcad358aa0ddb7cd3f5b788fdca.jpg
677,外网热评：中国非遗文化传承《傩戏》外国网友：精准的动作和传统文化的传承，很精彩,BV1WyckzjEd5,116215473242189,轩宝看油管,387967038,日常,1:36,2026-03-12 17:24,1067,12,5,0,0,"传统文化,中国,外网热评,中国非遗,外国网友评论,外网评论,评论翻译,外国人看中国,文化传承,非物质文化遗产",,https://i1.hdslb.com/bfs/archive/734cc883611d5be6e1ef3823234a16f1f8c2d334.jpg
678,中国文化输出赢麻了！国风舞惊艳全场，街头“非遗喷火”看懵老外,BV14fXVYxEV6,114182427116994,下饭音乐,11173348,乐评盘点,5:45,2025-03-18 16:18,196063,3377,875,253,56,"非遗文化,中国舞,文化输出",,https://i1.hdslb.com/bfs/archive/233a03d3aafc688e7c5bc9fe392337f875fc58ef.jpg
679,挑战戏神非遗大片 今天拍的是“傩戏”！,BV1uLByBvELm,115791680838243,-小胡同学呀,262240557,穿搭,2:45,2025-12-27 21:18,1729285,38471,60664,1453,357,"传统文化,冷不丁化妆挑战,胡有姬,葛仙村,戏神,傩戏,非遗,江西,非物质文化遗产,挑战",-,https://i2.hdslb.com/bfs/archive/084a84aa9c8c5dc3386443cd5993a8e3f35b684d.jpg
680,外网看我国非遗文化变装转场！热评：文化自信在此刻具象化！ #非遗文化 #转场 #舞狮 #外国人看中国,BV1mWkzBtEho,115528446251640,星禾搞笑娱乐,1680121791,日常,1:36,2025-11-11 09:25,156077,2194,573,33,39,"中国风,制作,变装转场,B站辩论季！,歪果仁,传统文化,中国,文化",外网看我国非遗文化变装转场！热评：文化自信在此刻具象化！ #非遗文化 #转场 #舞狮 #外国人看中国,https://i0.hdslb.com/bfs/archive/2817e02809a8d3e33c7ece58178345d287ed3ea0.jpg
681,【纪录片】《中国手作》第一季 木作 第一集 榫卯智慧,BV1mk4y1c7M4,745848737,长安书院_,2147327022,人文历史,121:19,2023-09-09 17:26,166211,2479,12555,99,44,"历史,工匠,科普,人文,木作,榫卯,非遗,手作,纪录片,传统文化",如果觉得还不错，麻烦给个三连！谢谢~,https://i2.hdslb.com/bfs/archive/19f159e05c860021238a410bb02e3138deae4c61.png
682,江寻千：把100种非遗，拍成文艺复兴名场面,BV1nvceznEoG,116055401826217,环球人物新媒体,30042311,运动文化,8:7,2026-02-19 09:00,7354,530,246,8,8,"传统文化,文化,中国,非遗",,https://i1.hdslb.com/bfs/archive/f83a1f00a4aa6149581d5a49c0a01bcf3a027dbd.jpg
683,《针尖上的非遗》纪录片作品,BV1DTwezYEgC,116247752675641,爱学习美女罢了,491748066,影视剪辑,12:40,2026-03-18 10:15,13,0,0,0,0,"纪录片,文化,艺术,非遗",,https://i0.hdslb.com/bfs/archive/8a5752778faa90c0c173dbc419191bacfa40b9ad.jpg
684,你敢信画面、音乐、配音全Ai制作？AIGC赋能文旅非遗新范例,BV1it421u7UK,1754365323,野生Peng友,227377272,AI影像,2:50,2024-05-11 14:14,21363,361,597,3,35,"AI,蜀锦,人工智能,AIGC,AI影像征集大赛,文旅,非遗","历时3个星期，用AI搞了2234张图片+210首音乐+588条视频+49条配音素材
终于抽卡抽出来了，我哭死！！
我已入魔，半夜走在路上看着开过的汽车都像是AI扩散。
收集200多幅古今经典蜀锦纹样为样本，
训练Lora，搭建了comfy ui的新工作流
SD、Runway、Pika........能用的都用了
每天开机都在给显卡上香
求求Sora、Vidu快点吧，真·不想抽卡了!!!",https://i1.hdslb.com/bfs/archive/2254da15574725ebe7a7c4c3767c77464b30795d.jpg
685,手工斫琴是智商税？别用工业标准衡量千年文化,BV1cTwqzcEod,116249749097395,古琴拓荒人卢玉平,3546840091855248,手工,1:46,2026-03-18 18:49,495,9,5,1,1,"匠人,非物质文化遗产,古琴,传统文化,手工,原创",,https://i1.hdslb.com/bfs/archive/783cb05ded88b46fe0659af025ffaab31c3040d5.jpg
686,中国非遗惊艳世界，视觉盛宴引全球热议,BV1UVwszqEVM,116225405359197,油管外网趣评,508321791,日常,1:41,2026-03-14 11:31,1256,28,1,0,0,"绘画,游戏,动作游戏",-,https://i2.hdslb.com/bfs/archive/d80dab66b5956ebc796846f4ef9075ea766ceac7.jpg
687,千年龙韵-非遗六坊云龙舞-采访市级传承人,BV1WswBzqEew,116251108050595,知行潮汐队,629256315,搞笑,9:56,2026-03-19 00:30,8,4,2,0,0,"优秀传统文化,传承,北京交通大学,传统文化,文化,中国",-,https://i0.hdslb.com/bfs/archive/245c8af03fd420f353ee7c9caff2aa96e6173561.jpg
688,从1块泥巴到上亿天价！非遗汝瓷如何点土成“金”？,BV1rsjmzbEWd,114574342757495,影视飓风,946974,手工,12:5,2025-05-28 17:00,2948282,168993,39702,32794,3557,"碧蓝航线,汝瓷,4K,拍摄,匠人,制作,非遗,碧蓝航线8周年,非物质文化遗产",这些看似不起眼的泥巴和石头，经过巧妙的加工，竟然可能卖出上亿元的天价。作为瓷器的一种，为什么“它”这么值钱？这次我们和@碧蓝航线  一拍即合，前往河南汝州，想带你一起来看看这门传承了千年的中国手艺——汝瓷。如果你喜欢这期视频，请多多支持我们，并把视频分享给你的朋友们一起看看!,https://i0.hdslb.com/bfs/archive/de6649ac16c7c62fab9774d44b60a36965bf8592.jpg
689,【超燃】中国非遗超燃混剪,BV1a1keYbEF2,113695099261522,万川嘉心,1970823994,影视剪辑,5:25,2024-12-22 14:44,43569,522,935,1,71,"非遗文化分享官,非遗,传统文化,中国,人文历史档案馆2.0",-,https://i0.hdslb.com/bfs/archive/8ee2d7ef1efc6aa7d7727e5abbe06bb3a52eb859.jpg
690,开者即死，这四个字震慑了盗墓贼整整1400年,BV1W1ckz1EYk,116215389363710,江寻千,1895195099,手工,7:22,2026-03-12 17:11,1689754,71814,35516,702,773,"文化,闹蛾扑花钗,寻找100位非遗手艺人,非遗,花丝镶嵌,手工艺",,https://i2.hdslb.com/bfs/archive/2bdc919399b36b6c49fcc199af199f86ff1e8252.jpg
691,笑不中了！贾旭明老师号都没了，圆桌也没整清楚，又跑到非遗相声大会说相声了哈哈哈哈哈哈，网友：“相声这个行业危险系数这么高吗”哈哈哈哈或许是贾老师危险系数高？,BV1K8NMzYEmj,116192387795647,又一次嗑到了,3546939108886611,娱乐粉丝创作,22:12,2026-03-08 15:37,163503,3921,1214,998,330,"相声,爆笑,搞笑,贾局,段子,贾旭明,讽刺,小品,最新",-,https://i0.hdslb.com/bfs/archive/23c1efe6437884d6ea193d2b052293322e74de66.jpg
692,这个杯子浑身是孔，却滴水不漏,BV1jm84zcExE,114919047503711,江寻千,1895195099,影视剪辑,8:57,2025-07-26 18:28,8061674,297315,157059,4390,3837,"瓷器,传统文化,陶瓷,玲珑瓷,手工,非遗,寻找100位非遗手艺人",,https://i1.hdslb.com/bfs/archive/d3717a4ab06941d7e11769fe1a7e10133677d782.jpg
693,"贾旭明郑健相声《贾诗人》高清字幕版,贾旭明非遗相声春晚作品，搞笑不断！",BV1yBPoztEG3,116201934098540,相声茶馆,25375697,搞笑,22:12,2026-03-10 11:05,12543,150,72,19,16,"非遗相声,贾旭明相声,郑健,搞笑相声,非遗,相声小品,贾旭明,相声,春晚,搞笑","贾旭明郑健相声《贾诗人》高清字幕版,贾旭明非遗相声春晚作品，搞笑不断！",https://i1.hdslb.com/bfs/archive/32b9839ce3dd1a1fac4cbb5be6083dddea99bffa.jpg
694,【央视】综合频道CCTV-1《非遗里的中国》（第一季）,BV1AN411M7VY,493763285,八神逸枫,10289419,综艺,1086:50,2023-11-25 18:26,333808,3674,14406,1972,114,"非遗,人文,文化","https://tv.cctv.com/2022/12/30/VIDAIxSnFuJtsqzH4HZK9Yc4221230.shtml
《非遗里的中国》通过非遗创新秀演、沉浸体验、还原绝技等全新的方式来打开非遗，多维度呈现非遗的创新成果、历史底蕴、中国智慧、东方美学。节目展现非遗在新时代迸发出的焕新力量，呈现非遗时光流变中的一脉相承与继往开来。",https://i0.hdslb.com/bfs/archive/8268536bcc5c0b6c21c2dc540a25c7aad0559223.png
695,东巴纸,BV1ozw4ztEqm,116228106551729,归乡人山白,3494349557992101,手工,8:10,2026-03-14 23:02,677347,98030,9908,1849,1113,"寻找100位非遗手艺人,东巴纸,纳西族,手工纸,手工艺,手工,原创",纸寿千年，纳西族手工造纸。,https://i1.hdslb.com/bfs/archive/62ed064b30e48ab8740683535ec2a4640da5791a.jpg
696,【大学生纪录短片/非遗/剪纸/原创】纸下的时间旅行者【高清1080P】万物理论拯救传统文化,BV1xs411y7CG,5301655,暗海见雪生,25005818,小剧场,15:39,2016-07-12 14:20,390083,7508,12177,347,198,"传统文化,传承,纪录片,冯骥才,万物理论",以乡村七十多岁民间剪纸艺人几十年扎根于民间文化为起点，伴随着生活在城市却致力于剪纸的保护与创新的艺术家郭梅花的故事进行交叉叙事，串起剪纸的历史与发展，民俗与文化。,https://i1.hdslb.com/bfs/archive/36284d6e91d13a830b61de8ac73cc367a4f1f2d7.jpg
697,中国的42项世界非遗项目 你都知道吗？,BV1NK411G7rv,500654333,中新视频,104092224,社会,4:38,2020-12-19 15:11,28939,680,801,21,38,"世界非遗项目,中国",12月17日晚，中国单独申报的“太极拳”、与马来西亚联合申报的“送王船——有关人与海洋可持续联系的仪式及相关实践”两个项目，经联合国教科文组织保护非物质文化遗产政府间委员会评审通过，列入联合国教科文组织人类非物质文化遗产代表作名录。那么，你知道中国的世界非物质文化遗产项目有多少个？有哪些？快跟我一起增长知识吧！,https://i2.hdslb.com/bfs/archive/f2e9d4d1134718bada898f5f9cce68245e4c7592.jpg
698,非遗群像MVP结算画面,BV1JwWyzPE74,115387786207195,Locus建鹏,448415359,运动综合,0:33,2025-10-17 13:15,3426804,947395,222099,100260,8884,"逆水寒手游,逆水寒非遗计划,逆水寒次元破壁",-,https://i2.hdslb.com/bfs/archive/b1acff3579f22a0752d4961c7d319667c1866b16.jpg
699,谁还不是个rapper！一首歌串起中国43项世界级非遗,BV1FV4y1y78y,870118526,央视新闻,456664753,人文历史,3:13,2023-06-22 09:56,353155,46508,9405,272,783,"非遗,说唱",目前，中国43个项目列入联合国教科文组织，非物质文化遗产名录、名册数量居世界第一。端午节到来之际，央视新闻推出原创音乐MV《非常·非遗》，用一首歌曲串联起这43项世界级非遗项目，以音乐和视觉符号呈现中国式浪漫，彰显古老东方的历史文明之美。,https://i0.hdslb.com/bfs/archive/4b2558b64cc8011d043597b24c184eb78ec51587.jpg
700,网红想火想疯了？魔改中国非遗“黄梅戏”，惨遭央视发文“怒”批,BV1oq4y1N7ug,547995107,下饭音乐,11173348,乐评盘点,4:29,2021-09-14 17:10,3642675,192762,15640,47189,12344,"音乐分享官,乐评盘点,周杰伦,小姐姐,漫步人生路,青花瓷,网红翻唱,粤语歌,黄梅戏",要说现在刷手机，新歌没几首，老歌倒是不断被 魔改翻唱~甚至为了流量，网红们跟风拍摄 根本不管歌曲内容~今天饭饭 就带来的几首 被网红玩“变味”的歌，坚持听完的 可都是我的死忠粉呐,https://i2.hdslb.com/bfs/archive/65a0a945e8e351ea4548859398048a400a3bc155.jpg
701,鬼步、僵尸摔、滚灯……科普19种技惊四座的非遗绝技,BV1kXpWzyE6u,115217564570288,全球顶尖投影,3546744608524364,出行,2:45,2025-09-17 11:45,423693,37473,8866,256,555,"绝技,人文历史档案馆,传统文化,变脸,杂技,戏曲,鬼步,非遗,科普,京剧",,https://i1.hdslb.com/bfs/archive/c60f3ec3e64997d87ead2e58699a3eb49cb40e99.jpg
702,以朱为信，以泥承魂，印泥，中华文房瑰宝,BV1VanmzbEbt,115293598781324,I彭传明,589188442,手工,22:26,2025-09-30 22:15,335678,28987,2825,1570,500,"中国,原创,文化",-,https://i2.hdslb.com/bfs/archive/9f1331aecca0077f75a416b03dd6219d90c378e5.jpg
703,这不是迷信，这是中国傩戏。,BV1Xf421v74t,1206450288,唱饭的王小潮,1107899745,人文历史,2:45,2024-08-10 09:58,4003239,421831,190004,3655,4475,"非遗文化,文化,正能量,寻找非遗文化,行走的人文,中国",-,https://i1.hdslb.com/bfs/archive/49daebd4631fa0c00276d9350417f86fbd6af584.jpg
704,【《浮光》遇到中国非遗】中国的43个世界级非遗，你知道几个？,BV1L1421275U,1555202564,非遗正年轻,156651846,人文历史,4:21,2024-05-27 21:37,70621,1491,2589,17,61,"浮光,周深,世界级非遗,中国,传统文化,历史,非遗,文化",-,https://i0.hdslb.com/bfs/archive/a11d2fe91f98de969d84d93481c666bc65adbd4f.jpg
705,99%的人没见过这个非遗，可它正在消失,BV14A57zLEd1,114358101284195,摇铃啊摇铃儿,1330962869,人文历史,6:55,2025-04-18 17:10,2833317,123676,118188,4454,1189,"烟花,药发木偶,非遗,温州,寻找100位非遗手艺人,传统文化,寻找100位非遗手艺人 3.0,木偶戏",这是99%的人没听说过的非遗，温州泰顺的药发木偶。是火树银花的真实写照历时四个月，在失望与希望中反复挣扎，这次终于把周尔禄爷爷坚持了一生的热爱，带到了你的面前。因为这项非遗原料的特殊，一直在法律的文化传承的矛盾中挣扎，几度垂危，这期视频，中间有过很多次想放弃的时候，或许是因为我成为了他的第一位年轻“女徒弟”，或许因为这是我家乡的非遗，又或许只是因为它的传承人是周爷爷，这个历经种种磨难，依然在苦难中开出花的，理想主义老头！他真的太好啦87天的争取实在是漫长！可又怎么漫长得过周爷爷60多年，2万多天的坚持呢。,https://i2.hdslb.com/bfs/archive/f1dde5456c9361870e919747e4b14e1c10f212cc.jpg
706,老祖宗：不管了！好歹非遗传下来了！,BV1sjwez4ENA,116249463881838,料理小咪,18237423,颜值·网红舞,0:36,2026-03-18 17:29,13196,2076,651,122,67,"川剧摇,四时少女,火苗dj,葛仙村,古风","我们来葛仙村玩啦！好好玩！下次还来～
从左到右出境：
玉玲珑：小水泡汤
汉服：西海岸红杉
胡桃：料理小咪
大乔：十元酱少女",https://i2.hdslb.com/bfs/archive/59308324aa32767546f15be431472416fb28151a.jpg
707,每周质量报告 | 央视曝光假非遗乱象,BV1Upf9BVEut,116009952416434,央视网,222103174,日常,18:18,2026-02-04 10:20,30411,1851,309,51,81,非遗,,https://i2.hdslb.com/bfs/archive/34738e7584707de16910fa86679013ae30a45b8a.jpg
708,手写代码的程序员成非遗了❓「古法编程」突然火了❗️,BV1UzwDz1E6w,116243071835663,智冷Shaw,480800563,计算机技术,0:51,2026-03-17 14:22,12243,121,75,86,64,"万万没想到,AI,人工智能,编程,程序员,学习,高能,科普,分享我的专业知识,代码",“古法编程”这个词一出来，我先笑了。以前程序员不用AI写代码叫基本操作，现在居然成了“古法手艺”。照这趋势下去，未来程序员怕不是要进博物馆现场表演纯手搓代码了。你觉得，不靠AI写代码的人，以后会不会真成“非遗传承人”？关注智冷Shaw，AI时代走前头！,https://i1.hdslb.com/bfs/archive/dedb798ce2c9122234b899598e2262af3e525da5.jpg
709,在你看到这期视频之前，它，没有观众,BV1Nw4m1k7Mk,1106345646,南翔,596842980,手工,6:6,2024-08-14 16:50,15767248,917337,442020,17326,7673,"一起做手工吧16.0 手工暑期大作战,非遗,打铁花,我的整活手工大赏,非遗传承,炭花舞,七江炭花舞,火壶",-,https://i0.hdslb.com/bfs/archive/c3cc26fc610220badb0b446469ca0ecf63577451.jpg
710,【非遗美学创业】每周工作一小时，每年躺平收入超七位数,BV1Hm421g7hX,1606157528,村姑欣陶,384402877,财经商业,42:49,2024-07-05 19:40,18723,905,830,59,34,"青年用「财」图鉴,共同富裕,投资,找工作,乡村振兴,非遗美学,创业,李子柒,融资,创业合伙人",作为斜杠财经博主，想做些差异化的内容，可以和大家共同富裕，比如好的合伙创业、商务合作和工作的机会。而且不是在项目极早期，充满高度不确定性的时候介绍给大家，希望是有数据支持的商业模式小DEMO已经跑通的时候，在项目充满生命力蓬勃发展的时候，介绍给大家。作为前投资人，未来也将继续做投资的创业财经博主，将以投资人的角度和创始人对话，探讨创业过程中的挑战和应对方案，希望想创业或者正在创业ing的朋友们有借鉴意义。如果有想和我一起录制视频的创业者，希望自己的项目让更多投资人、创业者、合作伙伴或者未来团队成员看到，欢,https://i0.hdslb.com/bfs/archive/f8cb19204ce43fe8528dd2d144d8ba0dc070a9ca.jpg
711,非遗植物拓染｜锤出三千年前的中国色,BV1wh72z8EXt,114611957272674,陈二十,22309487,日常,3:45,2025-06-02 17:00,606312,9965,17638,82,104,"非遗,我的手工真的很解压,传统文化,手工,植物拓染",周末如果不想聚会跟人社交，那就试试跟大自然产生链接，动手做一副属于自己独一无二的作品吧~,https://i2.hdslb.com/bfs/archive/cdf4bc1202ff41f59c71c6274c7a043cdc2171d4.jpg
712,【全程高能】中国各地的非遗年俗能有多震撼？直接看呆了！,BV1XywNeNEd3,113849181145296,司空离,358807,人文历史,7:16,2025-01-18 20:12,2901923,43884,29288,621,338,"2025克穷暴富,民俗,英歌舞,传统文化,年俗,打铁花,非遗",-,https://i2.hdslb.com/bfs/archive/07a04911a2dadb3b495f1beb71f181169a64b619.jpg
713,陈都灵四次非遗旗袍变装,BV1i1ZiB6E3G,116097378426485,可爱又迷人旳反派,3493079277373656,明星综合,4:13,2026-02-19 20:55,9081,202,328,5,17,"陈都灵,表演,美女",-,https://i2.hdslb.com/bfs/archive/b8060f153a8c411e26e498e997adf6661f015e7e.jpg
714,为什么都以为排箫是国外乐器？&quot;非遗 &quot;传统文化 &quot;乐器 &quot;,BV1NRwezhEmx,116249379996802,非遗传统手艺哥,3632303318239519,田园美食,2:30,2026-03-18 17:09,1194,60,5,2,4,"制作,文化,寻找100位非遗手艺人,B站好片有奖种草,非物质文化遗产",-,https://i0.hdslb.com/bfs/archive/d15c455bdb33bbcad358aa0ddb7cd3f5b788fdca.jpg
715,外网热评：中国非遗文化传承《傩戏》外国网友：精准的动作和传统文化的传承，很精彩,BV1WyckzjEd5,116215473242189,轩宝看油管,387967038,日常,1:36,2026-03-12 17:24,1067,12,5,0,0,"传统文化,中国,外网热评,中国非遗,外国网友评论,外网评论,评论翻译,外国人看中国,文化传承,非物质文化遗产",,https://i1.hdslb.com/bfs/archive/734cc883611d5be6e1ef3823234a16f1f8c2d334.jpg
716,中国文化输出赢麻了！国风舞惊艳全场，街头“非遗喷火”看懵老外,BV14fXVYxEV6,114182427116994,下饭音乐,11173348,乐评盘点,5:45,2025-03-18 16:18,196063,3377,875,253,56,"非遗文化,中国舞,文化输出",,https://i1.hdslb.com/bfs/archive/233a03d3aafc688e7c5bc9fe392337f875fc58ef.jpg
717,挑战戏神非遗大片 今天拍的是“傩戏”！,BV1uLByBvELm,115791680838243,-小胡同学呀,262240557,穿搭,2:45,2025-12-27 21:18,1729285,38471,60664,1453,357,"传统文化,冷不丁化妆挑战,胡有姬,葛仙村,戏神,傩戏,非遗,江西,非物质文化遗产,挑战",-,https://i2.hdslb.com/bfs/archive/084a84aa9c8c5dc3386443cd5993a8e3f35b684d.jpg
718,外网看我国非遗文化变装转场！热评：文化自信在此刻具象化！ #非遗文化 #转场 #舞狮 #外国人看中国,BV1mWkzBtEho,115528446251640,星禾搞笑娱乐,1680121791,日常,1:36,2025-11-11 09:25,156077,2194,573,33,39,"中国风,制作,变装转场,B站辩论季！,歪果仁,传统文化,中国,文化",外网看我国非遗文化变装转场！热评：文化自信在此刻具象化！ #非遗文化 #转场 #舞狮 #外国人看中国,https://i0.hdslb.com/bfs/archive/2817e02809a8d3e33c7ece58178345d287ed3ea0.jpg
719,【纪录片】《中国手作》第一季 木作 第一集 榫卯智慧,BV1mk4y1c7M4,745848737,长安书院_,2147327022,人文历史,121:19,2023-09-09 17:26,166211,2479,12555,99,44,"历史,工匠,科普,人文,木作,榫卯,非遗,手作,纪录片,传统文化",如果觉得还不错，麻烦给个三连！谢谢~,https://i2.hdslb.com/bfs/archive/19f159e05c860021238a410bb02e3138deae4c61.png
720,江寻千：把100种非遗，拍成文艺复兴名场面,BV1nvceznEoG,116055401826217,环球人物新媒体,30042311,运动文化,8:7,2026-02-19 09:00,7354,530,246,8,8,"传统文化,文化,中国,非遗",,https://i1.hdslb.com/bfs/archive/f83a1f00a4aa6149581d5a49c0a01bcf3a027dbd.jpg
721,《针尖上的非遗》纪录片作品,BV1DTwezYEgC,116247752675641,爱学习美女罢了,491748066,影视剪辑,12:40,2026-03-18 10:15,13,0,0,0,0,"纪录片,文化,艺术,非遗",,https://i0.hdslb.com/bfs/archive/8a5752778faa90c0c173dbc419191bacfa40b9ad.jpg
722,你敢信画面、音乐、配音全Ai制作？AIGC赋能文旅非遗新范例,BV1it421u7UK,1754365323,野生Peng友,227377272,AI影像,2:50,2024-05-11 14:14,21363,361,597,3,35,"AI,蜀锦,人工智能,AIGC,AI影像征集大赛,文旅,非遗","历时3个星期，用AI搞了2234张图片+210首音乐+588条视频+49条配音素材
终于抽卡抽出来了，我哭死！！
我已入魔，半夜走在路上看着开过的汽车都像是AI扩散。
收集200多幅古今经典蜀锦纹样为样本，
训练Lora，搭建了comfy ui的新工作流
SD、Runway、Pika........能用的都用了
每天开机都在给显卡上香
求求Sora、Vidu快点吧，真·不想抽卡了!!!",https://i1.hdslb.com/bfs/archive/2254da15574725ebe7a7c4c3767c77464b30795d.jpg
723,湘西赶尸，改了这么久终于可以发出来了,BV1uemfYrE2h,113487044941023,江寻千,1895195099,人文历史,21:11,2024-11-15 21:07,7827394,424253,209687,17336,8434,"寻找非遗手艺人,未解之谜,赶尸,奇闻,湘西,传统文化,寻找100位非遗手艺人",,https://i1.hdslb.com/bfs/archive/b552ff7f0ddac41eab6a006b935ddc86504c0e8e.jpg
724,手工斫琴是智商税？别用工业标准衡量千年文化,BV1cTwqzcEod,116249749097395,古琴拓荒人卢玉平,3546840091855248,手工,1:46,2026-03-18 18:49,495,9,5,1,1,"匠人,非物质文化遗产,古琴,传统文化,手工,原创",,https://i1.hdslb.com/bfs/archive/783cb05ded88b46fe0659af025ffaab31c3040d5.jpg
725,中国非遗惊艳世界，视觉盛宴引全球热议,BV1UVwszqEVM,116225405359197,油管外网趣评,508321791,日常,1:41,2026-03-14 11:31,1256,28,1,0,0,"绘画,游戏,动作游戏",-,https://i2.hdslb.com/bfs/archive/d80dab66b5956ebc796846f4ef9075ea766ceac7.jpg
726,从1块泥巴到上亿天价！非遗汝瓷如何点土成“金”？,BV1rsjmzbEWd,114574342757495,影视飓风,946974,手工,12:5,2025-05-28 17:00,2948282,168993,39702,32794,3557,"碧蓝航线,汝瓷,4K,拍摄,匠人,制作,非遗,碧蓝航线8周年,非物质文化遗产",这些看似不起眼的泥巴和石头，经过巧妙的加工，竟然可能卖出上亿元的天价。作为瓷器的一种，为什么“它”这么值钱？这次我们和@碧蓝航线  一拍即合，前往河南汝州，想带你一起来看看这门传承了千年的中国手艺——汝瓷。如果你喜欢这期视频，请多多支持我们，并把视频分享给你的朋友们一起看看!,https://i0.hdslb.com/bfs/archive/de6649ac16c7c62fab9774d44b60a36965bf8592.jpg
727,开者即死，这四个字震慑了盗墓贼整整1400年,BV1W1ckz1EYk,116215389363710,江寻千,1895195099,手工,7:22,2026-03-12 17:11,1689754,71815,35517,702,773,"文化,闹蛾扑花钗,寻找100位非遗手艺人,非遗,花丝镶嵌,手工艺",,https://i2.hdslb.com/bfs/archive/2bdc919399b36b6c49fcc199af199f86ff1e8252.jpg
728,【超燃】中国非遗超燃混剪,BV1a1keYbEF2,113695099261522,万川嘉心,1970823994,影视剪辑,5:25,2024-12-22 14:44,43569,522,935,1,71,"非遗文化分享官,非遗,传统文化,中国,人文历史档案馆2.0",-,https://i0.hdslb.com/bfs/archive/8ee2d7ef1efc6aa7d7727e5abbe06bb3a52eb859.jpg
729,笑不中了！贾旭明老师号都没了，圆桌也没整清楚，又跑到非遗相声大会说相声了哈哈哈哈哈哈，网友：“相声这个行业危险系数这么高吗”哈哈哈哈或许是贾老师危险系数高？,BV1K8NMzYEmj,116192387795647,又一次嗑到了,3546939108886611,娱乐粉丝创作,22:12,2026-03-08 15:37,163503,3921,1214,998,330,"相声,爆笑,搞笑,贾局,段子,贾旭明,讽刺,小品,最新",-,https://i0.hdslb.com/bfs/archive/23c1efe6437884d6ea193d2b052293322e74de66.jpg
730,这个杯子浑身是孔，却滴水不漏,BV1jm84zcExE,114919047503711,江寻千,1895195099,影视剪辑,8:57,2025-07-26 18:28,8061674,297315,157059,4390,3837,"瓷器,传统文化,陶瓷,玲珑瓷,手工,非遗,寻找100位非遗手艺人",,https://i1.hdslb.com/bfs/archive/d3717a4ab06941d7e11769fe1a7e10133677d782.jpg
731,"贾旭明郑健相声《贾诗人》高清字幕版,贾旭明非遗相声春晚作品，搞笑不断！",BV1yBPoztEG3,116201934098540,相声茶馆,25375697,搞笑,22:12,2026-03-10 11:05,12543,150,72,19,16,"非遗相声,贾旭明相声,郑健,搞笑相声,非遗,相声小品,贾旭明,相声,春晚,搞笑","贾旭明郑健相声《贾诗人》高清字幕版,贾旭明非遗相声春晚作品，搞笑不断！",https://i1.hdslb.com/bfs/archive/32b9839ce3dd1a1fac4cbb5be6083dddea99bffa.jpg
732,【央视】综合频道CCTV-1《非遗里的中国》（第一季）,BV1AN411M7VY,493763285,八神逸枫,10289419,综艺,1086:50,2023-11-25 18:26,333808,3674,14407,1972,114,"非遗,人文,文化","https://tv.cctv.com/2022/12/30/VIDAIxSnFuJtsqzH4HZK9Yc4221230.shtml
《非遗里的中国》通过非遗创新秀演、沉浸体验、还原绝技等全新的方式来打开非遗，多维度呈现非遗的创新成果、历史底蕴、中国智慧、东方美学。节目展现非遗在新时代迸发出的焕新力量，呈现非遗时光流变中的一脉相承与继往开来。",https://i0.hdslb.com/bfs/archive/8268536bcc5c0b6c21c2dc540a25c7aad0559223.png
733,东巴纸,BV1ozw4ztEqm,116228106551729,归乡人山白,3494349557992101,手工,8:10,2026-03-14 23:02,677347,98030,9908,1849,1113,"寻找100位非遗手艺人,东巴纸,纳西族,手工纸,手工艺,手工,原创",纸寿千年，纳西族手工造纸。,https://i1.hdslb.com/bfs/archive/62ed064b30e48ab8740683535ec2a4640da5791a.jpg
734,中国的42项世界非遗项目 你都知道吗？,BV1NK411G7rv,500654333,中新视频,104092224,社会,4:38,2020-12-19 15:11,28939,680,801,21,38,"世界非遗项目,中国",12月17日晚，中国单独申报的“太极拳”、与马来西亚联合申报的“送王船——有关人与海洋可持续联系的仪式及相关实践”两个项目，经联合国教科文组织保护非物质文化遗产政府间委员会评审通过，列入联合国教科文组织人类非物质文化遗产代表作名录。那么，你知道中国的世界非物质文化遗产项目有多少个？有哪些？快跟我一起增长知识吧！,https://i2.hdslb.com/bfs/archive/f2e9d4d1134718bada898f5f9cce68245e4c7592.jpg
735,【大学生纪录短片/非遗/剪纸/原创】纸下的时间旅行者【高清1080P】万物理论拯救传统文化,BV1xs411y7CG,5301655,暗海见雪生,25005818,小剧场,15:39,2016-07-12 14:20,390083,7508,12177,347,198,"传统文化,传承,纪录片,冯骥才,万物理论",以乡村七十多岁民间剪纸艺人几十年扎根于民间文化为起点，伴随着生活在城市却致力于剪纸的保护与创新的艺术家郭梅花的故事进行交叉叙事，串起剪纸的历史与发展，民俗与文化。,https://i1.hdslb.com/bfs/archive/36284d6e91d13a830b61de8ac73cc367a4f1f2d7.jpg
736,非遗群像MVP结算画面,BV1JwWyzPE74,115387786207195,Locus建鹏,448415359,运动综合,0:33,2025-10-17 13:15,3426804,947395,222099,100260,8884,"逆水寒手游,逆水寒非遗计划,逆水寒次元破壁",-,https://i2.hdslb.com/bfs/archive/b1acff3579f22a0752d4961c7d319667c1866b16.jpg
737,谁还不是个rapper！一首歌串起中国43项世界级非遗,BV1FV4y1y78y,870118526,央视新闻,456664753,人文历史,3:13,2023-06-22 09:56,353155,46508,9405,272,783,"非遗,说唱",目前，中国43个项目列入联合国教科文组织，非物质文化遗产名录、名册数量居世界第一。端午节到来之际，央视新闻推出原创音乐MV《非常·非遗》，用一首歌曲串联起这43项世界级非遗项目，以音乐和视觉符号呈现中国式浪漫，彰显古老东方的历史文明之美。,https://i0.hdslb.com/bfs/archive/4b2558b64cc8011d043597b24c184eb78ec51587.jpg
738,网红想火想疯了？魔改中国非遗“黄梅戏”，惨遭央视发文“怒”批,BV1oq4y1N7ug,547995107,下饭音乐,11173348,乐评盘点,4:29,2021-09-14 17:10,3642675,192762,15640,47189,12344,"音乐分享官,乐评盘点,周杰伦,小姐姐,漫步人生路,青花瓷,网红翻唱,粤语歌,黄梅戏",要说现在刷手机，新歌没几首，老歌倒是不断被 魔改翻唱~甚至为了流量，网红们跟风拍摄 根本不管歌曲内容~今天饭饭 就带来的几首 被网红玩“变味”的歌，坚持听完的 可都是我的死忠粉呐,https://i2.hdslb.com/bfs/archive/65a0a945e8e351ea4548859398048a400a3bc155.jpg
739,这不是迷信，这是中国傩戏。,BV1Xf421v74t,1206450288,唱饭的王小潮,1107899745,人文历史,2:45,2024-08-10 09:58,4003239,421831,190004,3655,4475,"非遗文化,文化,正能量,寻找非遗文化,行走的人文,中国",-,https://i1.hdslb.com/bfs/archive/49daebd4631fa0c00276d9350417f86fbd6af584.jpg
740,鬼步、僵尸摔、滚灯……科普19种技惊四座的非遗绝技,BV1kXpWzyE6u,115217564570288,全球顶尖投影,3546744608524364,出行,2:45,2025-09-17 11:45,423695,37473,8866,256,555,"绝技,人文历史档案馆,传统文化,变脸,杂技,戏曲,鬼步,非遗,科普,京剧",,https://i1.hdslb.com/bfs/archive/c60f3ec3e64997d87ead2e58699a3eb49cb40e99.jpg
741,以朱为信，以泥承魂，印泥，中华文房瑰宝,BV1VanmzbEbt,115293598781324,I彭传明,589188442,手工,22:26,2025-09-30 22:15,335678,28987,2825,1570,500,"中国,原创,文化",-,https://i2.hdslb.com/bfs/archive/9f1331aecca0077f75a416b03dd6219d90c378e5.jpg
742,【《浮光》遇到中国非遗】中国的43个世界级非遗，你知道几个？,BV1L1421275U,1555202564,非遗正年轻,156651846,人文历史,4:21,2024-05-27 21:37,70621,1491,2589,17,61,"浮光,周深,世界级非遗,中国,传统文化,历史,非遗,文化",-,https://i0.hdslb.com/bfs/archive/a11d2fe91f98de969d84d93481c666bc65adbd4f.jpg
743,【非遗美学创业】每周工作一小时，每年躺平收入超七位数,BV1Hm421g7hX,1606157528,村姑欣陶,384402877,财经商业,42:49,2024-07-05 19:40,18723,905,830,59,34,"青年用「财」图鉴,共同富裕,投资,找工作,乡村振兴,非遗美学,创业,李子柒,融资,创业合伙人",作为斜杠财经博主，想做些差异化的内容，可以和大家共同富裕，比如好的合伙创业、商务合作和工作的机会。而且不是在项目极早期，充满高度不确定性的时候介绍给大家，希望是有数据支持的商业模式小DEMO已经跑通的时候，在项目充满生命力蓬勃发展的时候，介绍给大家。作为前投资人，未来也将继续做投资的创业财经博主，将以投资人的角度和创始人对话，探讨创业过程中的挑战和应对方案，希望想创业或者正在创业ing的朋友们有借鉴意义。如果有想和我一起录制视频的创业者，希望自己的项目让更多投资人、创业者、合作伙伴或者未来团队成员看到，欢,https://i0.hdslb.com/bfs/archive/f8cb19204ce43fe8528dd2d144d8ba0dc070a9ca.jpg
744,手写代码的程序员成非遗了❓「古法编程」突然火了❗️,BV1UzwDz1E6w,116243071835663,智冷Shaw,480800563,计算机技术,0:51,2026-03-17 14:22,12243,121,75,86,64,"万万没想到,AI,人工智能,编程,程序员,学习,高能,科普,分享我的专业知识,代码",“古法编程”这个词一出来，我先笑了。以前程序员不用AI写代码叫基本操作，现在居然成了“古法手艺”。照这趋势下去，未来程序员怕不是要进博物馆现场表演纯手搓代码了。你觉得，不靠AI写代码的人，以后会不会真成“非遗传承人”？关注智冷Shaw，AI时代走前头！,https://i1.hdslb.com/bfs/archive/dedb798ce2c9122234b899598e2262af3e525da5.jpg
745,老祖宗：不管了！好歹非遗传下来了！,BV1sjwez4ENA,116249463881838,料理小咪,18237423,颜值·网红舞,0:36,2026-03-18 17:29,13196,2076,652,122,67,"川剧摇,四时少女,火苗dj,葛仙村,古风","我们来葛仙村玩啦！好好玩！下次还来～
从左到右出境：
玉玲珑：小水泡汤
汉服：西海岸红杉
胡桃：料理小咪
大乔：十元酱少女",https://i2.hdslb.com/bfs/archive/59308324aa32767546f15be431472416fb28151a.jpg
746,每周质量报告 | 央视曝光假非遗乱象,BV1Upf9BVEut,116009952416434,央视网,222103174,日常,18:18,2026-02-04 10:20,30411,1851,309,51,81,非遗,,https://i2.hdslb.com/bfs/archive/34738e7584707de16910fa86679013ae30a45b8a.jpg
747,99%的人没见过这个非遗，可它正在消失,BV14A57zLEd1,114358101284195,摇铃啊摇铃儿,1330962869,人文历史,6:55,2025-04-18 17:10,2833317,123676,118188,4454,1189,"烟花,药发木偶,非遗,温州,寻找100位非遗手艺人,传统文化,寻找100位非遗手艺人 3.0,木偶戏",这是99%的人没听说过的非遗，温州泰顺的药发木偶。是火树银花的真实写照历时四个月，在失望与希望中反复挣扎，这次终于把周尔禄爷爷坚持了一生的热爱，带到了你的面前。因为这项非遗原料的特殊，一直在法律的文化传承的矛盾中挣扎，几度垂危，这期视频，中间有过很多次想放弃的时候，或许是因为我成为了他的第一位年轻“女徒弟”，或许因为这是我家乡的非遗，又或许只是因为它的传承人是周爷爷，这个历经种种磨难，依然在苦难中开出花的，理想主义老头！他真的太好啦87天的争取实在是漫长！可又怎么漫长得过周爷爷60多年，2万多天的坚持呢。,https://i2.hdslb.com/bfs/archive/f1dde5456c9361870e919747e4b14e1c10f212cc.jpg
748,在你看到这期视频之前，它，没有观众,BV1Nw4m1k7Mk,1106345646,南翔,596842980,手工,6:6,2024-08-14 16:50,15767248,917337,442020,17326,7673,"一起做手工吧16.0 手工暑期大作战,非遗,打铁花,我的整活手工大赏,非遗传承,炭花舞,七江炭花舞,火壶",-,https://i0.hdslb.com/bfs/archive/c3cc26fc610220badb0b446469ca0ecf63577451.jpg
749,非遗植物拓染｜锤出三千年前的中国色,BV1wh72z8EXt,114611957272674,陈二十,22309487,日常,3:45,2025-06-02 17:00,606312,9965,17638,82,104,"非遗,我的手工真的很解压,传统文化,手工,植物拓染",周末如果不想聚会跟人社交，那就试试跟大自然产生链接，动手做一副属于自己独一无二的作品吧~,https://i2.hdslb.com/bfs/archive/cdf4bc1202ff41f59c71c6274c7a043cdc2171d4.jpg
750,陈都灵四次非遗旗袍变装,BV1i1ZiB6E3G,116097378426485,可爱又迷人旳反派,3493079277373656,明星综合,4:13,2026-02-19 20:55,9081,202,328,5,17,"陈都灵,表演,美女",-,https://i2.hdslb.com/bfs/archive/b8060f153a8c411e26e498e997adf6661f015e7e.jpg
751,【全程高能】中国各地的非遗年俗能有多震撼？直接看呆了！,BV1XywNeNEd3,113849181145296,司空离,358807,人文历史,7:16,2025-01-18 20:12,2901923,43884,29288,621,338,"2025克穷暴富,民俗,英歌舞,传统文化,年俗,打铁花,非遗",-,https://i2.hdslb.com/bfs/archive/07a04911a2dadb3b495f1beb71f181169a64b619.jpg
752,为什么都以为排箫是国外乐器？&quot;非遗 &quot;传统文化 &quot;乐器 &quot;,BV1NRwezhEmx,116249379996802,非遗传统手艺哥,3632303318239519,田园美食,2:30,2026-03-18 17:09,1194,60,5,2,4,"制作,文化,寻找100位非遗手艺人,B站好片有奖种草,非物质文化遗产",-,https://i0.hdslb.com/bfs/archive/d15c455bdb33bbcad358aa0ddb7cd3f5b788fdca.jpg
753,外网热评：中国非遗文化传承《傩戏》外国网友：精准的动作和传统文化的传承，很精彩,BV1WyckzjEd5,116215473242189,轩宝看油管,387967038,日常,1:36,2026-03-12 17:24,1067,12,5,0,0,"传统文化,中国,外网热评,中国非遗,外国网友评论,外网评论,评论翻译,外国人看中国,文化传承,非物质文化遗产",,https://i1.hdslb.com/bfs/archive/734cc883611d5be6e1ef3823234a16f1f8c2d334.jpg
754,中国文化输出赢麻了！国风舞惊艳全场，街头“非遗喷火”看懵老外,BV14fXVYxEV6,114182427116994,下饭音乐,11173348,乐评盘点,5:45,2025-03-18 16:18,196063,3377,875,253,56,"非遗文化,中国舞,文化输出",,https://i1.hdslb.com/bfs/archive/233a03d3aafc688e7c5bc9fe392337f875fc58ef.jpg
755,挑战戏神非遗大片 今天拍的是“傩戏”！,BV1uLByBvELm,115791680838243,-小胡同学呀,262240557,穿搭,2:45,2025-12-27 21:18,1729285,38471,60664,1453,357,"传统文化,冷不丁化妆挑战,胡有姬,葛仙村,戏神,傩戏,非遗,江西,非物质文化遗产,挑战",-,https://i2.hdslb.com/bfs/archive/084a84aa9c8c5dc3386443cd5993a8e3f35b684d.jpg
756,外网看我国非遗文化变装转场！热评：文化自信在此刻具象化！ #非遗文化 #转场 #舞狮 #外国人看中国,BV1mWkzBtEho,115528446251640,星禾搞笑娱乐,1680121791,日常,1:36,2025-11-11 09:25,156077,2194,573,33,39,"中国风,制作,变装转场,B站辩论季！,歪果仁,传统文化,中国,文化",外网看我国非遗文化变装转场！热评：文化自信在此刻具象化！ #非遗文化 #转场 #舞狮 #外国人看中国,https://i0.hdslb.com/bfs/archive/2817e02809a8d3e33c7ece58178345d287ed3ea0.jpg
757,你敢信画面、音乐、配音全Ai制作？AIGC赋能文旅非遗新范例,BV1it421u7UK,1754365323,野生Peng友,227377272,AI影像,2:50,2024-05-11 14:14,21363,361,597,3,35,"AI,蜀锦,人工智能,AIGC,AI影像征集大赛,文旅,非遗","历时3个星期，用AI搞了2234张图片+210首音乐+588条视频+49条配音素材
终于抽卡抽出来了，我哭死！！
我已入魔，半夜走在路上看着开过的汽车都像是AI扩散。
收集200多幅古今经典蜀锦纹样为样本，
训练Lora，搭建了comfy ui的新工作流
SD、Runway、Pika........能用的都用了
每天开机都在给显卡上香
求求Sora、Vidu快点吧，真·不想抽卡了!!!",https://i1.hdslb.com/bfs/archive/2254da15574725ebe7a7c4c3767c77464b30795d.jpg
758,《针尖上的非遗》纪录片作品,BV1DTwezYEgC,116247752675641,爱学习美女罢了,491748066,影视剪辑,12:40,2026-03-18 10:15,13,0,0,0,0,"纪录片,文化,艺术,非遗",,https://i0.hdslb.com/bfs/archive/8a5752778faa90c0c173dbc419191bacfa40b9ad.jpg
759,外网热评：中国非遗！龙须面惊艳外网！一根面能拉千米，中华绝技太绝了,BV1WyckzjE38,116215473245756,轩宝看油管,387967038,日常,2:4,2026-03-12 17:24,2939,44,3,3,1,"外网热评,文化,中国,外国网友评论,外网评论,评论翻译,外国网友,外国人看中国,外网,娱乐资讯",,https://i1.hdslb.com/bfs/archive/017a6b927ce0726e3ae65bc65666be3e5caa1f74.jpg
760,耗时两天制作的ai非遗文化纪录片（非seedance2.0）,BV1RQwQzxEAk,116242216130504,炽木阳-五点-,431830810,日常,4:25,2026-03-17 10:48,104,1,1,0,0,"AI,文化,B站AI创作大赛,必剪创作,非遗文化,非遗,中国,纪录片",-,https://i0.hdslb.com/bfs/archive/2933f7e2df4d97d79270f6628fea99b31f321ee2.jpg
761,非遗园,BV1Xdw9zhEyN,116245219247908,dagua009,1299667031,设计·创意,1:6,2026-03-17 23:28,11,0,0,0,0,数字人居,,https://i0.hdslb.com/bfs/archive/9306fa0a4a676fc8ec063be0739972fc1e1339c2.jpg
762,中国非遗惊艳世界，视觉盛宴引全球热议,BV1UVwszqEVM,116225405359197,油管外网趣评,508321791,日常,1:41,2026-03-14 11:31,1256,28,1,0,0,"绘画,游戏,动作游戏",-,https://i2.hdslb.com/bfs/archive/d80dab66b5956ebc796846f4ef9075ea766ceac7.jpg
763,【微纪录片】一嗓老腔，一纸皮影，我把黄土高原的千年摇滚拍成毕设,BV1LawazBEjM,116248457256327,老实敦厚的ph,113482552,人文历史,6:39,2026-03-18 19:00,48,3,1,0,0,"传统文化,毕业设计,寻找100位非遗手艺人,手工艺,微纪录片,非物质文化遗产,皮影,人文,艺术,历史","微纪录片《影韵千年：华阴老腔皮影》第一集
本系列为网络新媒体专业毕业设计

一声吼，穿千年；一纸影，演古今。
我们用镜头记录黄土高原上最滚烫的民间艺术，
被称为「中国最早摇滚」的非遗。

全系列共5集，持续更新。
点赞+投币+关注，让更多人看见中国非遗。",https://i0.hdslb.com/bfs/archive/b57ca6802991f2094a0bf6872ab0e405332f1cee.jpg
764,从1块泥巴到上亿天价！非遗汝瓷如何点土成“金”？,BV1rsjmzbEWd,114574342757495,影视飓风,946974,手工,12:5,2025-05-28 17:00,2948282,168993,39702,32794,3557,"碧蓝航线,汝瓷,4K,拍摄,匠人,制作,非遗,碧蓝航线8周年,非物质文化遗产",这些看似不起眼的泥巴和石头，经过巧妙的加工，竟然可能卖出上亿元的天价。作为瓷器的一种，为什么“它”这么值钱？这次我们和@碧蓝航线  一拍即合，前往河南汝州，想带你一起来看看这门传承了千年的中国手艺——汝瓷。如果你喜欢这期视频，请多多支持我们，并把视频分享给你的朋友们一起看看!,https://i0.hdslb.com/bfs/archive/de6649ac16c7c62fab9774d44b60a36965bf8592.jpg
765,【超燃】中国非遗超燃混剪,BV1a1keYbEF2,113695099261522,万川嘉心,1970823994,影视剪辑,5:25,2024-12-22 14:44,43569,522,935,1,71,"非遗文化分享官,非遗,传统文化,中国,人文历史档案馆2.0",-,https://i0.hdslb.com/bfs/archive/8ee2d7ef1efc6aa7d7727e5abbe06bb3a52eb859.jpg
766,开者即死，这四个字震慑了盗墓贼整整1400年,BV1W1ckz1EYk,116215389363710,江寻千,1895195099,手工,7:22,2026-03-12 17:11,1689809,71815,35517,702,773,"文化,闹蛾扑花钗,寻找100位非遗手艺人,非遗,花丝镶嵌,手工艺",,https://i2.hdslb.com/bfs/archive/2bdc919399b36b6c49fcc199af199f86ff1e8252.jpg
767,笑不中了！贾旭明老师号都没了，圆桌也没整清楚，又跑到非遗相声大会说相声了哈哈哈哈哈哈，网友：“相声这个行业危险系数这么高吗”哈哈哈哈或许是贾老师危险系数高？,BV1K8NMzYEmj,116192387795647,又一次嗑到了,3546939108886611,娱乐粉丝创作,22:12,2026-03-08 15:37,163503,3921,1214,998,330,"相声,爆笑,搞笑,贾局,段子,贾旭明,讽刺,小品,最新",-,https://i0.hdslb.com/bfs/archive/23c1efe6437884d6ea193d2b052293322e74de66.jpg
768,这个杯子浑身是孔，却滴水不漏,BV1jm84zcExE,114919047503711,江寻千,1895195099,影视剪辑,8:57,2025-07-26 18:28,8061674,297315,157059,4390,3837,"瓷器,传统文化,陶瓷,玲珑瓷,手工,非遗,寻找100位非遗手艺人",,https://i1.hdslb.com/bfs/archive/d3717a4ab06941d7e11769fe1a7e10133677d782.jpg
769,"贾旭明郑健相声《贾诗人》高清字幕版,贾旭明非遗相声春晚作品，搞笑不断！",BV1yBPoztEG3,116201934098540,相声茶馆,25375697,搞笑,22:12,2026-03-10 11:05,12543,150,72,19,16,"非遗相声,贾旭明相声,郑健,搞笑相声,非遗,相声小品,贾旭明,相声,春晚,搞笑","贾旭明郑健相声《贾诗人》高清字幕版,贾旭明非遗相声春晚作品，搞笑不断！",https://i1.hdslb.com/bfs/archive/32b9839ce3dd1a1fac4cbb5be6083dddea99bffa.jpg
770,【央视】综合频道CCTV-1《非遗里的中国》（第一季）,BV1AN411M7VY,493763285,八神逸枫,10289419,综艺,1086:50,2023-11-25 18:26,333808,3674,14407,1972,114,"非遗,人文,文化","https://tv.cctv.com/2022/12/30/VIDAIxSnFuJtsqzH4HZK9Yc4221230.shtml
《非遗里的中国》通过非遗创新秀演、沉浸体验、还原绝技等全新的方式来打开非遗，多维度呈现非遗的创新成果、历史底蕴、中国智慧、东方美学。节目展现非遗在新时代迸发出的焕新力量，呈现非遗时光流变中的一脉相承与继往开来。",https://i0.hdslb.com/bfs/archive/8268536bcc5c0b6c21c2dc540a25c7aad0559223.png
771,东巴纸,BV1ozw4ztEqm,116228106551729,归乡人山白,3494349557992101,手工,8:10,2026-03-14 23:02,677347,98030,9908,1849,1113,"寻找100位非遗手艺人,东巴纸,纳西族,手工纸,手工艺,手工,原创",纸寿千年，纳西族手工造纸。,https://i1.hdslb.com/bfs/archive/62ed064b30e48ab8740683535ec2a4640da5791a.jpg
772,【大学生纪录短片/非遗/剪纸/原创】纸下的时间旅行者【高清1080P】万物理论拯救传统文化,BV1xs411y7CG,5301655,暗海见雪生,25005818,小剧场,15:39,2016-07-12 14:20,390083,7508,12177,347,198,"传统文化,传承,纪录片,冯骥才,万物理论",以乡村七十多岁民间剪纸艺人几十年扎根于民间文化为起点，伴随着生活在城市却致力于剪纸的保护与创新的艺术家郭梅花的故事进行交叉叙事，串起剪纸的历史与发展，民俗与文化。,https://i1.hdslb.com/bfs/archive/36284d6e91d13a830b61de8ac73cc367a4f1f2d7.jpg
773,中国的42项世界非遗项目 你都知道吗？,BV1NK411G7rv,500654333,中新视频,104092224,社会,4:38,2020-12-19 15:11,28939,680,801,21,38,"世界非遗项目,中国",12月17日晚，中国单独申报的“太极拳”、与马来西亚联合申报的“送王船——有关人与海洋可持续联系的仪式及相关实践”两个项目，经联合国教科文组织保护非物质文化遗产政府间委员会评审通过，列入联合国教科文组织人类非物质文化遗产代表作名录。那么，你知道中国的世界非物质文化遗产项目有多少个？有哪些？快跟我一起增长知识吧！,https://i2.hdslb.com/bfs/archive/f2e9d4d1134718bada898f5f9cce68245e4c7592.jpg
774,非遗群像MVP结算画面,BV1JwWyzPE74,115387786207195,Locus建鹏,448415359,运动综合,0:33,2025-10-17 13:15,3426804,947395,222099,100260,8884,"逆水寒手游,逆水寒非遗计划,逆水寒次元破壁",-,https://i2.hdslb.com/bfs/archive/b1acff3579f22a0752d4961c7d319667c1866b16.jpg
775,谁还不是个rapper！一首歌串起中国43项世界级非遗,BV1FV4y1y78y,870118526,央视新闻,456664753,人文历史,3:13,2023-06-22 09:56,353155,46508,9405,272,783,"非遗,说唱",目前，中国43个项目列入联合国教科文组织，非物质文化遗产名录、名册数量居世界第一。端午节到来之际，央视新闻推出原创音乐MV《非常·非遗》，用一首歌曲串联起这43项世界级非遗项目，以音乐和视觉符号呈现中国式浪漫，彰显古老东方的历史文明之美。,https://i0.hdslb.com/bfs/archive/4b2558b64cc8011d043597b24c184eb78ec51587.jpg
776,网红想火想疯了？魔改中国非遗“黄梅戏”，惨遭央视发文“怒”批,BV1oq4y1N7ug,547995107,下饭音乐,11173348,乐评盘点,4:29,2021-09-14 17:10,3642675,192762,15640,47189,12344,"音乐分享官,乐评盘点,周杰伦,小姐姐,漫步人生路,青花瓷,网红翻唱,粤语歌,黄梅戏",要说现在刷手机，新歌没几首，老歌倒是不断被 魔改翻唱~甚至为了流量，网红们跟风拍摄 根本不管歌曲内容~今天饭饭 就带来的几首 被网红玩“变味”的歌，坚持听完的 可都是我的死忠粉呐,https://i2.hdslb.com/bfs/archive/65a0a945e8e351ea4548859398048a400a3bc155.jpg
777,以朱为信，以泥承魂，印泥，中华文房瑰宝,BV1VanmzbEbt,115293598781324,I彭传明,589188442,手工,22:26,2025-09-30 22:15,335678,28987,2825,1570,500,"中国,原创,文化",-,https://i2.hdslb.com/bfs/archive/9f1331aecca0077f75a416b03dd6219d90c378e5.jpg
778,鬼步、僵尸摔、滚灯……科普19种技惊四座的非遗绝技,BV1kXpWzyE6u,115217564570288,全球顶尖投影,3546744608524364,出行,2:45,2025-09-17 11:45,423695,37473,8866,256,555,"绝技,人文历史档案馆,传统文化,变脸,杂技,戏曲,鬼步,非遗,科普,京剧",,https://i1.hdslb.com/bfs/archive/c60f3ec3e64997d87ead2e58699a3eb49cb40e99.jpg
779,这不是迷信，这是中国傩戏。,BV1Xf421v74t,1206450288,唱饭的王小潮,1107899745,人文历史,2:45,2024-08-10 09:58,4003239,421831,190004,3655,4475,"非遗文化,文化,正能量,寻找非遗文化,行走的人文,中国",-,https://i1.hdslb.com/bfs/archive/49daebd4631fa0c00276d9350417f86fbd6af584.jpg
780,【《浮光》遇到中国非遗】中国的43个世界级非遗，你知道几个？,BV1L1421275U,1555202564,非遗正年轻,156651846,人文历史,4:21,2024-05-27 21:37,70621,1491,2589,17,61,"浮光,周深,世界级非遗,中国,传统文化,历史,非遗,文化",-,https://i0.hdslb.com/bfs/archive/a11d2fe91f98de969d84d93481c666bc65adbd4f.jpg
781,99%的人没见过这个非遗，可它正在消失,BV14A57zLEd1,114358101284195,摇铃啊摇铃儿,1330962869,人文历史,6:55,2025-04-18 17:10,2833317,123676,118188,4454,1189,"烟花,药发木偶,非遗,温州,寻找100位非遗手艺人,传统文化,寻找100位非遗手艺人 3.0,木偶戏",这是99%的人没听说过的非遗，温州泰顺的药发木偶。是火树银花的真实写照历时四个月，在失望与希望中反复挣扎，这次终于把周尔禄爷爷坚持了一生的热爱，带到了你的面前。因为这项非遗原料的特殊，一直在法律的文化传承的矛盾中挣扎，几度垂危，这期视频，中间有过很多次想放弃的时候，或许是因为我成为了他的第一位年轻“女徒弟”，或许因为这是我家乡的非遗，又或许只是因为它的传承人是周爷爷，这个历经种种磨难，依然在苦难中开出花的，理想主义老头！他真的太好啦87天的争取实在是漫长！可又怎么漫长得过周爷爷60多年，2万多天的坚持呢。,https://i2.hdslb.com/bfs/archive/f1dde5456c9361870e919747e4b14e1c10f212cc.jpg
782,手写代码的程序员成非遗了❓「古法编程」突然火了❗️,BV1UzwDz1E6w,116243071835663,智冷Shaw,480800563,计算机技术,0:51,2026-03-17 14:22,12243,121,75,86,64,"万万没想到,AI,人工智能,编程,程序员,学习,高能,科普,分享我的专业知识,代码",“古法编程”这个词一出来，我先笑了。以前程序员不用AI写代码叫基本操作，现在居然成了“古法手艺”。照这趋势下去，未来程序员怕不是要进博物馆现场表演纯手搓代码了。你觉得，不靠AI写代码的人，以后会不会真成“非遗传承人”？关注智冷Shaw，AI时代走前头！,https://i1.hdslb.com/bfs/archive/dedb798ce2c9122234b899598e2262af3e525da5.jpg
783,每周质量报告 | 央视曝光假非遗乱象,BV1Upf9BVEut,116009952416434,央视网,222103174,日常,18:18,2026-02-04 10:20,30411,1851,309,51,81,非遗,,https://i2.hdslb.com/bfs/archive/34738e7584707de16910fa86679013ae30a45b8a.jpg
784,老祖宗：不管了！好歹非遗传下来了！,BV1sjwez4ENA,116249463881838,料理小咪,18237423,颜值·网红舞,0:36,2026-03-18 17:29,13196,2076,652,122,67,"川剧摇,四时少女,火苗dj,葛仙村,古风","我们来葛仙村玩啦！好好玩！下次还来～
从左到右出境：
玉玲珑：小水泡汤
汉服：西海岸红杉
胡桃：料理小咪
大乔：十元酱少女",https://i2.hdslb.com/bfs/archive/59308324aa32767546f15be431472416fb28151a.jpg
785,【非遗美学创业】每周工作一小时，每年躺平收入超七位数,BV1Hm421g7hX,1606157528,村姑欣陶,384402877,财经商业,42:49,2024-07-05 19:40,18723,905,830,59,34,"青年用「财」图鉴,共同富裕,投资,找工作,乡村振兴,非遗美学,创业,李子柒,融资,创业合伙人",作为斜杠财经博主，想做些差异化的内容，可以和大家共同富裕，比如好的合伙创业、商务合作和工作的机会。而且不是在项目极早期，充满高度不确定性的时候介绍给大家，希望是有数据支持的商业模式小DEMO已经跑通的时候，在项目充满生命力蓬勃发展的时候，介绍给大家。作为前投资人，未来也将继续做投资的创业财经博主，将以投资人的角度和创始人对话，探讨创业过程中的挑战和应对方案，希望想创业或者正在创业ing的朋友们有借鉴意义。如果有想和我一起录制视频的创业者，希望自己的项目让更多投资人、创业者、合作伙伴或者未来团队成员看到，欢,https://i0.hdslb.com/bfs/archive/f8cb19204ce43fe8528dd2d144d8ba0dc070a9ca.jpg
786,在你看到这期视频之前，它，没有观众,BV1Nw4m1k7Mk,1106345646,南翔,596842980,手工,6:6,2024-08-14 16:50,15767248,917337,442020,17326,7673,"一起做手工吧16.0 手工暑期大作战,非遗,打铁花,我的整活手工大赏,非遗传承,炭花舞,七江炭花舞,火壶",-,https://i0.hdslb.com/bfs/archive/c3cc26fc610220badb0b446469ca0ecf63577451.jpg
787,非遗植物拓染｜锤出三千年前的中国色,BV1wh72z8EXt,114611957272674,陈二十,22309487,日常,3:45,2025-06-02 17:00,606312,9965,17638,82,104,"非遗,我的手工真的很解压,传统文化,手工,植物拓染",周末如果不想聚会跟人社交，那就试试跟大自然产生链接，动手做一副属于自己独一无二的作品吧~,https://i2.hdslb.com/bfs/archive/cdf4bc1202ff41f59c71c6274c7a043cdc2171d4.jpg
788,【全程高能】中国各地的非遗年俗能有多震撼？直接看呆了！,BV1XywNeNEd3,113849181145296,司空离,358807,人文历史,7:16,2025-01-18 20:12,2901923,43884,29288,621,338,"2025克穷暴富,民俗,英歌舞,传统文化,年俗,打铁花,非遗",-,https://i2.hdslb.com/bfs/archive/07a04911a2dadb3b495f1beb71f181169a64b619.jpg
789,陈都灵四次非遗旗袍变装,BV1i1ZiB6E3G,116097378426485,可爱又迷人旳反派,3493079277373656,明星综合,4:13,2026-02-19 20:55,9081,202,328,5,17,"陈都灵,表演,美女",-,https://i2.hdslb.com/bfs/archive/b8060f153a8c411e26e498e997adf6661f015e7e.jpg
790,为什么都以为排箫是国外乐器？&quot;非遗 &quot;传统文化 &quot;乐器 &quot;,BV1NRwezhEmx,116249379996802,非遗传统手艺哥,3632303318239519,田园美食,2:30,2026-03-18 17:09,1194,60,5,2,4,"制作,文化,寻找100位非遗手艺人,B站好片有奖种草,非物质文化遗产",-,https://i0.hdslb.com/bfs/archive/d15c455bdb33bbcad358aa0ddb7cd3f5b788fdca.jpg
791,中国文化输出赢麻了！国风舞惊艳全场，街头“非遗喷火”看懵老外,BV14fXVYxEV6,114182427116994,下饭音乐,11173348,乐评盘点,5:45,2025-03-18 16:18,196063,3377,875,253,56,"非遗文化,中国舞,文化输出",,https://i1.hdslb.com/bfs/archive/233a03d3aafc688e7c5bc9fe392337f875fc58ef.jpg
792,外网热评：中国非遗文化传承《傩戏》外国网友：精准的动作和传统文化的传承，很精彩,BV1WyckzjEd5,116215473242189,轩宝看油管,387967038,日常,1:36,2026-03-12 17:24,1067,12,5,0,0,"传统文化,中国,外网热评,中国非遗,外国网友评论,外网评论,评论翻译,外国人看中国,文化传承,非物质文化遗产",,https://i1.hdslb.com/bfs/archive/734cc883611d5be6e1ef3823234a16f1f8c2d334.jpg
793,挑战戏神非遗大片 今天拍的是“傩戏”！,BV1uLByBvELm,115791680838243,-小胡同学呀,262240557,穿搭,2:45,2025-12-27 21:18,1729285,38471,60664,1453,357,"传统文化,冷不丁化妆挑战,胡有姬,葛仙村,戏神,傩戏,非遗,江西,非物质文化遗产,挑战",-,https://i2.hdslb.com/bfs/archive/084a84aa9c8c5dc3386443cd5993a8e3f35b684d.jpg
794,【纪录片】《中国手作》第一季 木作 第一集 榫卯智慧,BV1mk4y1c7M4,745848737,长安书院_,2147327022,人文历史,121:19,2023-09-09 17:26,166211,2479,12555,99,44,"历史,工匠,科普,人文,木作,榫卯,非遗,手作,纪录片,传统文化",如果觉得还不错，麻烦给个三连！谢谢~,https://i2.hdslb.com/bfs/archive/19f159e05c860021238a410bb02e3138deae4c61.png
795,外网看我国非遗文化变装转场！热评：文化自信在此刻具象化！ #非遗文化 #转场 #舞狮 #外国人看中国,BV1mWkzBtEho,115528446251640,星禾搞笑娱乐,1680121791,日常,1:36,2025-11-11 09:25,156079,2194,573,33,39,"中国风,制作,变装转场,B站辩论季！,歪果仁,传统文化,中国,文化",外网看我国非遗文化变装转场！热评：文化自信在此刻具象化！ #非遗文化 #转场 #舞狮 #外国人看中国,https://i0.hdslb.com/bfs/archive/2817e02809a8d3e33c7ece58178345d287ed3ea0.jpg
796,江寻千：把100种非遗，拍成文艺复兴名场面,BV1nvceznEoG,116055401826217,环球人物新媒体,30042311,运动文化,8:7,2026-02-19 09:00,7354,530,246,8,8,"传统文化,文化,中国,非遗",,https://i1.hdslb.com/bfs/archive/f83a1f00a4aa6149581d5a49c0a01bcf3a027dbd.jpg
797,你敢信画面、音乐、配音全Ai制作？AIGC赋能文旅非遗新范例,BV1it421u7UK,1754365323,野生Peng友,227377272,AI影像,2:50,2024-05-11 14:14,21363,361,597,3,35,"AI,蜀锦,人工智能,AIGC,AI影像征集大赛,文旅,非遗","历时3个星期，用AI搞了2234张图片+210首音乐+588条视频+49条配音素材
终于抽卡抽出来了，我哭死！！
我已入魔，半夜走在路上看着开过的汽车都像是AI扩散。
收集200多幅古今经典蜀锦纹样为样本，
训练Lora，搭建了comfy ui的新工作流
SD、Runway、Pika........能用的都用了
每天开机都在给显卡上香
求求Sora、Vidu快点吧，真·不想抽卡了!!!",https://i1.hdslb.com/bfs/archive/2254da15574725ebe7a7c4c3767c77464b30795d.jpg
798,《针尖上的非遗》纪录片作品,BV1DTwezYEgC,116247752675641,爱学习美女罢了,491748066,影视剪辑,12:40,2026-03-18 10:15,13,0,0,0,0,"纪录片,文化,艺术,非遗",,https://i0.hdslb.com/bfs/archive/8a5752778faa90c0c173dbc419191bacfa40b9ad.jpg
799,手工斫琴是智商税？别用工业标准衡量千年文化,BV1cTwqzcEod,116249749097395,古琴拓荒人卢玉平,3546840091855248,手工,1:46,2026-03-18 18:49,495,9,5,1,1,"匠人,非物质文化遗产,古琴,传统文化,手工,原创",,https://i1.hdslb.com/bfs/archive/783cb05ded88b46fe0659af025ffaab31c3040d5.jpg
800,非遗园,BV1Xdw9zhEyN,116245219247908,dagua009,1299667031,设计·创意,1:6,2026-03-17 23:28,11,0,0,0,0,数字人居,,https://i0.hdslb.com/bfs/archive/9306fa0a4a676fc8ec063be0739972fc1e1339c2.jpg
801,千年龙韵-非遗六坊云龙舞-采访市级传承人,BV1WswBzqEew,116251108050595,知行潮汐队,629256315,搞笑,9:56,2026-03-19 00:30,8,4,2,0,0,"优秀传统文化,传承,北京交通大学,传统文化,文化,中国",-,https://i0.hdslb.com/bfs/archive/245c8af03fd420f353ee7c9caff2aa96e6173561.jpg
802,从1块泥巴到上亿天价！非遗汝瓷如何点土成“金”？,BV1rsjmzbEWd,114574342757495,影视飓风,946974,手工,12:5,2025-05-28 17:00,2948282,168993,39702,32794,3557,"碧蓝航线,汝瓷,4K,拍摄,匠人,制作,非遗,碧蓝航线8周年,非物质文化遗产",这些看似不起眼的泥巴和石头，经过巧妙的加工，竟然可能卖出上亿元的天价。作为瓷器的一种，为什么“它”这么值钱？这次我们和@碧蓝航线  一拍即合，前往河南汝州，想带你一起来看看这门传承了千年的中国手艺——汝瓷。如果你喜欢这期视频，请多多支持我们，并把视频分享给你的朋友们一起看看!,https://i0.hdslb.com/bfs/archive/de6649ac16c7c62fab9774d44b60a36965bf8592.jpg
803,【超燃】中国非遗超燃混剪,BV1a1keYbEF2,113695099261522,万川嘉心,1970823994,影视剪辑,5:25,2024-12-22 14:44,43569,522,935,1,71,"非遗文化分享官,非遗,传统文化,中国,人文历史档案馆2.0",-,https://i0.hdslb.com/bfs/archive/8ee2d7ef1efc6aa7d7727e5abbe06bb3a52eb859.jpg
804,开者即死，这四个字震慑了盗墓贼整整1400年,BV1W1ckz1EYk,116215389363710,江寻千,1895195099,手工,7:22,2026-03-12 17:11,1689809,71815,35517,702,773,"文化,闹蛾扑花钗,寻找100位非遗手艺人,非遗,花丝镶嵌,手工艺",,https://i2.hdslb.com/bfs/archive/2bdc919399b36b6c49fcc199af199f86ff1e8252.jpg
805,这个杯子浑身是孔，却滴水不漏,BV1jm84zcExE,114919047503711,江寻千,1895195099,影视剪辑,8:57,2025-07-26 18:28,8061674,297315,157059,4390,3837,"瓷器,传统文化,陶瓷,玲珑瓷,手工,非遗,寻找100位非遗手艺人",,https://i1.hdslb.com/bfs/archive/d3717a4ab06941d7e11769fe1a7e10133677d782.jpg
806,笑不中了！贾旭明老师号都没了，圆桌也没整清楚，又跑到非遗相声大会说相声了哈哈哈哈哈哈，网友：“相声这个行业危险系数这么高吗”哈哈哈哈或许是贾老师危险系数高？,BV1K8NMzYEmj,116192387795647,又一次嗑到了,3546939108886611,娱乐粉丝创作,22:12,2026-03-08 15:37,163503,3921,1214,998,330,"相声,爆笑,搞笑,贾局,段子,贾旭明,讽刺,小品,最新",-,https://i0.hdslb.com/bfs/archive/23c1efe6437884d6ea193d2b052293322e74de66.jpg
807,"贾旭明郑健相声《贾诗人》高清字幕版,贾旭明非遗相声春晚作品，搞笑不断！",BV1yBPoztEG3,116201934098540,相声茶馆,25375697,搞笑,22:12,2026-03-10 11:05,12543,150,72,19,16,"非遗相声,贾旭明相声,郑健,搞笑相声,非遗,相声小品,贾旭明,相声,春晚,搞笑","贾旭明郑健相声《贾诗人》高清字幕版,贾旭明非遗相声春晚作品，搞笑不断！",https://i1.hdslb.com/bfs/archive/32b9839ce3dd1a1fac4cbb5be6083dddea99bffa.jpg
808,【央视】综合频道CCTV-1《非遗里的中国》（第一季）,BV1AN411M7VY,493763285,八神逸枫,10289419,综艺,1086:50,2023-11-25 18:26,333808,3674,14407,1972,114,"非遗,人文,文化","https://tv.cctv.com/2022/12/30/VIDAIxSnFuJtsqzH4HZK9Yc4221230.shtml
《非遗里的中国》通过非遗创新秀演、沉浸体验、还原绝技等全新的方式来打开非遗，多维度呈现非遗的创新成果、历史底蕴、中国智慧、东方美学。节目展现非遗在新时代迸发出的焕新力量，呈现非遗时光流变中的一脉相承与继往开来。",https://i0.hdslb.com/bfs/archive/8268536bcc5c0b6c21c2dc540a25c7aad0559223.png
809,东巴纸,BV1ozw4ztEqm,116228106551729,归乡人山白,3494349557992101,手工,8:10,2026-03-14 23:02,677347,98030,9908,1849,1113,"寻找100位非遗手艺人,东巴纸,纳西族,手工纸,手工艺,手工,原创",纸寿千年，纳西族手工造纸。,https://i1.hdslb.com/bfs/archive/62ed064b30e48ab8740683535ec2a4640da5791a.jpg
810,中国的42项世界非遗项目 你都知道吗？,BV1NK411G7rv,500654333,中新视频,104092224,社会,4:38,2020-12-19 15:11,28939,680,801,21,38,"世界非遗项目,中国",12月17日晚，中国单独申报的“太极拳”、与马来西亚联合申报的“送王船——有关人与海洋可持续联系的仪式及相关实践”两个项目，经联合国教科文组织保护非物质文化遗产政府间委员会评审通过，列入联合国教科文组织人类非物质文化遗产代表作名录。那么，你知道中国的世界非物质文化遗产项目有多少个？有哪些？快跟我一起增长知识吧！,https://i2.hdslb.com/bfs/archive/f2e9d4d1134718bada898f5f9cce68245e4c7592.jpg
811,【大学生纪录短片/非遗/剪纸/原创】纸下的时间旅行者【高清1080P】万物理论拯救传统文化,BV1xs411y7CG,5301655,暗海见雪生,25005818,小剧场,15:39,2016-07-12 14:20,390083,7508,12177,347,198,"传统文化,传承,纪录片,冯骥才,万物理论",以乡村七十多岁民间剪纸艺人几十年扎根于民间文化为起点，伴随着生活在城市却致力于剪纸的保护与创新的艺术家郭梅花的故事进行交叉叙事，串起剪纸的历史与发展，民俗与文化。,https://i1.hdslb.com/bfs/archive/36284d6e91d13a830b61de8ac73cc367a4f1f2d7.jpg
812,谁还不是个rapper！一首歌串起中国43项世界级非遗,BV1FV4y1y78y,870118526,央视新闻,456664753,人文历史,3:13,2023-06-22 09:56,353155,46508,9405,272,783,"非遗,说唱",目前，中国43个项目列入联合国教科文组织，非物质文化遗产名录、名册数量居世界第一。端午节到来之际，央视新闻推出原创音乐MV《非常·非遗》，用一首歌曲串联起这43项世界级非遗项目，以音乐和视觉符号呈现中国式浪漫，彰显古老东方的历史文明之美。,https://i0.hdslb.com/bfs/archive/4b2558b64cc8011d043597b24c184eb78ec51587.jpg
813,非遗群像MVP结算画面,BV1JwWyzPE74,115387786207195,Locus建鹏,448415359,运动综合,0:33,2025-10-17 13:15,3426804,947395,222099,100260,8884,"逆水寒手游,逆水寒非遗计划,逆水寒次元破壁",-,https://i2.hdslb.com/bfs/archive/b1acff3579f22a0752d4961c7d319667c1866b16.jpg
814,网红想火想疯了？魔改中国非遗“黄梅戏”，惨遭央视发文“怒”批,BV1oq4y1N7ug,547995107,下饭音乐,11173348,乐评盘点,4:29,2021-09-14 17:10,3642675,192762,15640,47189,12344,"音乐分享官,乐评盘点,周杰伦,小姐姐,漫步人生路,青花瓷,网红翻唱,粤语歌,黄梅戏",要说现在刷手机，新歌没几首，老歌倒是不断被 魔改翻唱~甚至为了流量，网红们跟风拍摄 根本不管歌曲内容~今天饭饭 就带来的几首 被网红玩“变味”的歌，坚持听完的 可都是我的死忠粉呐,https://i2.hdslb.com/bfs/archive/65a0a945e8e351ea4548859398048a400a3bc155.jpg
815,以朱为信，以泥承魂，印泥，中华文房瑰宝,BV1VanmzbEbt,115293598781324,I彭传明,589188442,手工,22:26,2025-09-30 22:15,335682,28987,2825,1570,500,"中国,原创,文化",-,https://i2.hdslb.com/bfs/archive/9f1331aecca0077f75a416b03dd6219d90c378e5.jpg
816,鬼步、僵尸摔、滚灯……科普19种技惊四座的非遗绝技,BV1kXpWzyE6u,115217564570288,全球顶尖投影,3546744608524364,出行,2:45,2025-09-17 11:45,423695,37473,8866,256,555,"绝技,人文历史档案馆,传统文化,变脸,杂技,戏曲,鬼步,非遗,科普,京剧",,https://i1.hdslb.com/bfs/archive/c60f3ec3e64997d87ead2e58699a3eb49cb40e99.jpg
817,这不是迷信，这是中国傩戏。,BV1Xf421v74t,1206450288,唱饭的王小潮,1107899745,人文历史,2:45,2024-08-10 09:58,4003239,421831,190004,3655,4475,"非遗文化,文化,正能量,寻找非遗文化,行走的人文,中国",-,https://i1.hdslb.com/bfs/archive/49daebd4631fa0c00276d9350417f86fbd6af584.jpg
818,【《浮光》遇到中国非遗】中国的43个世界级非遗，你知道几个？,BV1L1421275U,1555202564,非遗正年轻,156651846,人文历史,4:21,2024-05-27 21:37,70621,1491,2589,17,61,"浮光,周深,世界级非遗,中国,传统文化,历史,非遗,文化",-,https://i0.hdslb.com/bfs/archive/a11d2fe91f98de969d84d93481c666bc65adbd4f.jpg
819,99%的人没见过这个非遗，可它正在消失,BV14A57zLEd1,114358101284195,摇铃啊摇铃儿,1330962869,人文历史,6:55,2025-04-18 17:10,2833317,123676,118188,4454,1189,"烟花,药发木偶,非遗,温州,寻找100位非遗手艺人,传统文化,寻找100位非遗手艺人 3.0,木偶戏",这是99%的人没听说过的非遗，温州泰顺的药发木偶。是火树银花的真实写照历时四个月，在失望与希望中反复挣扎，这次终于把周尔禄爷爷坚持了一生的热爱，带到了你的面前。因为这项非遗原料的特殊，一直在法律的文化传承的矛盾中挣扎，几度垂危，这期视频，中间有过很多次想放弃的时候，或许是因为我成为了他的第一位年轻“女徒弟”，或许因为这是我家乡的非遗，又或许只是因为它的传承人是周爷爷，这个历经种种磨难，依然在苦难中开出花的，理想主义老头！他真的太好啦87天的争取实在是漫长！可又怎么漫长得过周爷爷60多年，2万多天的坚持呢。,https://i2.hdslb.com/bfs/archive/f1dde5456c9361870e919747e4b14e1c10f212cc.jpg
820,老祖宗：不管了！好歹非遗传下来了！,BV1sjwez4ENA,116249463881838,料理小咪,18237423,颜值·网红舞,0:36,2026-03-18 17:29,13196,2076,652,122,67,"川剧摇,四时少女,火苗dj,葛仙村,古风","我们来葛仙村玩啦！好好玩！下次还来～
从左到右出境：
玉玲珑：小水泡汤
汉服：西海岸红杉
胡桃：料理小咪
大乔：十元酱少女",https://i2.hdslb.com/bfs/archive/59308324aa32767546f15be431472416fb28151a.jpg
821,手写代码的程序员成非遗了❓「古法编程」突然火了❗️,BV1UzwDz1E6w,116243071835663,智冷Shaw,480800563,计算机技术,0:51,2026-03-17 14:22,12243,121,75,86,64,"万万没想到,AI,人工智能,编程,程序员,学习,高能,科普,分享我的专业知识,代码",“古法编程”这个词一出来，我先笑了。以前程序员不用AI写代码叫基本操作，现在居然成了“古法手艺”。照这趋势下去，未来程序员怕不是要进博物馆现场表演纯手搓代码了。你觉得，不靠AI写代码的人，以后会不会真成“非遗传承人”？关注智冷Shaw，AI时代走前头！,https://i1.hdslb.com/bfs/archive/dedb798ce2c9122234b899598e2262af3e525da5.jpg
822,每周质量报告 | 央视曝光假非遗乱象,BV1Upf9BVEut,116009952416434,央视网,222103174,日常,18:18,2026-02-04 10:20,30411,1851,309,51,81,非遗,,https://i2.hdslb.com/bfs/archive/34738e7584707de16910fa86679013ae30a45b8a.jpg
823,【非遗美学创业】每周工作一小时，每年躺平收入超七位数,BV1Hm421g7hX,1606157528,村姑欣陶,384402877,财经商业,42:49,2024-07-05 19:40,18723,905,830,59,34,"青年用「财」图鉴,共同富裕,投资,找工作,乡村振兴,非遗美学,创业,李子柒,融资,创业合伙人",作为斜杠财经博主，想做些差异化的内容，可以和大家共同富裕，比如好的合伙创业、商务合作和工作的机会。而且不是在项目极早期，充满高度不确定性的时候介绍给大家，希望是有数据支持的商业模式小DEMO已经跑通的时候，在项目充满生命力蓬勃发展的时候，介绍给大家。作为前投资人，未来也将继续做投资的创业财经博主，将以投资人的角度和创始人对话，探讨创业过程中的挑战和应对方案，希望想创业或者正在创业ing的朋友们有借鉴意义。如果有想和我一起录制视频的创业者，希望自己的项目让更多投资人、创业者、合作伙伴或者未来团队成员看到，欢,https://i0.hdslb.com/bfs/archive/f8cb19204ce43fe8528dd2d144d8ba0dc070a9ca.jpg
824,在你看到这期视频之前，它，没有观众,BV1Nw4m1k7Mk,1106345646,南翔,596842980,手工,6:6,2024-08-14 16:50,15767248,917337,442020,17326,7673,"一起做手工吧16.0 手工暑期大作战,非遗,打铁花,我的整活手工大赏,非遗传承,炭花舞,七江炭花舞,火壶",-,https://i0.hdslb.com/bfs/archive/c3cc26fc610220badb0b446469ca0ecf63577451.jpg
825,非遗植物拓染｜锤出三千年前的中国色,BV1wh72z8EXt,114611957272674,陈二十,22309487,日常,3:45,2025-06-02 17:00,606312,9965,17638,82,104,"非遗,我的手工真的很解压,传统文化,手工,植物拓染",周末如果不想聚会跟人社交，那就试试跟大自然产生链接，动手做一副属于自己独一无二的作品吧~,https://i2.hdslb.com/bfs/archive/cdf4bc1202ff41f59c71c6274c7a043cdc2171d4.jpg
826,陈都灵四次非遗旗袍变装,BV1i1ZiB6E3G,116097378426485,可爱又迷人旳反派,3493079277373656,明星综合,4:13,2026-02-19 20:55,9081,202,328,5,17,"陈都灵,表演,美女",-,https://i2.hdslb.com/bfs/archive/b8060f153a8c411e26e498e997adf6661f015e7e.jpg
827,为什么都以为排箫是国外乐器？&quot;非遗 &quot;传统文化 &quot;乐器 &quot;,BV1NRwezhEmx,116249379996802,非遗传统手艺哥,3632303318239519,田园美食,2:30,2026-03-18 17:09,1194,60,5,2,4,"制作,文化,寻找100位非遗手艺人,B站好片有奖种草,非物质文化遗产",-,https://i0.hdslb.com/bfs/archive/d15c455bdb33bbcad358aa0ddb7cd3f5b788fdca.jpg
828,【全程高能】中国各地的非遗年俗能有多震撼？直接看呆了！,BV1XywNeNEd3,113849181145296,司空离,358807,人文历史,7:16,2025-01-18 20:12,2901923,43884,29288,621,338,"2025克穷暴富,民俗,英歌舞,传统文化,年俗,打铁花,非遗",-,https://i2.hdslb.com/bfs/archive/07a04911a2dadb3b495f1beb71f181169a64b619.jpg
829,中国文化输出赢麻了！国风舞惊艳全场，街头“非遗喷火”看懵老外,BV14fXVYxEV6,114182427116994,下饭音乐,11173348,乐评盘点,5:45,2025-03-18 16:18,196063,3377,875,253,56,"非遗文化,中国舞,文化输出",,https://i1.hdslb.com/bfs/archive/233a03d3aafc688e7c5bc9fe392337f875fc58ef.jpg
830,外网热评：中国非遗文化传承《傩戏》外国网友：精准的动作和传统文化的传承，很精彩,BV1WyckzjEd5,116215473242189,轩宝看油管,387967038,日常,1:36,2026-03-12 17:24,1067,12,5,0,0,"传统文化,中国,外网热评,中国非遗,外国网友评论,外网评论,评论翻译,外国人看中国,文化传承,非物质文化遗产",,https://i1.hdslb.com/bfs/archive/734cc883611d5be6e1ef3823234a16f1f8c2d334.jpg
831,挑战戏神非遗大片 今天拍的是“傩戏”！,BV1uLByBvELm,115791680838243,-小胡同学呀,262240557,穿搭,2:45,2025-12-27 21:18,1729285,38471,60664,1453,357,"传统文化,冷不丁化妆挑战,胡有姬,葛仙村,戏神,傩戏,非遗,江西,非物质文化遗产,挑战",-,https://i2.hdslb.com/bfs/archive/084a84aa9c8c5dc3386443cd5993a8e3f35b684d.jpg
832,【纪录片】《中国手作》第一季 木作 第一集 榫卯智慧,BV1mk4y1c7M4,745848737,长安书院_,2147327022,人文历史,121:19,2023-09-09 17:26,166211,2479,12555,99,44,"历史,工匠,科普,人文,木作,榫卯,非遗,手作,纪录片,传统文化",如果觉得还不错，麻烦给个三连！谢谢~,https://i2.hdslb.com/bfs/archive/19f159e05c860021238a410bb02e3138deae4c61.png
833,外网看我国非遗文化变装转场！热评：文化自信在此刻具象化！ #非遗文化 #转场 #舞狮 #外国人看中国,BV1mWkzBtEho,115528446251640,星禾搞笑娱乐,1680121791,日常,1:36,2025-11-11 09:25,156079,2194,573,33,39,"中国风,制作,变装转场,B站辩论季！,歪果仁,传统文化,中国,文化",外网看我国非遗文化变装转场！热评：文化自信在此刻具象化！ #非遗文化 #转场 #舞狮 #外国人看中国,https://i0.hdslb.com/bfs/archive/2817e02809a8d3e33c7ece58178345d287ed3ea0.jpg
834,江寻千：把100种非遗，拍成文艺复兴名场面,BV1nvceznEoG,116055401826217,环球人物新媒体,30042311,运动文化,8:7,2026-02-19 09:00,7354,530,246,8,8,"传统文化,文化,中国,非遗",,https://i1.hdslb.com/bfs/archive/f83a1f00a4aa6149581d5a49c0a01bcf3a027dbd.jpg
835,《针尖上的非遗》纪录片作品,BV1DTwezYEgC,116247752675641,爱学习美女罢了,491748066,影视剪辑,12:40,2026-03-18 10:15,13,0,0,0,0,"纪录片,文化,艺术,非遗",,https://i0.hdslb.com/bfs/archive/8a5752778faa90c0c173dbc419191bacfa40b9ad.jpg
836,外网热评：中国非遗！龙须面惊艳外网！一根面能拉千米，中华绝技太绝了,BV1WyckzjE38,116215473245756,轩宝看油管,387967038,日常,2:4,2026-03-12 17:24,2939,44,3,3,1,"外网热评,文化,中国,外国网友评论,外网评论,评论翻译,外国网友,外国人看中国,外网,娱乐资讯",,https://i1.hdslb.com/bfs/archive/017a6b927ce0726e3ae65bc65666be3e5caa1f74.jpg
837,非遗园,BV1Xdw9zhEyN,116245219247908,dagua009,1299667031,设计·创意,1:6,2026-03-17 23:28,11,0,0,0,0,数字人居,,https://i0.hdslb.com/bfs/archive/9306fa0a4a676fc8ec063be0739972fc1e1339c2.jpg
838,中国非遗惊艳世界，视觉盛宴引全球热议,BV1UVwszqEVM,116225405359197,油管外网趣评,508321791,日常,1:41,2026-03-14 11:31,1256,28,1,0,0,"绘画,游戏,动作游戏",-,https://i2.hdslb.com/bfs/archive/d80dab66b5956ebc796846f4ef9075ea766ceac7.jpg
839,千年龙韵-非遗六坊云龙舞-采访市级传承人,BV1WswBzqEew,116251108050595,知行潮汐队,629256315,搞笑,9:56,2026-03-19 00:30,8,4,2,0,0,"优秀传统文化,传承,北京交通大学,传统文化,文化,中国",-,https://i0.hdslb.com/bfs/archive/245c8af03fd420f353ee7c9caff2aa96e6173561.jpg
840,从1块泥巴到上亿天价！非遗汝瓷如何点土成“金”？,BV1rsjmzbEWd,114574342757495,影视飓风,946974,手工,12:5,2025-05-28 17:00,2948282,168993,39702,32794,3557,"碧蓝航线,汝瓷,4K,拍摄,匠人,制作,非遗,碧蓝航线8周年,非物质文化遗产",这些看似不起眼的泥巴和石头，经过巧妙的加工，竟然可能卖出上亿元的天价。作为瓷器的一种，为什么“它”这么值钱？这次我们和@碧蓝航线  一拍即合，前往河南汝州，想带你一起来看看这门传承了千年的中国手艺——汝瓷。如果你喜欢这期视频，请多多支持我们，并把视频分享给你的朋友们一起看看!,https://i0.hdslb.com/bfs/archive/de6649ac16c7c62fab9774d44b60a36965bf8592.jpg
841,【超燃】中国非遗超燃混剪,BV1a1keYbEF2,113695099261522,万川嘉心,1970823994,影视剪辑,5:25,2024-12-22 14:44,43569,522,935,1,71,"非遗文化分享官,非遗,传统文化,中国,人文历史档案馆2.0",-,https://i0.hdslb.com/bfs/archive/8ee2d7ef1efc6aa7d7727e5abbe06bb3a52eb859.jpg
842,开者即死，这四个字震慑了盗墓贼整整1400年,BV1W1ckz1EYk,116215389363710,江寻千,1895195099,手工,7:22,2026-03-12 17:11,1689809,71815,35517,702,773,"文化,闹蛾扑花钗,寻找100位非遗手艺人,非遗,花丝镶嵌,手工艺",,https://i2.hdslb.com/bfs/archive/2bdc919399b36b6c49fcc199af199f86ff1e8252.jpg
843,这个杯子浑身是孔，却滴水不漏,BV1jm84zcExE,114919047503711,江寻千,1895195099,影视剪辑,8:57,2025-07-26 18:28,8061674,297315,157059,4390,3837,"瓷器,传统文化,陶瓷,玲珑瓷,手工,非遗,寻找100位非遗手艺人",,https://i1.hdslb.com/bfs/archive/d3717a4ab06941d7e11769fe1a7e10133677d782.jpg
844,笑不中了！贾旭明老师号都没了，圆桌也没整清楚，又跑到非遗相声大会说相声了哈哈哈哈哈哈，网友：“相声这个行业危险系数这么高吗”哈哈哈哈或许是贾老师危险系数高？,BV1K8NMzYEmj,116192387795647,又一次嗑到了,3546939108886611,娱乐粉丝创作,22:12,2026-03-08 15:37,163503,3921,1214,998,330,"相声,爆笑,搞笑,贾局,段子,贾旭明,讽刺,小品,最新",-,https://i0.hdslb.com/bfs/archive/23c1efe6437884d6ea193d2b052293322e74de66.jpg
845,"贾旭明郑健相声《贾诗人》高清字幕版,贾旭明非遗相声春晚作品，搞笑不断！",BV1yBPoztEG3,116201934098540,相声茶馆,25375697,搞笑,22:12,2026-03-10 11:05,12543,150,72,19,16,"非遗相声,贾旭明相声,郑健,搞笑相声,非遗,相声小品,贾旭明,相声,春晚,搞笑","贾旭明郑健相声《贾诗人》高清字幕版,贾旭明非遗相声春晚作品，搞笑不断！",https://i1.hdslb.com/bfs/archive/32b9839ce3dd1a1fac4cbb5be6083dddea99bffa.jpg
846,【央视】综合频道CCTV-1《非遗里的中国》（第一季）,BV1AN411M7VY,493763285,八神逸枫,10289419,综艺,1086:50,2023-11-25 18:26,333808,3674,14407,1972,114,"非遗,人文,文化","https://tv.cctv.com/2022/12/30/VIDAIxSnFuJtsqzH4HZK9Yc4221230.shtml
《非遗里的中国》通过非遗创新秀演、沉浸体验、还原绝技等全新的方式来打开非遗，多维度呈现非遗的创新成果、历史底蕴、中国智慧、东方美学。节目展现非遗在新时代迸发出的焕新力量，呈现非遗时光流变中的一脉相承与继往开来。",https://i0.hdslb.com/bfs/archive/8268536bcc5c0b6c21c2dc540a25c7aad0559223.png
847,东巴纸,BV1ozw4ztEqm,116228106551729,归乡人山白,3494349557992101,手工,8:10,2026-03-14 23:02,677347,98030,9908,1849,1113,"寻找100位非遗手艺人,东巴纸,纳西族,手工纸,手工艺,手工,原创",纸寿千年，纳西族手工造纸。,https://i1.hdslb.com/bfs/archive/62ed064b30e48ab8740683535ec2a4640da5791a.jpg
848,中国的42项世界非遗项目 你都知道吗？,BV1NK411G7rv,500654333,中新视频,104092224,社会,4:38,2020-12-19 15:11,28939,680,801,21,38,"世界非遗项目,中国",12月17日晚，中国单独申报的“太极拳”、与马来西亚联合申报的“送王船——有关人与海洋可持续联系的仪式及相关实践”两个项目，经联合国教科文组织保护非物质文化遗产政府间委员会评审通过，列入联合国教科文组织人类非物质文化遗产代表作名录。那么，你知道中国的世界非物质文化遗产项目有多少个？有哪些？快跟我一起增长知识吧！,https://i2.hdslb.com/bfs/archive/f2e9d4d1134718bada898f5f9cce68245e4c7592.jpg
849,【大学生纪录短片/非遗/剪纸/原创】纸下的时间旅行者【高清1080P】万物理论拯救传统文化,BV1xs411y7CG,5301655,暗海见雪生,25005818,小剧场,15:39,2016-07-12 14:20,390083,7508,12177,347,198,"传统文化,传承,纪录片,冯骥才,万物理论",以乡村七十多岁民间剪纸艺人几十年扎根于民间文化为起点，伴随着生活在城市却致力于剪纸的保护与创新的艺术家郭梅花的故事进行交叉叙事，串起剪纸的历史与发展，民俗与文化。,https://i1.hdslb.com/bfs/archive/36284d6e91d13a830b61de8ac73cc367a4f1f2d7.jpg
850,谁还不是个rapper！一首歌串起中国43项世界级非遗,BV1FV4y1y78y,870118526,央视新闻,456664753,人文历史,3:13,2023-06-22 09:56,353155,46508,9405,272,783,"非遗,说唱",目前，中国43个项目列入联合国教科文组织，非物质文化遗产名录、名册数量居世界第一。端午节到来之际，央视新闻推出原创音乐MV《非常·非遗》，用一首歌曲串联起这43项世界级非遗项目，以音乐和视觉符号呈现中国式浪漫，彰显古老东方的历史文明之美。,https://i0.hdslb.com/bfs/archive/4b2558b64cc8011d043597b24c184eb78ec51587.jpg
851,非遗群像MVP结算画面,BV1JwWyzPE74,115387786207195,Locus建鹏,448415359,运动综合,0:33,2025-10-17 13:15,3426804,947395,222099,100260,8884,"逆水寒手游,逆水寒非遗计划,逆水寒次元破壁",-,https://i2.hdslb.com/bfs/archive/b1acff3579f22a0752d4961c7d319667c1866b16.jpg
852,网红想火想疯了？魔改中国非遗“黄梅戏”，惨遭央视发文“怒”批,BV1oq4y1N7ug,547995107,下饭音乐,11173348,乐评盘点,4:29,2021-09-14 17:10,3642675,192762,15640,47189,12344,"音乐分享官,乐评盘点,周杰伦,小姐姐,漫步人生路,青花瓷,网红翻唱,粤语歌,黄梅戏",要说现在刷手机，新歌没几首，老歌倒是不断被 魔改翻唱~甚至为了流量，网红们跟风拍摄 根本不管歌曲内容~今天饭饭 就带来的几首 被网红玩“变味”的歌，坚持听完的 可都是我的死忠粉呐,https://i2.hdslb.com/bfs/archive/65a0a945e8e351ea4548859398048a400a3bc155.jpg
853,鬼步、僵尸摔、滚灯……科普19种技惊四座的非遗绝技,BV1kXpWzyE6u,115217564570288,全球顶尖投影,3546744608524364,出行,2:45,2025-09-17 11:45,423695,37473,8866,256,555,"绝技,人文历史档案馆,传统文化,变脸,杂技,戏曲,鬼步,非遗,科普,京剧",,https://i1.hdslb.com/bfs/archive/c60f3ec3e64997d87ead2e58699a3eb49cb40e99.jpg
854,以朱为信，以泥承魂，印泥，中华文房瑰宝,BV1VanmzbEbt,115293598781324,I彭传明,589188442,手工,22:26,2025-09-30 22:15,335682,28987,2825,1570,500,"中国,原创,文化",-,https://i2.hdslb.com/bfs/archive/9f1331aecca0077f75a416b03dd6219d90c378e5.jpg
855,这不是迷信，这是中国傩戏。,BV1Xf421v74t,1206450288,唱饭的王小潮,1107899745,人文历史,2:45,2024-08-10 09:58,4003239,421831,190004,3655,4475,"非遗文化,文化,正能量,寻找非遗文化,行走的人文,中国",-,https://i1.hdslb.com/bfs/archive/49daebd4631fa0c00276d9350417f86fbd6af584.jpg
856,【《浮光》遇到中国非遗】中国的43个世界级非遗，你知道几个？,BV1L1421275U,1555202564,非遗正年轻,156651846,人文历史,4:21,2024-05-27 21:37,70621,1491,2589,17,61,"浮光,周深,世界级非遗,中国,传统文化,历史,非遗,文化",-,https://i0.hdslb.com/bfs/archive/a11d2fe91f98de969d84d93481c666bc65adbd4f.jpg
857,99%的人没见过这个非遗，可它正在消失,BV14A57zLEd1,114358101284195,摇铃啊摇铃儿,1330962869,人文历史,6:55,2025-04-18 17:10,2833317,123676,118188,4454,1189,"烟花,药发木偶,非遗,温州,寻找100位非遗手艺人,传统文化,寻找100位非遗手艺人 3.0,木偶戏",这是99%的人没听说过的非遗，温州泰顺的药发木偶。是火树银花的真实写照历时四个月，在失望与希望中反复挣扎，这次终于把周尔禄爷爷坚持了一生的热爱，带到了你的面前。因为这项非遗原料的特殊，一直在法律的文化传承的矛盾中挣扎，几度垂危，这期视频，中间有过很多次想放弃的时候，或许是因为我成为了他的第一位年轻“女徒弟”，或许因为这是我家乡的非遗，又或许只是因为它的传承人是周爷爷，这个历经种种磨难，依然在苦难中开出花的，理想主义老头！他真的太好啦87天的争取实在是漫长！可又怎么漫长得过周爷爷60多年，2万多天的坚持呢。,https://i2.hdslb.com/bfs/archive/f1dde5456c9361870e919747e4b14e1c10f212cc.jpg
858,老祖宗：不管了！好歹非遗传下来了！,BV1sjwez4ENA,116249463881838,料理小咪,18237423,颜值·网红舞,0:36,2026-03-18 17:29,13196,2076,652,122,67,"川剧摇,四时少女,火苗dj,葛仙村,古风","我们来葛仙村玩啦！好好玩！下次还来～
从左到右出境：
玉玲珑：小水泡汤
汉服：西海岸红杉
胡桃：料理小咪
大乔：十元酱少女",https://i2.hdslb.com/bfs/archive/59308324aa32767546f15be431472416fb28151a.jpg
859,每周质量报告 | 央视曝光假非遗乱象,BV1Upf9BVEut,116009952416434,央视网,222103174,日常,18:18,2026-02-04 10:20,30411,1851,309,51,81,非遗,,https://i2.hdslb.com/bfs/archive/34738e7584707de16910fa86679013ae30a45b8a.jpg
860,手写代码的程序员成非遗了❓「古法编程」突然火了❗️,BV1UzwDz1E6w,116243071835663,智冷Shaw,480800563,计算机技术,0:51,2026-03-17 14:22,12243,121,75,86,64,"万万没想到,AI,人工智能,编程,程序员,学习,高能,科普,分享我的专业知识,代码",“古法编程”这个词一出来，我先笑了。以前程序员不用AI写代码叫基本操作，现在居然成了“古法手艺”。照这趋势下去，未来程序员怕不是要进博物馆现场表演纯手搓代码了。你觉得，不靠AI写代码的人，以后会不会真成“非遗传承人”？关注智冷Shaw，AI时代走前头！,https://i1.hdslb.com/bfs/archive/dedb798ce2c9122234b899598e2262af3e525da5.jpg
861,在你看到这期视频之前，它，没有观众,BV1Nw4m1k7Mk,1106345646,南翔,596842980,手工,6:6,2024-08-14 16:50,15767248,917337,442020,17326,7673,"一起做手工吧16.0 手工暑期大作战,非遗,打铁花,我的整活手工大赏,非遗传承,炭花舞,七江炭花舞,火壶",-,https://i0.hdslb.com/bfs/archive/c3cc26fc610220badb0b446469ca0ecf63577451.jpg
862,【非遗美学创业】每周工作一小时，每年躺平收入超七位数,BV1Hm421g7hX,1606157528,村姑欣陶,384402877,财经商业,42:49,2024-07-05 19:40,18723,905,830,59,34,"青年用「财」图鉴,共同富裕,投资,找工作,乡村振兴,非遗美学,创业,李子柒,融资,创业合伙人",作为斜杠财经博主，想做些差异化的内容，可以和大家共同富裕，比如好的合伙创业、商务合作和工作的机会。而且不是在项目极早期，充满高度不确定性的时候介绍给大家，希望是有数据支持的商业模式小DEMO已经跑通的时候，在项目充满生命力蓬勃发展的时候，介绍给大家。作为前投资人，未来也将继续做投资的创业财经博主，将以投资人的角度和创始人对话，探讨创业过程中的挑战和应对方案，希望想创业或者正在创业ing的朋友们有借鉴意义。如果有想和我一起录制视频的创业者，希望自己的项目让更多投资人、创业者、合作伙伴或者未来团队成员看到，欢,https://i0.hdslb.com/bfs/archive/f8cb19204ce43fe8528dd2d144d8ba0dc070a9ca.jpg
863,非遗植物拓染｜锤出三千年前的中国色,BV1wh72z8EXt,114611957272674,陈二十,22309487,日常,3:45,2025-06-02 17:00,606312,9965,17638,82,104,"非遗,我的手工真的很解压,传统文化,手工,植物拓染",周末如果不想聚会跟人社交，那就试试跟大自然产生链接，动手做一副属于自己独一无二的作品吧~,https://i2.hdslb.com/bfs/archive/cdf4bc1202ff41f59c71c6274c7a043cdc2171d4.jpg
864,【全程高能】中国各地的非遗年俗能有多震撼？直接看呆了！,BV1XywNeNEd3,113849181145296,司空离,358807,人文历史,7:16,2025-01-18 20:12,2901923,43884,29288,621,338,"2025克穷暴富,民俗,英歌舞,传统文化,年俗,打铁花,非遗",-,https://i2.hdslb.com/bfs/archive/07a04911a2dadb3b495f1beb71f181169a64b619.jpg
865,为什么都以为排箫是国外乐器？&quot;非遗 &quot;传统文化 &quot;乐器 &quot;,BV1NRwezhEmx,116249379996802,非遗传统手艺哥,3632303318239519,田园美食,2:30,2026-03-18 17:09,1194,60,5,2,4,"制作,文化,寻找100位非遗手艺人,B站好片有奖种草,非物质文化遗产",-,https://i0.hdslb.com/bfs/archive/d15c455bdb33bbcad358aa0ddb7cd3f5b788fdca.jpg
866,陈都灵四次非遗旗袍变装,BV1i1ZiB6E3G,116097378426485,可爱又迷人旳反派,3493079277373656,明星综合,4:13,2026-02-19 20:55,9081,202,328,5,17,"陈都灵,表演,美女",-,https://i2.hdslb.com/bfs/archive/b8060f153a8c411e26e498e997adf6661f015e7e.jpg
867,外网热评：中国非遗文化传承《傩戏》外国网友：精准的动作和传统文化的传承，很精彩,BV1WyckzjEd5,116215473242189,轩宝看油管,387967038,日常,1:36,2026-03-12 17:24,1067,12,5,0,0,"传统文化,中国,外网热评,中国非遗,外国网友评论,外网评论,评论翻译,外国人看中国,文化传承,非物质文化遗产",,https://i1.hdslb.com/bfs/archive/734cc883611d5be6e1ef3823234a16f1f8c2d334.jpg
868,中国文化输出赢麻了！国风舞惊艳全场，街头“非遗喷火”看懵老外,BV14fXVYxEV6,114182427116994,下饭音乐,11173348,乐评盘点,5:45,2025-03-18 16:18,196063,3377,875,253,56,"非遗文化,中国舞,文化输出",,https://i1.hdslb.com/bfs/archive/233a03d3aafc688e7c5bc9fe392337f875fc58ef.jpg
869,外网看我国非遗文化变装转场！热评：文化自信在此刻具象化！ #非遗文化 #转场 #舞狮 #外国人看中国,BV1mWkzBtEho,115528446251640,星禾搞笑娱乐,1680121791,日常,1:36,2025-11-11 09:25,156079,2194,573,33,39,"中国风,制作,变装转场,B站辩论季！,歪果仁,传统文化,中国,文化",外网看我国非遗文化变装转场！热评：文化自信在此刻具象化！ #非遗文化 #转场 #舞狮 #外国人看中国,https://i0.hdslb.com/bfs/archive/2817e02809a8d3e33c7ece58178345d287ed3ea0.jpg
870,挑战戏神非遗大片 今天拍的是“傩戏”！,BV1uLByBvELm,115791680838243,-小胡同学呀,262240557,穿搭,2:45,2025-12-27 21:18,1729285,38471,60664,1453,357,"传统文化,冷不丁化妆挑战,胡有姬,葛仙村,戏神,傩戏,非遗,江西,非物质文化遗产,挑战",-,https://i2.hdslb.com/bfs/archive/084a84aa9c8c5dc3386443cd5993a8e3f35b684d.jpg
871,《针尖上的非遗》纪录片作品,BV1DTwezYEgC,116247752675641,爱学习美女罢了,491748066,影视剪辑,12:40,2026-03-18 10:15,13,0,0,0,0,"纪录片,文化,艺术,非遗",,https://i0.hdslb.com/bfs/archive/8a5752778faa90c0c173dbc419191bacfa40b9ad.jpg
872,江寻千：把100种非遗，拍成文艺复兴名场面,BV1nvceznEoG,116055401826217,环球人物新媒体,30042311,运动文化,8:7,2026-02-19 09:00,7354,530,246,8,8,"传统文化,文化,中国,非遗",,https://i1.hdslb.com/bfs/archive/f83a1f00a4aa6149581d5a49c0a01bcf3a027dbd.jpg
873,【纪录片】《中国手作》第一季 木作 第一集 榫卯智慧,BV1mk4y1c7M4,745848737,长安书院_,2147327022,人文历史,121:19,2023-09-09 17:26,166211,2479,12555,99,44,"历史,工匠,科普,人文,木作,榫卯,非遗,手作,纪录片,传统文化",如果觉得还不错，麻烦给个三连！谢谢~,https://i2.hdslb.com/bfs/archive/19f159e05c860021238a410bb02e3138deae4c61.png
874,你敢信画面、音乐、配音全Ai制作？AIGC赋能文旅非遗新范例,BV1it421u7UK,1754365323,野生Peng友,227377272,AI影像,2:50,2024-05-11 14:14,21363,361,597,3,35,"AI,蜀锦,人工智能,AIGC,AI影像征集大赛,文旅,非遗","历时3个星期，用AI搞了2234张图片+210首音乐+588条视频+49条配音素材
终于抽卡抽出来了，我哭死！！
我已入魔，半夜走在路上看着开过的汽车都像是AI扩散。
收集200多幅古今经典蜀锦纹样为样本，
训练Lora，搭建了comfy ui的新工作流
SD、Runway、Pika........能用的都用了
每天开机都在给显卡上香
求求Sora、Vidu快点吧，真·不想抽卡了!!!",https://i1.hdslb.com/bfs/archive/2254da15574725ebe7a7c4c3767c77464b30795d.jpg
875,湘西赶尸，改了这么久终于可以发出来了,BV1uemfYrE2h,113487044941023,江寻千,1895195099,人文历史,21:11,2024-11-15 21:07,7827395,424253,209687,17336,8434,"寻找非遗手艺人,未解之谜,赶尸,奇闻,湘西,传统文化,寻找100位非遗手艺人",,https://i1.hdslb.com/bfs/archive/b552ff7f0ddac41eab6a006b935ddc86504c0e8e.jpg
876,毛晓彤丨福州非遗嘉年华伞舞 拍的最好的版本,BV1NnPtz7EAo,116183730752186,毛曉彤,257442725,国风舞蹈,1:4,2026-03-07 09:00,144047,14678,3257,85,336,"毛晓彤,新春舞蹈集结计划,非遗嘉年华,古典舞,国风舞蹈,仙女,演员,中国风,古风,现场",,https://i0.hdslb.com/bfs/archive/fc4823fb65786cf1aa38b96f3f9a5b8b111df2cd.jpg
877,用一块木头做个龙猫，给粉丝抽了 #手工diy #非物质文化遗产,BV1QCNFzDEZv,116203930519737,小虾米粒粒,3546890555623747,日常,1:30,2026-03-19 06:32,28,3,0,0,0,"寻找100位非遗手艺人,B站好片有奖种草,原神,文化遗产,非物质文化遗产,电子竞技,DIY,爱情",-,https://i1.hdslb.com/bfs/archive/810eef37255a2b52a5a9eb151888171735f29fa1.jpg
878,从1块泥巴到上亿天价！非遗汝瓷如何点土成“金”？,BV1rsjmzbEWd,114574342757495,影视飓风,946974,手工,12:5,2025-05-28 17:00,2948282,168993,39702,32794,3557,"碧蓝航线,汝瓷,4K,拍摄,匠人,制作,非遗,碧蓝航线8周年,非物质文化遗产",这些看似不起眼的泥巴和石头，经过巧妙的加工，竟然可能卖出上亿元的天价。作为瓷器的一种，为什么“它”这么值钱？这次我们和@碧蓝航线  一拍即合，前往河南汝州，想带你一起来看看这门传承了千年的中国手艺——汝瓷。如果你喜欢这期视频，请多多支持我们，并把视频分享给你的朋友们一起看看!,https://i0.hdslb.com/bfs/archive/de6649ac16c7c62fab9774d44b60a36965bf8592.jpg
879,【超燃】中国非遗超燃混剪,BV1a1keYbEF2,113695099261522,万川嘉心,1970823994,影视剪辑,5:25,2024-12-22 14:44,43569,522,935,1,71,"非遗文化分享官,非遗,传统文化,中国,人文历史档案馆2.0",-,https://i0.hdslb.com/bfs/archive/8ee2d7ef1efc6aa7d7727e5abbe06bb3a52eb859.jpg
880,这个杯子浑身是孔，却滴水不漏,BV1jm84zcExE,114919047503711,江寻千,1895195099,影视剪辑,8:57,2025-07-26 18:28,8061674,297315,157059,4390,3837,"瓷器,传统文化,陶瓷,玲珑瓷,手工,非遗,寻找100位非遗手艺人",,https://i1.hdslb.com/bfs/archive/d3717a4ab06941d7e11769fe1a7e10133677d782.jpg
881,老祖宗：不管了！好歹非遗传下来了！,BV1sjwez4ENA,116249463881838,料理小咪,18237423,颜值·网红舞,0:36,2026-03-18 17:29,13196,2076,652,122,67,"川剧摇,四时少女,火苗dj,葛仙村,古风","我们来葛仙村玩啦！好好玩！下次还来～
从左到右出境：
玉玲珑：小水泡汤
汉服：西海岸红杉
胡桃：料理小咪
大乔：十元酱少女",https://i2.hdslb.com/bfs/archive/59308324aa32767546f15be431472416fb28151a.jpg
882,笑不中了！贾旭明老师号都没了，圆桌也没整清楚，又跑到非遗相声大会说相声了哈哈哈哈哈哈，网友：“相声这个行业危险系数这么高吗”哈哈哈哈或许是贾老师危险系数高？,BV1K8NMzYEmj,116192387795647,又一次嗑到了,3546939108886611,娱乐粉丝创作,22:12,2026-03-08 15:37,163503,3921,1214,998,330,"相声,爆笑,搞笑,贾局,段子,贾旭明,讽刺,小品,最新",-,https://i0.hdslb.com/bfs/archive/23c1efe6437884d6ea193d2b052293322e74de66.jpg
883,"贾旭明郑健相声《贾诗人》高清字幕版,贾旭明非遗相声春晚作品，搞笑不断！",BV1yBPoztEG3,116201934098540,相声茶馆,25375697,搞笑,22:12,2026-03-10 11:05,12543,150,72,19,16,"非遗相声,贾旭明相声,郑健,搞笑相声,非遗,相声小品,贾旭明,相声,春晚,搞笑","贾旭明郑健相声《贾诗人》高清字幕版,贾旭明非遗相声春晚作品，搞笑不断！",https://i1.hdslb.com/bfs/archive/32b9839ce3dd1a1fac4cbb5be6083dddea99bffa.jpg
884,【央视】综合频道CCTV-1《非遗里的中国》（第一季）,BV1AN411M7VY,493763285,八神逸枫,10289419,综艺,1086:50,2023-11-25 18:26,333808,3674,14407,1972,114,"非遗,人文,文化","https://tv.cctv.com/2022/12/30/VIDAIxSnFuJtsqzH4HZK9Yc4221230.shtml
《非遗里的中国》通过非遗创新秀演、沉浸体验、还原绝技等全新的方式来打开非遗，多维度呈现非遗的创新成果、历史底蕴、中国智慧、东方美学。节目展现非遗在新时代迸发出的焕新力量，呈现非遗时光流变中的一脉相承与继往开来。",https://i0.hdslb.com/bfs/archive/8268536bcc5c0b6c21c2dc540a25c7aad0559223.png
885,东巴纸,BV1ozw4ztEqm,116228106551729,归乡人山白,3494349557992101,手工,8:10,2026-03-14 23:02,677347,98030,9908,1849,1113,"寻找100位非遗手艺人,东巴纸,纳西族,手工纸,手工艺,手工,原创",纸寿千年，纳西族手工造纸。,https://i1.hdslb.com/bfs/archive/62ed064b30e48ab8740683535ec2a4640da5791a.jpg
886,中国的42项世界非遗项目 你都知道吗？,BV1NK411G7rv,500654333,中新视频,104092224,社会,4:38,2020-12-19 15:11,28939,680,801,21,38,"世界非遗项目,中国",12月17日晚，中国单独申报的“太极拳”、与马来西亚联合申报的“送王船——有关人与海洋可持续联系的仪式及相关实践”两个项目，经联合国教科文组织保护非物质文化遗产政府间委员会评审通过，列入联合国教科文组织人类非物质文化遗产代表作名录。那么，你知道中国的世界非物质文化遗产项目有多少个？有哪些？快跟我一起增长知识吧！,https://i2.hdslb.com/bfs/archive/f2e9d4d1134718bada898f5f9cce68245e4c7592.jpg
887,【大学生纪录短片/非遗/剪纸/原创】纸下的时间旅行者【高清1080P】万物理论拯救传统文化,BV1xs411y7CG,5301655,暗海见雪生,25005818,小剧场,15:39,2016-07-12 14:20,390083,7508,12177,347,198,"传统文化,传承,纪录片,冯骥才,万物理论",以乡村七十多岁民间剪纸艺人几十年扎根于民间文化为起点，伴随着生活在城市却致力于剪纸的保护与创新的艺术家郭梅花的故事进行交叉叙事，串起剪纸的历史与发展，民俗与文化。,https://i1.hdslb.com/bfs/archive/36284d6e91d13a830b61de8ac73cc367a4f1f2d7.jpg
888,谁还不是个rapper！一首歌串起中国43项世界级非遗,BV1FV4y1y78y,870118526,央视新闻,456664753,人文历史,3:13,2023-06-22 09:56,353155,46508,9405,272,783,"非遗,说唱",目前，中国43个项目列入联合国教科文组织，非物质文化遗产名录、名册数量居世界第一。端午节到来之际，央视新闻推出原创音乐MV《非常·非遗》，用一首歌曲串联起这43项世界级非遗项目，以音乐和视觉符号呈现中国式浪漫，彰显古老东方的历史文明之美。,https://i0.hdslb.com/bfs/archive/4b2558b64cc8011d043597b24c184eb78ec51587.jpg
889,非遗群像MVP结算画面,BV1JwWyzPE74,115387786207195,Locus建鹏,448415359,运动综合,0:33,2025-10-17 13:15,3426804,947395,222099,100260,8884,"逆水寒手游,逆水寒非遗计划,逆水寒次元破壁",-,https://i2.hdslb.com/bfs/archive/b1acff3579f22a0752d4961c7d319667c1866b16.jpg
890,网红想火想疯了？魔改中国非遗“黄梅戏”，惨遭央视发文“怒”批,BV1oq4y1N7ug,547995107,下饭音乐,11173348,乐评盘点,4:29,2021-09-14 17:10,3642675,192762,15640,47189,12344,"音乐分享官,乐评盘点,周杰伦,小姐姐,漫步人生路,青花瓷,网红翻唱,粤语歌,黄梅戏",要说现在刷手机，新歌没几首，老歌倒是不断被 魔改翻唱~甚至为了流量，网红们跟风拍摄 根本不管歌曲内容~今天饭饭 就带来的几首 被网红玩“变味”的歌，坚持听完的 可都是我的死忠粉呐,https://i2.hdslb.com/bfs/archive/65a0a945e8e351ea4548859398048a400a3bc155.jpg
891,鬼步、僵尸摔、滚灯……科普19种技惊四座的非遗绝技,BV1kXpWzyE6u,115217564570288,全球顶尖投影,3546744608524364,出行,2:45,2025-09-17 11:45,423695,37473,8866,256,555,"绝技,人文历史档案馆,传统文化,变脸,杂技,戏曲,鬼步,非遗,科普,京剧",,https://i1.hdslb.com/bfs/archive/c60f3ec3e64997d87ead2e58699a3eb49cb40e99.jpg
892,以朱为信，以泥承魂，印泥，中华文房瑰宝,BV1VanmzbEbt,115293598781324,I彭传明,589188442,手工,22:26,2025-09-30 22:15,335682,28987,2825,1570,500,"中国,原创,文化",-,https://i2.hdslb.com/bfs/archive/9f1331aecca0077f75a416b03dd6219d90c378e5.jpg
893,这不是迷信，这是中国傩戏。,BV1Xf421v74t,1206450288,唱饭的王小潮,1107899745,人文历史,2:45,2024-08-10 09:58,4003239,421831,190004,3655,4475,"非遗文化,文化,正能量,寻找非遗文化,行走的人文,中国",-,https://i1.hdslb.com/bfs/archive/49daebd4631fa0c00276d9350417f86fbd6af584.jpg
894,【《浮光》遇到中国非遗】中国的43个世界级非遗，你知道几个？,BV1L1421275U,1555202564,非遗正年轻,156651846,人文历史,4:21,2024-05-27 21:37,70621,1491,2589,17,61,"浮光,周深,世界级非遗,中国,传统文化,历史,非遗,文化",-,https://i0.hdslb.com/bfs/archive/a11d2fe91f98de969d84d93481c666bc65adbd4f.jpg
895,99%的人没见过这个非遗，可它正在消失,BV14A57zLEd1,114358101284195,摇铃啊摇铃儿,1330962869,人文历史,6:55,2025-04-18 17:10,2833317,123676,118188,4454,1189,"烟花,药发木偶,非遗,温州,寻找100位非遗手艺人,传统文化,寻找100位非遗手艺人 3.0,木偶戏",这是99%的人没听说过的非遗，温州泰顺的药发木偶。是火树银花的真实写照历时四个月，在失望与希望中反复挣扎，这次终于把周尔禄爷爷坚持了一生的热爱，带到了你的面前。因为这项非遗原料的特殊，一直在法律的文化传承的矛盾中挣扎，几度垂危，这期视频，中间有过很多次想放弃的时候，或许是因为我成为了他的第一位年轻“女徒弟”，或许因为这是我家乡的非遗，又或许只是因为它的传承人是周爷爷，这个历经种种磨难，依然在苦难中开出花的，理想主义老头！他真的太好啦87天的争取实在是漫长！可又怎么漫长得过周爷爷60多年，2万多天的坚持呢。,https://i2.hdslb.com/bfs/archive/f1dde5456c9361870e919747e4b14e1c10f212cc.jpg
896,每周质量报告 | 央视曝光假非遗乱象,BV1Upf9BVEut,116009952416434,央视网,222103174,日常,18:18,2026-02-04 10:20,30411,1851,309,51,81,非遗,,https://i2.hdslb.com/bfs/archive/34738e7584707de16910fa86679013ae30a45b8a.jpg
897,手写代码的程序员成非遗了❓「古法编程」突然火了❗️,BV1UzwDz1E6w,116243071835663,智冷Shaw,480800563,计算机技术,0:51,2026-03-17 14:22,12243,121,75,86,64,"万万没想到,AI,人工智能,编程,程序员,学习,高能,科普,分享我的专业知识,代码",“古法编程”这个词一出来，我先笑了。以前程序员不用AI写代码叫基本操作，现在居然成了“古法手艺”。照这趋势下去，未来程序员怕不是要进博物馆现场表演纯手搓代码了。你觉得，不靠AI写代码的人，以后会不会真成“非遗传承人”？关注智冷Shaw，AI时代走前头！,https://i1.hdslb.com/bfs/archive/dedb798ce2c9122234b899598e2262af3e525da5.jpg
898,开者即死，这四个字震慑了盗墓贼整整1400年,BV1W1ckz1EYk,116215389363710,江寻千,1895195099,手工,7:22,2026-03-12 17:11,1689809,71815,35517,702,773,"文化,闹蛾扑花钗,寻找100位非遗手艺人,非遗,花丝镶嵌,手工艺",,https://i2.hdslb.com/bfs/archive/2bdc919399b36b6c49fcc199af199f86ff1e8252.jpg
899,在你看到这期视频之前，它，没有观众,BV1Nw4m1k7Mk,1106345646,南翔,596842980,手工,6:6,2024-08-14 16:50,15767248,917337,442020,17326,7673,"一起做手工吧16.0 手工暑期大作战,非遗,打铁花,我的整活手工大赏,非遗传承,炭花舞,七江炭花舞,火壶",-,https://i0.hdslb.com/bfs/archive/c3cc26fc610220badb0b446469ca0ecf63577451.jpg
900,【非遗美学创业】每周工作一小时，每年躺平收入超七位数,BV1Hm421g7hX,1606157528,村姑欣陶,384402877,财经商业,42:49,2024-07-05 19:40,18723,905,830,59,34,"青年用「财」图鉴,共同富裕,投资,找工作,乡村振兴,非遗美学,创业,李子柒,融资,创业合伙人",作为斜杠财经博主，想做些差异化的内容，可以和大家共同富裕，比如好的合伙创业、商务合作和工作的机会。而且不是在项目极早期，充满高度不确定性的时候介绍给大家，希望是有数据支持的商业模式小DEMO已经跑通的时候，在项目充满生命力蓬勃发展的时候，介绍给大家。作为前投资人，未来也将继续做投资的创业财经博主，将以投资人的角度和创始人对话，探讨创业过程中的挑战和应对方案，希望想创业或者正在创业ing的朋友们有借鉴意义。如果有想和我一起录制视频的创业者，希望自己的项目让更多投资人、创业者、合作伙伴或者未来团队成员看到，欢,https://i0.hdslb.com/bfs/archive/f8cb19204ce43fe8528dd2d144d8ba0dc070a9ca.jpg
901,非遗植物拓染｜锤出三千年前的中国色,BV1wh72z8EXt,114611957272674,陈二十,22309487,日常,3:45,2025-06-02 17:00,606312,9965,17638,82,104,"非遗,我的手工真的很解压,传统文化,手工,植物拓染",周末如果不想聚会跟人社交，那就试试跟大自然产生链接，动手做一副属于自己独一无二的作品吧~,https://i2.hdslb.com/bfs/archive/cdf4bc1202ff41f59c71c6274c7a043cdc2171d4.jpg
902,【全程高能】中国各地的非遗年俗能有多震撼？直接看呆了！,BV1XywNeNEd3,113849181145296,司空离,358807,人文历史,7:16,2025-01-18 20:12,2901923,43884,29288,621,338,"2025克穷暴富,民俗,英歌舞,传统文化,年俗,打铁花,非遗",-,https://i2.hdslb.com/bfs/archive/07a04911a2dadb3b495f1beb71f181169a64b619.jpg
903,为什么都以为排箫是国外乐器？&quot;非遗 &quot;传统文化 &quot;乐器 &quot;,BV1NRwezhEmx,116249379996802,非遗传统手艺哥,3632303318239519,田园美食,2:30,2026-03-18 17:09,1194,60,5,2,4,"制作,文化,寻找100位非遗手艺人,B站好片有奖种草,非物质文化遗产",-,https://i0.hdslb.com/bfs/archive/d15c455bdb33bbcad358aa0ddb7cd3f5b788fdca.jpg
904,陈都灵四次非遗旗袍变装,BV1i1ZiB6E3G,116097378426485,可爱又迷人旳反派,3493079277373656,明星综合,4:13,2026-02-19 20:55,9081,202,328,5,17,"陈都灵,表演,美女",-,https://i2.hdslb.com/bfs/archive/b8060f153a8c411e26e498e997adf6661f015e7e.jpg
905,外网热评：中国非遗文化传承《傩戏》外国网友：精准的动作和传统文化的传承，很精彩,BV1WyckzjEd5,116215473242189,轩宝看油管,387967038,日常,1:36,2026-03-12 17:24,1067,12,5,0,0,"传统文化,中国,外网热评,中国非遗,外国网友评论,外网评论,评论翻译,外国人看中国,文化传承,非物质文化遗产",,https://i1.hdslb.com/bfs/archive/734cc883611d5be6e1ef3823234a16f1f8c2d334.jpg
906,中国文化输出赢麻了！国风舞惊艳全场，街头“非遗喷火”看懵老外,BV14fXVYxEV6,114182427116994,下饭音乐,11173348,乐评盘点,5:45,2025-03-18 16:18,196063,3377,875,253,56,"非遗文化,中国舞,文化输出",,https://i1.hdslb.com/bfs/archive/233a03d3aafc688e7c5bc9fe392337f875fc58ef.jpg
907,外网看我国非遗文化变装转场！热评：文化自信在此刻具象化！ #非遗文化 #转场 #舞狮 #外国人看中国,BV1mWkzBtEho,115528446251640,星禾搞笑娱乐,1680121791,日常,1:36,2025-11-11 09:25,156079,2194,573,33,39,"中国风,制作,变装转场,B站辩论季！,歪果仁,传统文化,中国,文化",外网看我国非遗文化变装转场！热评：文化自信在此刻具象化！ #非遗文化 #转场 #舞狮 #外国人看中国,https://i0.hdslb.com/bfs/archive/2817e02809a8d3e33c7ece58178345d287ed3ea0.jpg
908,挑战戏神非遗大片 今天拍的是“傩戏”！,BV1uLByBvELm,115791680838243,-小胡同学呀,262240557,穿搭,2:45,2025-12-27 21:18,1729285,38471,60664,1453,357,"传统文化,冷不丁化妆挑战,胡有姬,葛仙村,戏神,傩戏,非遗,江西,非物质文化遗产,挑战",-,https://i2.hdslb.com/bfs/archive/084a84aa9c8c5dc3386443cd5993a8e3f35b684d.jpg
909,江寻千：把100种非遗，拍成文艺复兴名场面,BV1nvceznEoG,116055401826217,环球人物新媒体,30042311,运动文化,8:7,2026-02-19 09:00,7354,530,246,8,8,"传统文化,文化,中国,非遗",,https://i1.hdslb.com/bfs/archive/f83a1f00a4aa6149581d5a49c0a01bcf3a027dbd.jpg
910,《针尖上的非遗》纪录片作品,BV1DTwezYEgC,116247752675641,爱学习美女罢了,491748066,影视剪辑,12:40,2026-03-18 10:15,13,0,0,0,0,"纪录片,文化,艺术,非遗",,https://i0.hdslb.com/bfs/archive/8a5752778faa90c0c173dbc419191bacfa40b9ad.jpg
911,【纪录片】《中国手作》第一季 木作 第一集 榫卯智慧,BV1mk4y1c7M4,745848737,长安书院_,2147327022,人文历史,121:19,2023-09-09 17:26,166211,2479,12555,99,44,"历史,工匠,科普,人文,木作,榫卯,非遗,手作,纪录片,传统文化",如果觉得还不错，麻烦给个三连！谢谢~,https://i2.hdslb.com/bfs/archive/19f159e05c860021238a410bb02e3138deae4c61.png
912,你敢信画面、音乐、配音全Ai制作？AIGC赋能文旅非遗新范例,BV1it421u7UK,1754365323,野生Peng友,227377272,AI影像,2:50,2024-05-11 14:14,21363,361,597,3,35,"AI,蜀锦,人工智能,AIGC,AI影像征集大赛,文旅,非遗","历时3个星期，用AI搞了2234张图片+210首音乐+588条视频+49条配音素材
终于抽卡抽出来了，我哭死！！
我已入魔，半夜走在路上看着开过的汽车都像是AI扩散。
收集200多幅古今经典蜀锦纹样为样本，
训练Lora，搭建了comfy ui的新工作流
SD、Runway、Pika........能用的都用了
每天开机都在给显卡上香
求求Sora、Vidu快点吧，真·不想抽卡了!!!",https://i1.hdslb.com/bfs/archive/2254da15574725ebe7a7c4c3767c77464b30795d.jpg
913,非遗园,BV1Xdw9zhEyN,116245219247908,dagua009,1299667031,设计·创意,1:6,2026-03-17 23:28,11,0,0,0,0,数字人居,,https://i0.hdslb.com/bfs/archive/9306fa0a4a676fc8ec063be0739972fc1e1339c2.jpg
914,湘西赶尸，改了这么久终于可以发出来了,BV1uemfYrE2h,113487044941023,江寻千,1895195099,人文历史,21:11,2024-11-15 21:07,7827395,424253,209687,17336,8434,"寻找非遗手艺人,未解之谜,赶尸,奇闻,湘西,传统文化,寻找100位非遗手艺人",,https://i1.hdslb.com/bfs/archive/b552ff7f0ddac41eab6a006b935ddc86504c0e8e.jpg
915,用一块木头做个龙猫，给粉丝抽了 #手工diy #非物质文化遗产,BV1QCNFzDEZv,116203930519737,小虾米粒粒,3546890555623747,日常,1:30,2026-03-19 06:32,28,3,0,0,0,"寻找100位非遗手艺人,B站好片有奖种草,原神,文化遗产,非物质文化遗产,电子竞技,DIY,爱情",-,https://i1.hdslb.com/bfs/archive/810eef37255a2b52a5a9eb151888171735f29fa1.jpg
916,从1块泥巴到上亿天价！非遗汝瓷如何点土成“金”？,BV1rsjmzbEWd,114574342757495,影视飓风,946974,手工,12:5,2025-05-28 17:00,2948282,168993,39702,32794,3557,"碧蓝航线,汝瓷,4K,拍摄,匠人,制作,非遗,碧蓝航线8周年,非物质文化遗产",这些看似不起眼的泥巴和石头，经过巧妙的加工，竟然可能卖出上亿元的天价。作为瓷器的一种，为什么“它”这么值钱？这次我们和@碧蓝航线  一拍即合，前往河南汝州，想带你一起来看看这门传承了千年的中国手艺——汝瓷。如果你喜欢这期视频，请多多支持我们，并把视频分享给你的朋友们一起看看!,https://i0.hdslb.com/bfs/archive/de6649ac16c7c62fab9774d44b60a36965bf8592.jpg
917,【超燃】中国非遗超燃混剪,BV1a1keYbEF2,113695099261522,万川嘉心,1970823994,影视剪辑,5:25,2024-12-22 14:44,43569,522,935,1,71,"非遗文化分享官,非遗,传统文化,中国,人文历史档案馆2.0",-,https://i0.hdslb.com/bfs/archive/8ee2d7ef1efc6aa7d7727e5abbe06bb3a52eb859.jpg
918,这个杯子浑身是孔，却滴水不漏,BV1jm84zcExE,114919047503711,江寻千,1895195099,影视剪辑,8:57,2025-07-26 18:28,8061674,297315,157059,4390,3837,"瓷器,传统文化,陶瓷,玲珑瓷,手工,非遗,寻找100位非遗手艺人",,https://i1.hdslb.com/bfs/archive/d3717a4ab06941d7e11769fe1a7e10133677d782.jpg
919,老祖宗：不管了！好歹非遗传下来了！,BV1sjwez4ENA,116249463881838,料理小咪,18237423,颜值·网红舞,0:36,2026-03-18 17:29,13199,2076,652,122,67,"川剧摇,四时少女,火苗dj,葛仙村,古风","我们来葛仙村玩啦！好好玩！下次还来～
从左到右出境：
玉玲珑：小水泡汤
汉服：西海岸红杉
胡桃：料理小咪
大乔：十元酱少女",https://i2.hdslb.com/bfs/archive/59308324aa32767546f15be431472416fb28151a.jpg
920,笑不中了！贾旭明老师号都没了，圆桌也没整清楚，又跑到非遗相声大会说相声了哈哈哈哈哈哈，网友：“相声这个行业危险系数这么高吗”哈哈哈哈或许是贾老师危险系数高？,BV1K8NMzYEmj,116192387795647,又一次嗑到了,3546939108886611,娱乐粉丝创作,22:12,2026-03-08 15:37,163503,3921,1214,998,330,"相声,爆笑,搞笑,贾局,段子,贾旭明,讽刺,小品,最新",-,https://i0.hdslb.com/bfs/archive/23c1efe6437884d6ea193d2b052293322e74de66.jpg
921,"贾旭明郑健相声《贾诗人》高清字幕版,贾旭明非遗相声春晚作品，搞笑不断！",BV1yBPoztEG3,116201934098540,相声茶馆,25375697,搞笑,22:12,2026-03-10 11:05,12543,150,72,19,16,"非遗相声,贾旭明相声,郑健,搞笑相声,非遗,相声小品,贾旭明,相声,春晚,搞笑","贾旭明郑健相声《贾诗人》高清字幕版,贾旭明非遗相声春晚作品，搞笑不断！",https://i1.hdslb.com/bfs/archive/32b9839ce3dd1a1fac4cbb5be6083dddea99bffa.jpg
922,【央视】综合频道CCTV-1《非遗里的中国》（第一季）,BV1AN411M7VY,493763285,八神逸枫,10289419,综艺,1086:50,2023-11-25 18:26,333808,3674,14407,1972,114,"非遗,人文,文化","https://tv.cctv.com/2022/12/30/VIDAIxSnFuJtsqzH4HZK9Yc4221230.shtml
《非遗里的中国》通过非遗创新秀演、沉浸体验、还原绝技等全新的方式来打开非遗，多维度呈现非遗的创新成果、历史底蕴、中国智慧、东方美学。节目展现非遗在新时代迸发出的焕新力量，呈现非遗时光流变中的一脉相承与继往开来。",https://i0.hdslb.com/bfs/archive/8268536bcc5c0b6c21c2dc540a25c7aad0559223.png
923,东巴纸,BV1ozw4ztEqm,116228106551729,归乡人山白,3494349557992101,手工,8:10,2026-03-14 23:02,677365,98030,9908,1849,1113,"寻找100位非遗手艺人,东巴纸,纳西族,手工纸,手工艺,手工,原创",纸寿千年，纳西族手工造纸。,https://i1.hdslb.com/bfs/archive/62ed064b30e48ab8740683535ec2a4640da5791a.jpg
924,中国的42项世界非遗项目 你都知道吗？,BV1NK411G7rv,500654333,中新视频,104092224,社会,4:38,2020-12-19 15:11,28939,680,801,21,38,"世界非遗项目,中国",12月17日晚，中国单独申报的“太极拳”、与马来西亚联合申报的“送王船——有关人与海洋可持续联系的仪式及相关实践”两个项目，经联合国教科文组织保护非物质文化遗产政府间委员会评审通过，列入联合国教科文组织人类非物质文化遗产代表作名录。那么，你知道中国的世界非物质文化遗产项目有多少个？有哪些？快跟我一起增长知识吧！,https://i2.hdslb.com/bfs/archive/f2e9d4d1134718bada898f5f9cce68245e4c7592.jpg
925,【大学生纪录短片/非遗/剪纸/原创】纸下的时间旅行者【高清1080P】万物理论拯救传统文化,BV1xs411y7CG,5301655,暗海见雪生,25005818,小剧场,15:39,2016-07-12 14:20,390083,7508,12177,347,198,"传统文化,传承,纪录片,冯骥才,万物理论",以乡村七十多岁民间剪纸艺人几十年扎根于民间文化为起点，伴随着生活在城市却致力于剪纸的保护与创新的艺术家郭梅花的故事进行交叉叙事，串起剪纸的历史与发展，民俗与文化。,https://i1.hdslb.com/bfs/archive/36284d6e91d13a830b61de8ac73cc367a4f1f2d7.jpg
926,谁还不是个rapper！一首歌串起中国43项世界级非遗,BV1FV4y1y78y,870118526,央视新闻,456664753,人文历史,3:13,2023-06-22 09:56,353155,46508,9405,272,783,"非遗,说唱",目前，中国43个项目列入联合国教科文组织，非物质文化遗产名录、名册数量居世界第一。端午节到来之际，央视新闻推出原创音乐MV《非常·非遗》，用一首歌曲串联起这43项世界级非遗项目，以音乐和视觉符号呈现中国式浪漫，彰显古老东方的历史文明之美。,https://i0.hdslb.com/bfs/archive/4b2558b64cc8011d043597b24c184eb78ec51587.jpg
927,非遗群像MVP结算画面,BV1JwWyzPE74,115387786207195,Locus建鹏,448415359,运动综合,0:33,2025-10-17 13:15,3426804,947395,222099,100260,8884,"逆水寒手游,逆水寒非遗计划,逆水寒次元破壁",-,https://i2.hdslb.com/bfs/archive/b1acff3579f22a0752d4961c7d319667c1866b16.jpg
928,网红想火想疯了？魔改中国非遗“黄梅戏”，惨遭央视发文“怒”批,BV1oq4y1N7ug,547995107,下饭音乐,11173348,乐评盘点,4:29,2021-09-14 17:10,3642675,192762,15640,47189,12344,"音乐分享官,乐评盘点,周杰伦,小姐姐,漫步人生路,青花瓷,网红翻唱,粤语歌,黄梅戏",要说现在刷手机，新歌没几首，老歌倒是不断被 魔改翻唱~甚至为了流量，网红们跟风拍摄 根本不管歌曲内容~今天饭饭 就带来的几首 被网红玩“变味”的歌，坚持听完的 可都是我的死忠粉呐,https://i2.hdslb.com/bfs/archive/65a0a945e8e351ea4548859398048a400a3bc155.jpg
929,鬼步、僵尸摔、滚灯……科普19种技惊四座的非遗绝技,BV1kXpWzyE6u,115217564570288,全球顶尖投影,3546744608524364,出行,2:45,2025-09-17 11:45,423695,37473,8866,256,555,"绝技,人文历史档案馆,传统文化,变脸,杂技,戏曲,鬼步,非遗,科普,京剧",,https://i1.hdslb.com/bfs/archive/c60f3ec3e64997d87ead2e58699a3eb49cb40e99.jpg
930,以朱为信，以泥承魂，印泥，中华文房瑰宝,BV1VanmzbEbt,115293598781324,I彭传明,589188442,手工,22:26,2025-09-30 22:15,335682,28987,2825,1570,500,"中国,原创,文化",-,https://i2.hdslb.com/bfs/archive/9f1331aecca0077f75a416b03dd6219d90c378e5.jpg
931,这不是迷信，这是中国傩戏。,BV1Xf421v74t,1206450288,唱饭的王小潮,1107899745,人文历史,2:45,2024-08-10 09:58,4003239,421831,190004,3655,4475,"非遗文化,文化,正能量,寻找非遗文化,行走的人文,中国",-,https://i1.hdslb.com/bfs/archive/49daebd4631fa0c00276d9350417f86fbd6af584.jpg
932,【《浮光》遇到中国非遗】中国的43个世界级非遗，你知道几个？,BV1L1421275U,1555202564,非遗正年轻,156651846,人文历史,4:21,2024-05-27 21:37,70621,1491,2589,17,61,"浮光,周深,世界级非遗,中国,传统文化,历史,非遗,文化",-,https://i0.hdslb.com/bfs/archive/a11d2fe91f98de969d84d93481c666bc65adbd4f.jpg
933,99%的人没见过这个非遗，可它正在消失,BV14A57zLEd1,114358101284195,摇铃啊摇铃儿,1330962869,人文历史,6:55,2025-04-18 17:10,2833317,123676,118188,4454,1189,"烟花,药发木偶,非遗,温州,寻找100位非遗手艺人,传统文化,寻找100位非遗手艺人 3.0,木偶戏",这是99%的人没听说过的非遗，温州泰顺的药发木偶。是火树银花的真实写照历时四个月，在失望与希望中反复挣扎，这次终于把周尔禄爷爷坚持了一生的热爱，带到了你的面前。因为这项非遗原料的特殊，一直在法律的文化传承的矛盾中挣扎，几度垂危，这期视频，中间有过很多次想放弃的时候，或许是因为我成为了他的第一位年轻“女徒弟”，或许因为这是我家乡的非遗，又或许只是因为它的传承人是周爷爷，这个历经种种磨难，依然在苦难中开出花的，理想主义老头！他真的太好啦87天的争取实在是漫长！可又怎么漫长得过周爷爷60多年，2万多天的坚持呢。,https://i2.hdslb.com/bfs/archive/f1dde5456c9361870e919747e4b14e1c10f212cc.jpg
934,每周质量报告 | 央视曝光假非遗乱象,BV1Upf9BVEut,116009952416434,央视网,222103174,日常,18:18,2026-02-04 10:20,30411,1851,309,51,81,非遗,,https://i2.hdslb.com/bfs/archive/34738e7584707de16910fa86679013ae30a45b8a.jpg
935,手写代码的程序员成非遗了❓「古法编程」突然火了❗️,BV1UzwDz1E6w,116243071835663,智冷Shaw,480800563,计算机技术,0:51,2026-03-17 14:22,12243,121,75,86,64,"万万没想到,AI,人工智能,编程,程序员,学习,高能,科普,分享我的专业知识,代码",“古法编程”这个词一出来，我先笑了。以前程序员不用AI写代码叫基本操作，现在居然成了“古法手艺”。照这趋势下去，未来程序员怕不是要进博物馆现场表演纯手搓代码了。你觉得，不靠AI写代码的人，以后会不会真成“非遗传承人”？关注智冷Shaw，AI时代走前头！,https://i1.hdslb.com/bfs/archive/dedb798ce2c9122234b899598e2262af3e525da5.jpg
936,开者即死，这四个字震慑了盗墓贼整整1400年,BV1W1ckz1EYk,116215389363710,江寻千,1895195099,手工,7:22,2026-03-12 17:11,1689809,71815,35517,702,773,"文化,闹蛾扑花钗,寻找100位非遗手艺人,非遗,花丝镶嵌,手工艺",,https://i2.hdslb.com/bfs/archive/2bdc919399b36b6c49fcc199af199f86ff1e8252.jpg
937,在你看到这期视频之前，它，没有观众,BV1Nw4m1k7Mk,1106345646,南翔,596842980,手工,6:6,2024-08-14 16:50,15767248,917337,442020,17326,7673,"一起做手工吧16.0 手工暑期大作战,非遗,打铁花,我的整活手工大赏,非遗传承,炭花舞,七江炭花舞,火壶",-,https://i0.hdslb.com/bfs/archive/c3cc26fc610220badb0b446469ca0ecf63577451.jpg
938,【非遗美学创业】每周工作一小时，每年躺平收入超七位数,BV1Hm421g7hX,1606157528,村姑欣陶,384402877,财经商业,42:49,2024-07-05 19:40,18723,905,830,59,34,"青年用「财」图鉴,共同富裕,投资,找工作,乡村振兴,非遗美学,创业,李子柒,融资,创业合伙人",作为斜杠财经博主，想做些差异化的内容，可以和大家共同富裕，比如好的合伙创业、商务合作和工作的机会。而且不是在项目极早期，充满高度不确定性的时候介绍给大家，希望是有数据支持的商业模式小DEMO已经跑通的时候，在项目充满生命力蓬勃发展的时候，介绍给大家。作为前投资人，未来也将继续做投资的创业财经博主，将以投资人的角度和创始人对话，探讨创业过程中的挑战和应对方案，希望想创业或者正在创业ing的朋友们有借鉴意义。如果有想和我一起录制视频的创业者，希望自己的项目让更多投资人、创业者、合作伙伴或者未来团队成员看到，欢,https://i0.hdslb.com/bfs/archive/f8cb19204ce43fe8528dd2d144d8ba0dc070a9ca.jpg
939,非遗植物拓染｜锤出三千年前的中国色,BV1wh72z8EXt,114611957272674,陈二十,22309487,日常,3:45,2025-06-02 17:00,606312,9965,17638,82,104,"非遗,我的手工真的很解压,传统文化,手工,植物拓染",周末如果不想聚会跟人社交，那就试试跟大自然产生链接，动手做一副属于自己独一无二的作品吧~,https://i2.hdslb.com/bfs/archive/cdf4bc1202ff41f59c71c6274c7a043cdc2171d4.jpg
940,【全程高能】中国各地的非遗年俗能有多震撼？直接看呆了！,BV1XywNeNEd3,113849181145296,司空离,358807,人文历史,7:16,2025-01-18 20:12,2901923,43884,29288,621,338,"2025克穷暴富,民俗,英歌舞,传统文化,年俗,打铁花,非遗",-,https://i2.hdslb.com/bfs/archive/07a04911a2dadb3b495f1beb71f181169a64b619.jpg
941,为什么都以为排箫是国外乐器？&quot;非遗 &quot;传统文化 &quot;乐器 &quot;,BV1NRwezhEmx,116249379996802,非遗传统手艺哥,3632303318239519,田园美食,2:30,2026-03-18 17:09,1194,60,5,2,4,"制作,文化,寻找100位非遗手艺人,B站好片有奖种草,非物质文化遗产",-,https://i0.hdslb.com/bfs/archive/d15c455bdb33bbcad358aa0ddb7cd3f5b788fdca.jpg
942,陈都灵四次非遗旗袍变装,BV1i1ZiB6E3G,116097378426485,可爱又迷人旳反派,3493079277373656,明星综合,4:13,2026-02-19 20:55,9081,202,328,5,17,"陈都灵,表演,美女",-,https://i2.hdslb.com/bfs/archive/b8060f153a8c411e26e498e997adf6661f015e7e.jpg
943,外网热评：中国非遗文化传承《傩戏》外国网友：精准的动作和传统文化的传承，很精彩,BV1WyckzjEd5,116215473242189,轩宝看油管,387967038,日常,1:36,2026-03-12 17:24,1067,12,5,0,0,"传统文化,中国,外网热评,中国非遗,外国网友评论,外网评论,评论翻译,外国人看中国,文化传承,非物质文化遗产",,https://i1.hdslb.com/bfs/archive/734cc883611d5be6e1ef3823234a16f1f8c2d334.jpg
944,中国文化输出赢麻了！国风舞惊艳全场，街头“非遗喷火”看懵老外,BV14fXVYxEV6,114182427116994,下饭音乐,11173348,乐评盘点,5:45,2025-03-18 16:18,196063,3377,875,253,56,"非遗文化,中国舞,文化输出",,https://i1.hdslb.com/bfs/archive/233a03d3aafc688e7c5bc9fe392337f875fc58ef.jpg
945,外网看我国非遗文化变装转场！热评：文化自信在此刻具象化！ #非遗文化 #转场 #舞狮 #外国人看中国,BV1mWkzBtEho,115528446251640,星禾搞笑娱乐,1680121791,日常,1:36,2025-11-11 09:25,156079,2194,573,33,39,"中国风,制作,变装转场,B站辩论季！,歪果仁,传统文化,中国,文化",外网看我国非遗文化变装转场！热评：文化自信在此刻具象化！ #非遗文化 #转场 #舞狮 #外国人看中国,https://i0.hdslb.com/bfs/archive/2817e02809a8d3e33c7ece58178345d287ed3ea0.jpg
946,挑战戏神非遗大片 今天拍的是“傩戏”！,BV1uLByBvELm,115791680838243,-小胡同学呀,262240557,穿搭,2:45,2025-12-27 21:18,1729285,38471,60664,1453,357,"传统文化,冷不丁化妆挑战,胡有姬,葛仙村,戏神,傩戏,非遗,江西,非物质文化遗产,挑战",-,https://i2.hdslb.com/bfs/archive/084a84aa9c8c5dc3386443cd5993a8e3f35b684d.jpg
947,《针尖上的非遗》纪录片作品,BV1DTwezYEgC,116247752675641,爱学习美女罢了,491748066,影视剪辑,12:40,2026-03-18 10:15,13,0,0,0,0,"纪录片,文化,艺术,非遗",,https://i0.hdslb.com/bfs/archive/8a5752778faa90c0c173dbc419191bacfa40b9ad.jpg
948,江寻千：把100种非遗，拍成文艺复兴名场面,BV1nvceznEoG,116055401826217,环球人物新媒体,30042311,运动文化,8:7,2026-02-19 09:00,7354,530,246,8,8,"传统文化,文化,中国,非遗",,https://i1.hdslb.com/bfs/archive/f83a1f00a4aa6149581d5a49c0a01bcf3a027dbd.jpg
949,【纪录片】《中国手作》第一季 木作 第一集 榫卯智慧,BV1mk4y1c7M4,745848737,长安书院_,2147327022,人文历史,121:19,2023-09-09 17:26,166211,2479,12555,99,44,"历史,工匠,科普,人文,木作,榫卯,非遗,手作,纪录片,传统文化",如果觉得还不错，麻烦给个三连！谢谢~,https://i2.hdslb.com/bfs/archive/19f159e05c860021238a410bb02e3138deae4c61.png
950,你敢信画面、音乐、配音全Ai制作？AIGC赋能文旅非遗新范例,BV1it421u7UK,1754365323,野生Peng友,227377272,AI影像,2:50,2024-05-11 14:14,21363,361,597,3,35,"AI,蜀锦,人工智能,AIGC,AI影像征集大赛,文旅,非遗","历时3个星期，用AI搞了2234张图片+210首音乐+588条视频+49条配音素材
终于抽卡抽出来了，我哭死！！
我已入魔，半夜走在路上看着开过的汽车都像是AI扩散。
收集200多幅古今经典蜀锦纹样为样本，
训练Lora，搭建了comfy ui的新工作流
SD、Runway、Pika........能用的都用了
每天开机都在给显卡上香
求求Sora、Vidu快点吧，真·不想抽卡了!!!",https://i1.hdslb.com/bfs/archive/2254da15574725ebe7a7c4c3767c77464b30795d.jpg
951,湘西赶尸，改了这么久终于可以发出来了,BV1uemfYrE2h,113487044941023,江寻千,1895195099,人文历史,21:11,2024-11-15 21:07,7827395,424253,209687,17336,8434,"寻找非遗手艺人,未解之谜,赶尸,奇闻,湘西,传统文化,寻找100位非遗手艺人",,https://i1.hdslb.com/bfs/archive/b552ff7f0ddac41eab6a006b935ddc86504c0e8e.jpg
952,毛晓彤丨福州非遗嘉年华伞舞 拍的最好的版本,BV1NnPtz7EAo,116183730752186,毛曉彤,257442725,国风舞蹈,1:4,2026-03-07 09:00,144047,14678,3257,85,336,"毛晓彤,新春舞蹈集结计划,非遗嘉年华,古典舞,国风舞蹈,仙女,演员,中国风,古风,现场",,https://i0.hdslb.com/bfs/archive/fc4823fb65786cf1aa38b96f3f9a5b8b111df2cd.jpg
953,用一块木头做个龙猫，给粉丝抽了 #手工diy #非物质文化遗产,BV1QCNFzDEZv,116203930519737,小虾米粒粒,3546890555623747,日常,1:30,2026-03-19 06:32,28,3,0,0,0,"寻找100位非遗手艺人,B站好片有奖种草,原神,文化遗产,非物质文化遗产,电子竞技,DIY,爱情",-,https://i1.hdslb.com/bfs/archive/810eef37255a2b52a5a9eb151888171735f29fa1.jpg
954,从1块泥巴到上亿天价！非遗汝瓷如何点土成“金”？,BV1rsjmzbEWd,114574342757495,影视飓风,946974,手工,12:5,2025-05-28 17:00,2948282,168993,39702,32794,3557,"碧蓝航线,汝瓷,4K,拍摄,匠人,制作,非遗,碧蓝航线8周年,非物质文化遗产",这些看似不起眼的泥巴和石头，经过巧妙的加工，竟然可能卖出上亿元的天价。作为瓷器的一种，为什么“它”这么值钱？这次我们和@碧蓝航线  一拍即合，前往河南汝州，想带你一起来看看这门传承了千年的中国手艺——汝瓷。如果你喜欢这期视频，请多多支持我们，并把视频分享给你的朋友们一起看看!,https://i0.hdslb.com/bfs/archive/de6649ac16c7c62fab9774d44b60a36965bf8592.jpg
955,【超燃】中国非遗超燃混剪,BV1a1keYbEF2,113695099261522,万川嘉心,1970823994,影视剪辑,5:25,2024-12-22 14:44,43569,522,935,1,71,"非遗文化分享官,非遗,传统文化,中国,人文历史档案馆2.0",-,https://i0.hdslb.com/bfs/archive/8ee2d7ef1efc6aa7d7727e5abbe06bb3a52eb859.jpg
956,这个杯子浑身是孔，却滴水不漏,BV1jm84zcExE,114919047503711,江寻千,1895195099,影视剪辑,8:57,2025-07-26 18:28,8061674,297315,157059,4390,3837,"瓷器,传统文化,陶瓷,玲珑瓷,手工,非遗,寻找100位非遗手艺人",,https://i1.hdslb.com/bfs/archive/d3717a4ab06941d7e11769fe1a7e10133677d782.jpg
957,老祖宗：不管了！好歹非遗传下来了！,BV1sjwez4ENA,116249463881838,料理小咪,18237423,颜值·网红舞,0:36,2026-03-18 17:29,13199,2076,652,122,67,"川剧摇,四时少女,火苗dj,葛仙村,古风","我们来葛仙村玩啦！好好玩！下次还来～
从左到右出境：
玉玲珑：小水泡汤
汉服：西海岸红杉
胡桃：料理小咪
大乔：十元酱少女",https://i2.hdslb.com/bfs/archive/59308324aa32767546f15be431472416fb28151a.jpg
958,笑不中了！贾旭明老师号都没了，圆桌也没整清楚，又跑到非遗相声大会说相声了哈哈哈哈哈哈，网友：“相声这个行业危险系数这么高吗”哈哈哈哈或许是贾老师危险系数高？,BV1K8NMzYEmj,116192387795647,又一次嗑到了,3546939108886611,娱乐粉丝创作,22:12,2026-03-08 15:37,163503,3921,1214,998,330,"相声,爆笑,搞笑,贾局,段子,贾旭明,讽刺,小品,最新",-,https://i0.hdslb.com/bfs/archive/23c1efe6437884d6ea193d2b052293322e74de66.jpg
959,"贾旭明郑健相声《贾诗人》高清字幕版,贾旭明非遗相声春晚作品，搞笑不断！",BV1yBPoztEG3,116201934098540,相声茶馆,25375697,搞笑,22:12,2026-03-10 11:05,12543,150,72,19,16,"非遗相声,贾旭明相声,郑健,搞笑相声,非遗,相声小品,贾旭明,相声,春晚,搞笑","贾旭明郑健相声《贾诗人》高清字幕版,贾旭明非遗相声春晚作品，搞笑不断！",https://i1.hdslb.com/bfs/archive/32b9839ce3dd1a1fac4cbb5be6083dddea99bffa.jpg
960,【央视】综合频道CCTV-1《非遗里的中国》（第一季）,BV1AN411M7VY,493763285,八神逸枫,10289419,综艺,1086:50,2023-11-25 18:26,333808,3674,14407,1972,114,"非遗,人文,文化","https://tv.cctv.com/2022/12/30/VIDAIxSnFuJtsqzH4HZK9Yc4221230.shtml
《非遗里的中国》通过非遗创新秀演、沉浸体验、还原绝技等全新的方式来打开非遗，多维度呈现非遗的创新成果、历史底蕴、中国智慧、东方美学。节目展现非遗在新时代迸发出的焕新力量，呈现非遗时光流变中的一脉相承与继往开来。",https://i0.hdslb.com/bfs/archive/8268536bcc5c0b6c21c2dc540a25c7aad0559223.png
961,东巴纸,BV1ozw4ztEqm,116228106551729,归乡人山白,3494349557992101,手工,8:10,2026-03-14 23:02,677365,98030,9908,1849,1113,"寻找100位非遗手艺人,东巴纸,纳西族,手工纸,手工艺,手工,原创",纸寿千年，纳西族手工造纸。,https://i1.hdslb.com/bfs/archive/62ed064b30e48ab8740683535ec2a4640da5791a.jpg
962,中国的42项世界非遗项目 你都知道吗？,BV1NK411G7rv,500654333,中新视频,104092224,社会,4:38,2020-12-19 15:11,28939,680,801,21,38,"世界非遗项目,中国",12月17日晚，中国单独申报的“太极拳”、与马来西亚联合申报的“送王船——有关人与海洋可持续联系的仪式及相关实践”两个项目，经联合国教科文组织保护非物质文化遗产政府间委员会评审通过，列入联合国教科文组织人类非物质文化遗产代表作名录。那么，你知道中国的世界非物质文化遗产项目有多少个？有哪些？快跟我一起增长知识吧！,https://i2.hdslb.com/bfs/archive/f2e9d4d1134718bada898f5f9cce68245e4c7592.jpg
963,【大学生纪录短片/非遗/剪纸/原创】纸下的时间旅行者【高清1080P】万物理论拯救传统文化,BV1xs411y7CG,5301655,暗海见雪生,25005818,小剧场,15:39,2016-07-12 14:20,390083,7508,12177,347,198,"传统文化,传承,纪录片,冯骥才,万物理论",以乡村七十多岁民间剪纸艺人几十年扎根于民间文化为起点，伴随着生活在城市却致力于剪纸的保护与创新的艺术家郭梅花的故事进行交叉叙事，串起剪纸的历史与发展，民俗与文化。,https://i1.hdslb.com/bfs/archive/36284d6e91d13a830b61de8ac73cc367a4f1f2d7.jpg
964,谁还不是个rapper！一首歌串起中国43项世界级非遗,BV1FV4y1y78y,870118526,央视新闻,456664753,人文历史,3:13,2023-06-22 09:56,353155,46508,9405,272,783,"非遗,说唱",目前，中国43个项目列入联合国教科文组织，非物质文化遗产名录、名册数量居世界第一。端午节到来之际，央视新闻推出原创音乐MV《非常·非遗》，用一首歌曲串联起这43项世界级非遗项目，以音乐和视觉符号呈现中国式浪漫，彰显古老东方的历史文明之美。,https://i0.hdslb.com/bfs/archive/4b2558b64cc8011d043597b24c184eb78ec51587.jpg
965,非遗群像MVP结算画面,BV1JwWyzPE74,115387786207195,Locus建鹏,448415359,运动综合,0:33,2025-10-17 13:15,3426804,947395,222099,100260,8884,"逆水寒手游,逆水寒非遗计划,逆水寒次元破壁",-,https://i2.hdslb.com/bfs/archive/b1acff3579f22a0752d4961c7d319667c1866b16.jpg
966,网红想火想疯了？魔改中国非遗“黄梅戏”，惨遭央视发文“怒”批,BV1oq4y1N7ug,547995107,下饭音乐,11173348,乐评盘点,4:29,2021-09-14 17:10,3642675,192762,15640,47189,12344,"音乐分享官,乐评盘点,周杰伦,小姐姐,漫步人生路,青花瓷,网红翻唱,粤语歌,黄梅戏",要说现在刷手机，新歌没几首，老歌倒是不断被 魔改翻唱~甚至为了流量，网红们跟风拍摄 根本不管歌曲内容~今天饭饭 就带来的几首 被网红玩“变味”的歌，坚持听完的 可都是我的死忠粉呐,https://i2.hdslb.com/bfs/archive/65a0a945e8e351ea4548859398048a400a3bc155.jpg
967,以朱为信，以泥承魂，印泥，中华文房瑰宝,BV1VanmzbEbt,115293598781324,I彭传明,589188442,手工,22:26,2025-09-30 22:15,335682,28987,2825,1570,500,"中国,原创,文化",-,https://i2.hdslb.com/bfs/archive/9f1331aecca0077f75a416b03dd6219d90c378e5.jpg
968,鬼步、僵尸摔、滚灯……科普19种技惊四座的非遗绝技,BV1kXpWzyE6u,115217564570288,全球顶尖投影,3546744608524364,出行,2:45,2025-09-17 11:45,423695,37473,8866,256,555,"绝技,人文历史档案馆,传统文化,变脸,杂技,戏曲,鬼步,非遗,科普,京剧",,https://i1.hdslb.com/bfs/archive/c60f3ec3e64997d87ead2e58699a3eb49cb40e99.jpg
969,这不是迷信，这是中国傩戏。,BV1Xf421v74t,1206450288,唱饭的王小潮,1107899745,人文历史,2:45,2024-08-10 09:58,4003239,421831,190004,3655,4475,"非遗文化,文化,正能量,寻找非遗文化,行走的人文,中国",-,https://i1.hdslb.com/bfs/archive/49daebd4631fa0c00276d9350417f86fbd6af584.jpg
970,【《浮光》遇到中国非遗】中国的43个世界级非遗，你知道几个？,BV1L1421275U,1555202564,非遗正年轻,156651846,人文历史,4:21,2024-05-27 21:37,70621,1491,2589,17,61,"浮光,周深,世界级非遗,中国,传统文化,历史,非遗,文化",-,https://i0.hdslb.com/bfs/archive/a11d2fe91f98de969d84d93481c666bc65adbd4f.jpg
971,99%的人没见过这个非遗，可它正在消失,BV14A57zLEd1,114358101284195,摇铃啊摇铃儿,1330962869,人文历史,6:55,2025-04-18 17:10,2833317,123676,118188,4454,1189,"烟花,药发木偶,非遗,温州,寻找100位非遗手艺人,传统文化,寻找100位非遗手艺人 3.0,木偶戏",这是99%的人没听说过的非遗，温州泰顺的药发木偶。是火树银花的真实写照历时四个月，在失望与希望中反复挣扎，这次终于把周尔禄爷爷坚持了一生的热爱，带到了你的面前。因为这项非遗原料的特殊，一直在法律的文化传承的矛盾中挣扎，几度垂危，这期视频，中间有过很多次想放弃的时候，或许是因为我成为了他的第一位年轻“女徒弟”，或许因为这是我家乡的非遗，又或许只是因为它的传承人是周爷爷，这个历经种种磨难，依然在苦难中开出花的，理想主义老头！他真的太好啦87天的争取实在是漫长！可又怎么漫长得过周爷爷60多年，2万多天的坚持呢。,https://i2.hdslb.com/bfs/archive/f1dde5456c9361870e919747e4b14e1c10f212cc.jpg
972,每周质量报告 | 央视曝光假非遗乱象,BV1Upf9BVEut,116009952416434,央视网,222103174,日常,18:18,2026-02-04 10:20,30411,1851,309,51,81,非遗,,https://i2.hdslb.com/bfs/archive/34738e7584707de16910fa86679013ae30a45b8a.jpg
973,手写代码的程序员成非遗了❓「古法编程」突然火了❗️,BV1UzwDz1E6w,116243071835663,智冷Shaw,480800563,计算机技术,0:51,2026-03-17 14:22,12243,121,75,86,64,"万万没想到,AI,人工智能,编程,程序员,学习,高能,科普,分享我的专业知识,代码",“古法编程”这个词一出来，我先笑了。以前程序员不用AI写代码叫基本操作，现在居然成了“古法手艺”。照这趋势下去，未来程序员怕不是要进博物馆现场表演纯手搓代码了。你觉得，不靠AI写代码的人，以后会不会真成“非遗传承人”？关注智冷Shaw，AI时代走前头！,https://i1.hdslb.com/bfs/archive/dedb798ce2c9122234b899598e2262af3e525da5.jpg
974,开者即死，这四个字震慑了盗墓贼整整1400年,BV1W1ckz1EYk,116215389363710,江寻千,1895195099,手工,7:22,2026-03-12 17:11,1689809,71815,35517,702,773,"文化,闹蛾扑花钗,寻找100位非遗手艺人,非遗,花丝镶嵌,手工艺",,https://i2.hdslb.com/bfs/archive/2bdc919399b36b6c49fcc199af199f86ff1e8252.jpg
975,在你看到这期视频之前，它，没有观众,BV1Nw4m1k7Mk,1106345646,南翔,596842980,手工,6:6,2024-08-14 16:50,15767248,917337,442020,17326,7673,"一起做手工吧16.0 手工暑期大作战,非遗,打铁花,我的整活手工大赏,非遗传承,炭花舞,七江炭花舞,火壶",-,https://i0.hdslb.com/bfs/archive/c3cc26fc610220badb0b446469ca0ecf63577451.jpg
976,【非遗美学创业】每周工作一小时，每年躺平收入超七位数,BV1Hm421g7hX,1606157528,村姑欣陶,384402877,财经商业,42:49,2024-07-05 19:40,18723,905,830,59,34,"青年用「财」图鉴,共同富裕,投资,找工作,乡村振兴,非遗美学,创业,李子柒,融资,创业合伙人",作为斜杠财经博主，想做些差异化的内容，可以和大家共同富裕，比如好的合伙创业、商务合作和工作的机会。而且不是在项目极早期，充满高度不确定性的时候介绍给大家，希望是有数据支持的商业模式小DEMO已经跑通的时候，在项目充满生命力蓬勃发展的时候，介绍给大家。作为前投资人，未来也将继续做投资的创业财经博主，将以投资人的角度和创始人对话，探讨创业过程中的挑战和应对方案，希望想创业或者正在创业ing的朋友们有借鉴意义。如果有想和我一起录制视频的创业者，希望自己的项目让更多投资人、创业者、合作伙伴或者未来团队成员看到，欢,https://i0.hdslb.com/bfs/archive/f8cb19204ce43fe8528dd2d144d8ba0dc070a9ca.jpg
977,非遗植物拓染｜锤出三千年前的中国色,BV1wh72z8EXt,114611957272674,陈二十,22309487,日常,3:45,2025-06-02 17:00,606312,9965,17638,82,104,"非遗,我的手工真的很解压,传统文化,手工,植物拓染",周末如果不想聚会跟人社交，那就试试跟大自然产生链接，动手做一副属于自己独一无二的作品吧~,https://i2.hdslb.com/bfs/archive/cdf4bc1202ff41f59c71c6274c7a043cdc2171d4.jpg
978,【全程高能】中国各地的非遗年俗能有多震撼？直接看呆了！,BV1XywNeNEd3,113849181145296,司空离,358807,人文历史,7:16,2025-01-18 20:12,2901923,43884,29288,621,338,"2025克穷暴富,民俗,英歌舞,传统文化,年俗,打铁花,非遗",-,https://i2.hdslb.com/bfs/archive/07a04911a2dadb3b495f1beb71f181169a64b619.jpg
979,为什么都以为排箫是国外乐器？&quot;非遗 &quot;传统文化 &quot;乐器 &quot;,BV1NRwezhEmx,116249379996802,非遗传统手艺哥,3632303318239519,田园美食,2:30,2026-03-18 17:09,1196,60,5,2,4,"制作,文化,寻找100位非遗手艺人,B站好片有奖种草,非物质文化遗产",-,https://i0.hdslb.com/bfs/archive/d15c455bdb33bbcad358aa0ddb7cd3f5b788fdca.jpg
980,陈都灵四次非遗旗袍变装,BV1i1ZiB6E3G,116097378426485,可爱又迷人旳反派,3493079277373656,明星综合,4:13,2026-02-19 20:55,9081,202,328,5,17,"陈都灵,表演,美女",-,https://i2.hdslb.com/bfs/archive/b8060f153a8c411e26e498e997adf6661f015e7e.jpg
981,外网热评：中国非遗文化传承《傩戏》外国网友：精准的动作和传统文化的传承，很精彩,BV1WyckzjEd5,116215473242189,轩宝看油管,387967038,日常,1:36,2026-03-12 17:24,1067,12,5,0,0,"传统文化,中国,外网热评,中国非遗,外国网友评论,外网评论,评论翻译,外国人看中国,文化传承,非物质文化遗产",,https://i1.hdslb.com/bfs/archive/734cc883611d5be6e1ef3823234a16f1f8c2d334.jpg
982,中国文化输出赢麻了！国风舞惊艳全场，街头“非遗喷火”看懵老外,BV14fXVYxEV6,114182427116994,下饭音乐,11173348,乐评盘点,5:45,2025-03-18 16:18,196063,3377,875,253,56,"非遗文化,中国舞,文化输出",,https://i1.hdslb.com/bfs/archive/233a03d3aafc688e7c5bc9fe392337f875fc58ef.jpg
983,外网看我国非遗文化变装转场！热评：文化自信在此刻具象化！ #非遗文化 #转场 #舞狮 #外国人看中国,BV1mWkzBtEho,115528446251640,星禾搞笑娱乐,1680121791,日常,1:36,2025-11-11 09:25,156079,2194,573,33,39,"中国风,制作,变装转场,B站辩论季！,歪果仁,传统文化,中国,文化",外网看我国非遗文化变装转场！热评：文化自信在此刻具象化！ #非遗文化 #转场 #舞狮 #外国人看中国,https://i0.hdslb.com/bfs/archive/2817e02809a8d3e33c7ece58178345d287ed3ea0.jpg
984,挑战戏神非遗大片 今天拍的是“傩戏”！,BV1uLByBvELm,115791680838243,-小胡同学呀,262240557,穿搭,2:45,2025-12-27 21:18,1729296,38471,60664,1453,357,"传统文化,冷不丁化妆挑战,胡有姬,葛仙村,戏神,傩戏,非遗,江西,非物质文化遗产,挑战",-,https://i2.hdslb.com/bfs/archive/084a84aa9c8c5dc3386443cd5993a8e3f35b684d.jpg
985,《针尖上的非遗》纪录片作品,BV1DTwezYEgC,116247752675641,爱学习美女罢了,491748066,影视剪辑,12:40,2026-03-18 10:15,13,0,0,0,0,"纪录片,文化,艺术,非遗",,https://i0.hdslb.com/bfs/archive/8a5752778faa90c0c173dbc419191bacfa40b9ad.jpg
986,江寻千：把100种非遗，拍成文艺复兴名场面,BV1nvceznEoG,116055401826217,环球人物新媒体,30042311,运动文化,8:7,2026-02-19 09:00,7354,530,246,8,8,"传统文化,文化,中国,非遗",,https://i1.hdslb.com/bfs/archive/f83a1f00a4aa6149581d5a49c0a01bcf3a027dbd.jpg
987,【纪录片】《中国手作》第一季 木作 第一集 榫卯智慧,BV1mk4y1c7M4,745848737,长安书院_,2147327022,人文历史,121:19,2023-09-09 17:26,166211,2479,12555,99,44,"历史,工匠,科普,人文,木作,榫卯,非遗,手作,纪录片,传统文化",如果觉得还不错，麻烦给个三连！谢谢~,https://i2.hdslb.com/bfs/archive/19f159e05c860021238a410bb02e3138deae4c61.png
988,你敢信画面、音乐、配音全Ai制作？AIGC赋能文旅非遗新范例,BV1it421u7UK,1754365323,野生Peng友,227377272,AI影像,2:50,2024-05-11 14:14,21363,361,597,3,35,"AI,蜀锦,人工智能,AIGC,AI影像征集大赛,文旅,非遗","历时3个星期，用AI搞了2234张图片+210首音乐+588条视频+49条配音素材
终于抽卡抽出来了，我哭死！！
我已入魔，半夜走在路上看着开过的汽车都像是AI扩散。
收集200多幅古今经典蜀锦纹样为样本，
训练Lora，搭建了comfy ui的新工作流
SD、Runway、Pika........能用的都用了
每天开机都在给显卡上香
求求Sora、Vidu快点吧，真·不想抽卡了!!!",https://i1.hdslb.com/bfs/archive/2254da15574725ebe7a7c4c3767c77464b30795d.jpg
989,湘西赶尸，改了这么久终于可以发出来了,BV1uemfYrE2h,113487044941023,江寻千,1895195099,人文历史,21:11,2024-11-15 21:07,7827395,424253,209687,17336,8434,"寻找非遗手艺人,未解之谜,赶尸,奇闻,湘西,传统文化,寻找100位非遗手艺人",,https://i1.hdslb.com/bfs/archive/b552ff7f0ddac41eab6a006b935ddc86504c0e8e.jpg
990,毛晓彤丨福州非遗嘉年华伞舞 拍的最好的版本,BV1NnPtz7EAo,116183730752186,毛曉彤,257442725,国风舞蹈,1:4,2026-03-07 09:00,144047,14678,3257,85,336,"毛晓彤,新春舞蹈集结计划,非遗嘉年华,古典舞,国风舞蹈,仙女,演员,中国风,古风,现场",,https://i0.hdslb.com/bfs/archive/fc4823fb65786cf1aa38b96f3f9a5b8b111df2cd.jpg
991,贵州非遗从不让人失望！30秒解锁贵州“村晚”的非遗名场面,BV1RowYzgE5D,116247803010442,贵州2频道百姓关注,4351252,社会,0:35,2026-03-18 10:28,920,9,0,0,0,"生活记录,传统文化,中国风,高能,贵州村晚,政媒扶持计划,非物质文化遗产,贵州,记录",别眨眼！跟随2026贵州“村晚”的镜头，一起去挖掘惊艳的贵州非遗！石阡说春传古韵，安顺地戏演六百年风云……非遗精华轮番亮相，传统文化在新时代舞台上生生不息，这才是真正的文化盛宴！,https://i0.hdslb.com/bfs/archive/b1cb00cd3bb4cc465ec1cd62f288ec559ddb1b46.jpg
992,从1块泥巴到上亿天价！非遗汝瓷如何点土成“金”？,BV1rsjmzbEWd,114574342757495,影视飓风,946974,手工,12:5,2025-05-28 17:00,2948282,168993,39702,32794,3557,"碧蓝航线,汝瓷,4K,拍摄,匠人,制作,非遗,碧蓝航线8周年,非物质文化遗产",这些看似不起眼的泥巴和石头，经过巧妙的加工，竟然可能卖出上亿元的天价。作为瓷器的一种，为什么“它”这么值钱？这次我们和@碧蓝航线  一拍即合，前往河南汝州，想带你一起来看看这门传承了千年的中国手艺——汝瓷。如果你喜欢这期视频，请多多支持我们，并把视频分享给你的朋友们一起看看!,https://i0.hdslb.com/bfs/archive/de6649ac16c7c62fab9774d44b60a36965bf8592.jpg
993,【超燃】中国非遗超燃混剪,BV1a1keYbEF2,113695099261522,万川嘉心,1970823994,影视剪辑,5:25,2024-12-22 14:44,43569,522,935,1,71,"非遗文化分享官,非遗,传统文化,中国,人文历史档案馆2.0",-,https://i0.hdslb.com/bfs/archive/8ee2d7ef1efc6aa7d7727e5abbe06bb3a52eb859.jpg
994,这个杯子浑身是孔，却滴水不漏,BV1jm84zcExE,114919047503711,江寻千,1895195099,影视剪辑,8:57,2025-07-26 18:28,8061674,297315,157059,4390,3837,"瓷器,传统文化,陶瓷,玲珑瓷,手工,非遗,寻找100位非遗手艺人",,https://i1.hdslb.com/bfs/archive/d3717a4ab06941d7e11769fe1a7e10133677d782.jpg
995,老祖宗：不管了！好歹非遗传下来了！,BV1sjwez4ENA,116249463881838,料理小咪,18237423,颜值·网红舞,0:36,2026-03-18 17:29,13199,2076,652,122,67,"川剧摇,四时少女,火苗dj,葛仙村,古风","我们来葛仙村玩啦！好好玩！下次还来～
从左到右出境：
玉玲珑：小水泡汤
汉服：西海岸红杉
胡桃：料理小咪
大乔：十元酱少女",https://i2.hdslb.com/bfs/archive/59308324aa32767546f15be431472416fb28151a.jpg
996,笑不中了！贾旭明老师号都没了，圆桌也没整清楚，又跑到非遗相声大会说相声了哈哈哈哈哈哈，网友：“相声这个行业危险系数这么高吗”哈哈哈哈或许是贾老师危险系数高？,BV1K8NMzYEmj,116192387795647,又一次嗑到了,3546939108886611,娱乐粉丝创作,22:12,2026-03-08 15:37,163503,3921,1214,998,330,"相声,爆笑,搞笑,贾局,段子,贾旭明,讽刺,小品,最新",-,https://i0.hdslb.com/bfs/archive/23c1efe6437884d6ea193d2b052293322e74de66.jpg
997,"贾旭明郑健相声《贾诗人》高清字幕版,贾旭明非遗相声春晚作品，搞笑不断！",BV1yBPoztEG3,116201934098540,相声茶馆,25375697,搞笑,22:12,2026-03-10 11:05,12543,150,72,19,16,"非遗相声,贾旭明相声,郑健,搞笑相声,非遗,相声小品,贾旭明,相声,春晚,搞笑","贾旭明郑健相声《贾诗人》高清字幕版,贾旭明非遗相声春晚作品，搞笑不断！",https://i1.hdslb.com/bfs/archive/32b9839ce3dd1a1fac4cbb5be6083dddea99bffa.jpg
998,【央视】综合频道CCTV-1《非遗里的中国》（第一季）,BV1AN411M7VY,493763285,八神逸枫,10289419,综艺,1086:50,2023-11-25 18:26,333808,3674,14407,1972,114,"非遗,人文,文化","https://tv.cctv.com/2022/12/30/VIDAIxSnFuJtsqzH4HZK9Yc4221230.shtml
《非遗里的中国》通过非遗创新秀演、沉浸体验、还原绝技等全新的方式来打开非遗，多维度呈现非遗的创新成果、历史底蕴、中国智慧、东方美学。节目展现非遗在新时代迸发出的焕新力量，呈现非遗时光流变中的一脉相承与继往开来。",https://i0.hdslb.com/bfs/archive/8268536bcc5c0b6c21c2dc540a25c7aad0559223.png
999,东巴纸,BV1ozw4ztEqm,116228106551729,归乡人山白,3494349557992101,手工,8:10,2026-03-14 23:02,677365,98030,9908,1849,1113,"寻找100位非遗手艺人,东巴纸,纳西族,手工纸,手工艺,手工,原创",纸寿千年，纳西族手工造纸。,https://i1.hdslb.com/bfs/archive/62ed064b30e48ab8740683535ec2a4640da5791a.jpg
1000,中国的42项世界非遗项目 你都知道吗？,BV1NK411G7rv,500654333,中新视频,104092224,社会,4:38,2020-12-19 15:11,28939,680,801,21,38,"世界非遗项目,中国",12月17日晚，中国单独申报的“太极拳”、与马来西亚联合申报的“送王船——有关人与海洋可持续联系的仪式及相关实践”两个项目，经联合国教科文组织保护非物质文化遗产政府间委员会评审通过，列入联合国教科文组织人类非物质文化遗产代表作名录。那么，你知道中国的世界非物质文化遗产项目有多少个？有哪些？快跟我一起增长知识吧！,https://i2.hdslb.com/bfs/archive/f2e9d4d1134718bada898f5f9cce68245e4c7592.jpg
1001,【大学生纪录短片/非遗/剪纸/原创】纸下的时间旅行者【高清1080P】万物理论拯救传统文化,BV1xs411y7CG,5301655,暗海见雪生,25005818,小剧场,15:39,2016-07-12 14:20,390083,7508,12177,347,198,"传统文化,传承,纪录片,冯骥才,万物理论",以乡村七十多岁民间剪纸艺人几十年扎根于民间文化为起点，伴随着生活在城市却致力于剪纸的保护与创新的艺术家郭梅花的故事进行交叉叙事，串起剪纸的历史与发展，民俗与文化。,https://i1.hdslb.com/bfs/archive/36284d6e91d13a830b61de8ac73cc367a4f1f2d7.jpg
1002,谁还不是个rapper！一首歌串起中国43项世界级非遗,BV1FV4y1y78y,870118526,央视新闻,456664753,人文历史,3:13,2023-06-22 09:56,353155,46508,9405,272,783,"非遗,说唱",目前，中国43个项目列入联合国教科文组织，非物质文化遗产名录、名册数量居世界第一。端午节到来之际，央视新闻推出原创音乐MV《非常·非遗》，用一首歌曲串联起这43项世界级非遗项目，以音乐和视觉符号呈现中国式浪漫，彰显古老东方的历史文明之美。,https://i0.hdslb.com/bfs/archive/4b2558b64cc8011d043597b24c184eb78ec51587.jpg
1003,非遗群像MVP结算画面,BV1JwWyzPE74,115387786207195,Locus建鹏,448415359,运动综合,0:33,2025-10-17 13:15,3426804,947395,222099,100260,8884,"逆水寒手游,逆水寒非遗计划,逆水寒次元破壁",-,https://i2.hdslb.com/bfs/archive/b1acff3579f22a0752d4961c7d319667c1866b16.jpg
1004,网红想火想疯了？魔改中国非遗“黄梅戏”，惨遭央视发文“怒”批,BV1oq4y1N7ug,547995107,下饭音乐,11173348,乐评盘点,4:29,2021-09-14 17:10,3642675,192762,15640,47189,12344,"音乐分享官,乐评盘点,周杰伦,小姐姐,漫步人生路,青花瓷,网红翻唱,粤语歌,黄梅戏",要说现在刷手机，新歌没几首，老歌倒是不断被 魔改翻唱~甚至为了流量，网红们跟风拍摄 根本不管歌曲内容~今天饭饭 就带来的几首 被网红玩“变味”的歌，坚持听完的 可都是我的死忠粉呐,https://i2.hdslb.com/bfs/archive/65a0a945e8e351ea4548859398048a400a3bc155.jpg
1005,鬼步、僵尸摔、滚灯……科普19种技惊四座的非遗绝技,BV1kXpWzyE6u,115217564570288,全球顶尖投影,3546744608524364,出行,2:45,2025-09-17 11:45,423695,37473,8866,256,555,"绝技,人文历史档案馆,传统文化,变脸,杂技,戏曲,鬼步,非遗,科普,京剧",,https://i1.hdslb.com/bfs/archive/c60f3ec3e64997d87ead2e58699a3eb49cb40e99.jpg
1006,以朱为信，以泥承魂，印泥，中华文房瑰宝,BV1VanmzbEbt,115293598781324,I彭传明,589188442,手工,22:26,2025-09-30 22:15,335682,28987,2825,1570,500,"中国,原创,文化",-,https://i2.hdslb.com/bfs/archive/9f1331aecca0077f75a416b03dd6219d90c378e5.jpg
1007,这不是迷信，这是中国傩戏。,BV1Xf421v74t,1206450288,唱饭的王小潮,1107899745,人文历史,2:45,2024-08-10 09:58,4003239,421831,190004,3655,4475,"非遗文化,文化,正能量,寻找非遗文化,行走的人文,中国",-,https://i1.hdslb.com/bfs/archive/49daebd4631fa0c00276d9350417f86fbd6af584.jpg
1008,【《浮光》遇到中国非遗】中国的43个世界级非遗，你知道几个？,BV1L1421275U,1555202564,非遗正年轻,156651846,人文历史,4:21,2024-05-27 21:37,70621,1491,2589,17,61,"浮光,周深,世界级非遗,中国,传统文化,历史,非遗,文化",-,https://i0.hdslb.com/bfs/archive/a11d2fe91f98de969d84d93481c666bc65adbd4f.jpg
1009,99%的人没见过这个非遗，可它正在消失,BV14A57zLEd1,114358101284195,摇铃啊摇铃儿,1330962869,人文历史,6:55,2025-04-18 17:10,2833317,123676,118188,4454,1189,"烟花,药发木偶,非遗,温州,寻找100位非遗手艺人,传统文化,寻找100位非遗手艺人 3.0,木偶戏",这是99%的人没听说过的非遗，温州泰顺的药发木偶。是火树银花的真实写照历时四个月，在失望与希望中反复挣扎，这次终于把周尔禄爷爷坚持了一生的热爱，带到了你的面前。因为这项非遗原料的特殊，一直在法律的文化传承的矛盾中挣扎，几度垂危，这期视频，中间有过很多次想放弃的时候，或许是因为我成为了他的第一位年轻“女徒弟”，或许因为这是我家乡的非遗，又或许只是因为它的传承人是周爷爷，这个历经种种磨难，依然在苦难中开出花的，理想主义老头！他真的太好啦87天的争取实在是漫长！可又怎么漫长得过周爷爷60多年，2万多天的坚持呢。,https://i2.hdslb.com/bfs/archive/f1dde5456c9361870e919747e4b14e1c10f212cc.jpg
1010,每周质量报告 | 央视曝光假非遗乱象,BV1Upf9BVEut,116009952416434,央视网,222103174,日常,18:18,2026-02-04 10:20,30411,1851,309,51,81,非遗,,https://i2.hdslb.com/bfs/archive/34738e7584707de16910fa86679013ae30a45b8a.jpg
1011,手写代码的程序员成非遗了❓「古法编程」突然火了❗️,BV1UzwDz1E6w,116243071835663,智冷Shaw,480800563,计算机技术,0:51,2026-03-17 14:22,12243,121,75,86,64,"万万没想到,AI,人工智能,编程,程序员,学习,高能,科普,分享我的专业知识,代码",“古法编程”这个词一出来，我先笑了。以前程序员不用AI写代码叫基本操作，现在居然成了“古法手艺”。照这趋势下去，未来程序员怕不是要进博物馆现场表演纯手搓代码了。你觉得，不靠AI写代码的人，以后会不会真成“非遗传承人”？关注智冷Shaw，AI时代走前头！,https://i1.hdslb.com/bfs/archive/dedb798ce2c9122234b899598e2262af3e525da5.jpg
1012,开者即死，这四个字震慑了盗墓贼整整1400年,BV1W1ckz1EYk,116215389363710,江寻千,1895195099,手工,7:22,2026-03-12 17:11,1689809,71815,35517,702,773,"文化,闹蛾扑花钗,寻找100位非遗手艺人,非遗,花丝镶嵌,手工艺",,https://i2.hdslb.com/bfs/archive/2bdc919399b36b6c49fcc199af199f86ff1e8252.jpg
1013,在你看到这期视频之前，它，没有观众,BV1Nw4m1k7Mk,1106345646,南翔,596842980,手工,6:6,2024-08-14 16:50,15767248,917337,442020,17326,7673,"一起做手工吧16.0 手工暑期大作战,非遗,打铁花,我的整活手工大赏,非遗传承,炭花舞,七江炭花舞,火壶",-,https://i0.hdslb.com/bfs/archive/c3cc26fc610220badb0b446469ca0ecf63577451.jpg
1014,【非遗美学创业】每周工作一小时，每年躺平收入超七位数,BV1Hm421g7hX,1606157528,村姑欣陶,384402877,财经商业,42:49,2024-07-05 19:40,18723,905,830,59,34,"青年用「财」图鉴,共同富裕,投资,找工作,乡村振兴,非遗美学,创业,李子柒,融资,创业合伙人",作为斜杠财经博主，想做些差异化的内容，可以和大家共同富裕，比如好的合伙创业、商务合作和工作的机会。而且不是在项目极早期，充满高度不确定性的时候介绍给大家，希望是有数据支持的商业模式小DEMO已经跑通的时候，在项目充满生命力蓬勃发展的时候，介绍给大家。作为前投资人，未来也将继续做投资的创业财经博主，将以投资人的角度和创始人对话，探讨创业过程中的挑战和应对方案，希望想创业或者正在创业ing的朋友们有借鉴意义。如果有想和我一起录制视频的创业者，希望自己的项目让更多投资人、创业者、合作伙伴或者未来团队成员看到，欢,https://i0.hdslb.com/bfs/archive/f8cb19204ce43fe8528dd2d144d8ba0dc070a9ca.jpg
1015,非遗植物拓染｜锤出三千年前的中国色,BV1wh72z8EXt,114611957272674,陈二十,22309487,日常,3:45,2025-06-02 17:00,606312,9965,17638,82,104,"非遗,我的手工真的很解压,传统文化,手工,植物拓染",周末如果不想聚会跟人社交，那就试试跟大自然产生链接，动手做一副属于自己独一无二的作品吧~,https://i2.hdslb.com/bfs/archive/cdf4bc1202ff41f59c71c6274c7a043cdc2171d4.jpg
1016,【全程高能】中国各地的非遗年俗能有多震撼？直接看呆了！,BV1XywNeNEd3,113849181145296,司空离,358807,人文历史,7:16,2025-01-18 20:12,2901923,43884,29288,621,338,"2025克穷暴富,民俗,英歌舞,传统文化,年俗,打铁花,非遗",-,https://i2.hdslb.com/bfs/archive/07a04911a2dadb3b495f1beb71f181169a64b619.jpg
1017,为什么都以为排箫是国外乐器？&quot;非遗 &quot;传统文化 &quot;乐器 &quot;,BV1NRwezhEmx,116249379996802,非遗传统手艺哥,3632303318239519,田园美食,2:30,2026-03-18 17:09,1196,60,5,2,4,"制作,文化,寻找100位非遗手艺人,B站好片有奖种草,非物质文化遗产",-,https://i0.hdslb.com/bfs/archive/d15c455bdb33bbcad358aa0ddb7cd3f5b788fdca.jpg
1018,陈都灵四次非遗旗袍变装,BV1i1ZiB6E3G,116097378426485,可爱又迷人旳反派,3493079277373656,明星综合,4:13,2026-02-19 20:55,9081,202,328,5,17,"陈都灵,表演,美女",-,https://i2.hdslb.com/bfs/archive/b8060f153a8c411e26e498e997adf6661f015e7e.jpg
1019,外网热评：中国非遗文化传承《傩戏》外国网友：精准的动作和传统文化的传承，很精彩,BV1WyckzjEd5,116215473242189,轩宝看油管,387967038,日常,1:36,2026-03-12 17:24,1067,12,5,0,0,"传统文化,中国,外网热评,中国非遗,外国网友评论,外网评论,评论翻译,外国人看中国,文化传承,非物质文化遗产",,https://i1.hdslb.com/bfs/archive/734cc883611d5be6e1ef3823234a16f1f8c2d334.jpg
1020,中国文化输出赢麻了！国风舞惊艳全场，街头“非遗喷火”看懵老外,BV14fXVYxEV6,114182427116994,下饭音乐,11173348,乐评盘点,5:45,2025-03-18 16:18,196063,3377,875,253,56,"非遗文化,中国舞,文化输出",,https://i1.hdslb.com/bfs/archive/233a03d3aafc688e7c5bc9fe392337f875fc58ef.jpg
1021,外网看我国非遗文化变装转场！热评：文化自信在此刻具象化！ #非遗文化 #转场 #舞狮 #外国人看中国,BV1mWkzBtEho,115528446251640,星禾搞笑娱乐,1680121791,日常,1:36,2025-11-11 09:25,156079,2194,573,33,39,"中国风,制作,变装转场,B站辩论季！,歪果仁,传统文化,中国,文化",外网看我国非遗文化变装转场！热评：文化自信在此刻具象化！ #非遗文化 #转场 #舞狮 #外国人看中国,https://i0.hdslb.com/bfs/archive/2817e02809a8d3e33c7ece58178345d287ed3ea0.jpg
1022,挑战戏神非遗大片 今天拍的是“傩戏”！,BV1uLByBvELm,115791680838243,-小胡同学呀,262240557,穿搭,2:45,2025-12-27 21:18,1729296,38471,60664,1453,357,"传统文化,冷不丁化妆挑战,胡有姬,葛仙村,戏神,傩戏,非遗,江西,非物质文化遗产,挑战",-,https://i2.hdslb.com/bfs/archive/084a84aa9c8c5dc3386443cd5993a8e3f35b684d.jpg
1023,《针尖上的非遗》纪录片作品,BV1DTwezYEgC,116247752675641,爱学习美女罢了,491748066,影视剪辑,12:40,2026-03-18 10:15,13,0,0,0,0,"纪录片,文化,艺术,非遗",,https://i0.hdslb.com/bfs/archive/8a5752778faa90c0c173dbc419191bacfa40b9ad.jpg
1024,江寻千：把100种非遗，拍成文艺复兴名场面,BV1nvceznEoG,116055401826217,环球人物新媒体,30042311,运动文化,8:7,2026-02-19 09:00,7354,530,246,8,8,"传统文化,文化,中国,非遗",,https://i1.hdslb.com/bfs/archive/f83a1f00a4aa6149581d5a49c0a01bcf3a027dbd.jpg
1025,【纪录片】《中国手作》第一季 木作 第一集 榫卯智慧,BV1mk4y1c7M4,745848737,长安书院_,2147327022,人文历史,121:19,2023-09-09 17:26,166211,2479,12555,99,44,"历史,工匠,科普,人文,木作,榫卯,非遗,手作,纪录片,传统文化",如果觉得还不错，麻烦给个三连！谢谢~,https://i2.hdslb.com/bfs/archive/19f159e05c860021238a410bb02e3138deae4c61.png
1026,你敢信画面、音乐、配音全Ai制作？AIGC赋能文旅非遗新范例,BV1it421u7UK,1754365323,野生Peng友,227377272,AI影像,2:50,2024-05-11 14:14,21363,361,597,3,35,"AI,蜀锦,人工智能,AIGC,AI影像征集大赛,文旅,非遗","历时3个星期，用AI搞了2234张图片+210首音乐+588条视频+49条配音素材
终于抽卡抽出来了，我哭死！！
我已入魔，半夜走在路上看着开过的汽车都像是AI扩散。
收集200多幅古今经典蜀锦纹样为样本，
训练Lora，搭建了comfy ui的新工作流
SD、Runway、Pika........能用的都用了
每天开机都在给显卡上香
求求Sora、Vidu快点吧，真·不想抽卡了!!!",https://i1.hdslb.com/bfs/archive/2254da15574725ebe7a7c4c3767c77464b30795d.jpg
1027,湘西赶尸，改了这么久终于可以发出来了,BV1uemfYrE2h,113487044941023,江寻千,1895195099,人文历史,21:11,2024-11-15 21:07,7827395,424253,209687,17336,8434,"寻找非遗手艺人,未解之谜,赶尸,奇闻,湘西,传统文化,寻找100位非遗手艺人",,https://i1.hdslb.com/bfs/archive/b552ff7f0ddac41eab6a006b935ddc86504c0e8e.jpg
1028,毛晓彤丨福州非遗嘉年华伞舞 拍的最好的版本,BV1NnPtz7EAo,116183730752186,毛曉彤,257442725,国风舞蹈,1:4,2026-03-07 09:00,144049,14678,3257,85,336,"毛晓彤,新春舞蹈集结计划,非遗嘉年华,古典舞,国风舞蹈,仙女,演员,中国风,古风,现场",,https://i0.hdslb.com/bfs/archive/fc4823fb65786cf1aa38b96f3f9a5b8b111df2cd.jpg
1029,用一块木头做个龙猫，给粉丝抽了 #手工diy #非物质文化遗产,BV1QCNFzDEZv,116203930519737,小虾米粒粒,3546890555623747,日常,1:30,2026-03-19 06:32,28,3,0,0,0,"寻找100位非遗手艺人,B站好片有奖种草,原神,文化遗产,非物质文化遗产,电子竞技,DIY,爱情",-,https://i1.hdslb.com/bfs/archive/810eef37255a2b52a5a9eb151888171735f29fa1.jpg
1030,从1块泥巴到上亿天价！非遗汝瓷如何点土成“金”？,BV1rsjmzbEWd,114574342757495,影视飓风,946974,手工,12:5,2025-05-28 17:00,2948282,168993,39702,32794,3557,"碧蓝航线,汝瓷,4K,拍摄,匠人,制作,非遗,碧蓝航线8周年,非物质文化遗产",这些看似不起眼的泥巴和石头，经过巧妙的加工，竟然可能卖出上亿元的天价。作为瓷器的一种，为什么“它”这么值钱？这次我们和@碧蓝航线  一拍即合，前往河南汝州，想带你一起来看看这门传承了千年的中国手艺——汝瓷。如果你喜欢这期视频，请多多支持我们，并把视频分享给你的朋友们一起看看!,https://i0.hdslb.com/bfs/archive/de6649ac16c7c62fab9774d44b60a36965bf8592.jpg
1031,【超燃】中国非遗超燃混剪,BV1a1keYbEF2,113695099261522,万川嘉心,1970823994,影视剪辑,5:25,2024-12-22 14:44,43569,522,935,1,71,"非遗文化分享官,非遗,传统文化,中国,人文历史档案馆2.0",-,https://i0.hdslb.com/bfs/archive/8ee2d7ef1efc6aa7d7727e5abbe06bb3a52eb859.jpg
1032,这个杯子浑身是孔，却滴水不漏,BV1jm84zcExE,114919047503711,江寻千,1895195099,影视剪辑,8:57,2025-07-26 18:28,8061674,297315,157059,4390,3837,"瓷器,传统文化,陶瓷,玲珑瓷,手工,非遗,寻找100位非遗手艺人",,https://i1.hdslb.com/bfs/archive/d3717a4ab06941d7e11769fe1a7e10133677d782.jpg
1033,老祖宗：不管了！好歹非遗传下来了！,BV1sjwez4ENA,116249463881838,料理小咪,18237423,颜值·网红舞,0:36,2026-03-18 17:29,13199,2076,653,122,67,"川剧摇,四时少女,火苗dj,葛仙村,古风","我们来葛仙村玩啦！好好玩！下次还来～
从左到右出境：
玉玲珑：小水泡汤
汉服：西海岸红杉
胡桃：料理小咪
大乔：十元酱少女",https://i2.hdslb.com/bfs/archive/59308324aa32767546f15be431472416fb28151a.jpg
1034,笑不中了！贾旭明老师号都没了，圆桌也没整清楚，又跑到非遗相声大会说相声了哈哈哈哈哈哈，网友：“相声这个行业危险系数这么高吗”哈哈哈哈或许是贾老师危险系数高？,BV1K8NMzYEmj,116192387795647,又一次嗑到了,3546939108886611,娱乐粉丝创作,22:12,2026-03-08 15:37,163503,3921,1214,998,330,"相声,爆笑,搞笑,贾局,段子,贾旭明,讽刺,小品,最新",-,https://i0.hdslb.com/bfs/archive/23c1efe6437884d6ea193d2b052293322e74de66.jpg
1035,"贾旭明郑健相声《贾诗人》高清字幕版,贾旭明非遗相声春晚作品，搞笑不断！",BV1yBPoztEG3,116201934098540,相声茶馆,25375697,搞笑,22:12,2026-03-10 11:05,12543,150,72,19,16,"非遗相声,贾旭明相声,郑健,搞笑相声,非遗,相声小品,贾旭明,相声,春晚,搞笑","贾旭明郑健相声《贾诗人》高清字幕版,贾旭明非遗相声春晚作品，搞笑不断！",https://i1.hdslb.com/bfs/archive/32b9839ce3dd1a1fac4cbb5be6083dddea99bffa.jpg
1036,【央视】综合频道CCTV-1《非遗里的中国》（第一季）,BV1AN411M7VY,493763285,八神逸枫,10289419,综艺,1086:50,2023-11-25 18:26,333808,3674,14407,1972,114,"非遗,人文,文化","https://tv.cctv.com/2022/12/30/VIDAIxSnFuJtsqzH4HZK9Yc4221230.shtml
《非遗里的中国》通过非遗创新秀演、沉浸体验、还原绝技等全新的方式来打开非遗，多维度呈现非遗的创新成果、历史底蕴、中国智慧、东方美学。节目展现非遗在新时代迸发出的焕新力量，呈现非遗时光流变中的一脉相承与继往开来。",https://i0.hdslb.com/bfs/archive/8268536bcc5c0b6c21c2dc540a25c7aad0559223.png
1037,东巴纸,BV1ozw4ztEqm,116228106551729,归乡人山白,3494349557992101,手工,8:10,2026-03-14 23:02,677365,98033,9908,1849,1113,"寻找100位非遗手艺人,东巴纸,纳西族,手工纸,手工艺,手工,原创",纸寿千年，纳西族手工造纸。,https://i1.hdslb.com/bfs/archive/62ed064b30e48ab8740683535ec2a4640da5791a.jpg
1038,中国的42项世界非遗项目 你都知道吗？,BV1NK411G7rv,500654333,中新视频,104092224,社会,4:38,2020-12-19 15:11,28939,680,801,21,38,"世界非遗项目,中国",12月17日晚，中国单独申报的“太极拳”、与马来西亚联合申报的“送王船——有关人与海洋可持续联系的仪式及相关实践”两个项目，经联合国教科文组织保护非物质文化遗产政府间委员会评审通过，列入联合国教科文组织人类非物质文化遗产代表作名录。那么，你知道中国的世界非物质文化遗产项目有多少个？有哪些？快跟我一起增长知识吧！,https://i2.hdslb.com/bfs/archive/f2e9d4d1134718bada898f5f9cce68245e4c7592.jpg
1039,【大学生纪录短片/非遗/剪纸/原创】纸下的时间旅行者【高清1080P】万物理论拯救传统文化,BV1xs411y7CG,5301655,暗海见雪生,25005818,小剧场,15:39,2016-07-12 14:20,390083,7508,12177,347,198,"传统文化,传承,纪录片,冯骥才,万物理论",以乡村七十多岁民间剪纸艺人几十年扎根于民间文化为起点，伴随着生活在城市却致力于剪纸的保护与创新的艺术家郭梅花的故事进行交叉叙事，串起剪纸的历史与发展，民俗与文化。,https://i1.hdslb.com/bfs/archive/36284d6e91d13a830b61de8ac73cc367a4f1f2d7.jpg
1040,谁还不是个rapper！一首歌串起中国43项世界级非遗,BV1FV4y1y78y,870118526,央视新闻,456664753,人文历史,3:13,2023-06-22 09:56,353155,46508,9405,272,783,"非遗,说唱",目前，中国43个项目列入联合国教科文组织，非物质文化遗产名录、名册数量居世界第一。端午节到来之际，央视新闻推出原创音乐MV《非常·非遗》，用一首歌曲串联起这43项世界级非遗项目，以音乐和视觉符号呈现中国式浪漫，彰显古老东方的历史文明之美。,https://i0.hdslb.com/bfs/archive/4b2558b64cc8011d043597b24c184eb78ec51587.jpg
1041,非遗群像MVP结算画面,BV1JwWyzPE74,115387786207195,Locus建鹏,448415359,运动综合,0:33,2025-10-17 13:15,3426804,947395,222099,100260,8884,"逆水寒手游,逆水寒非遗计划,逆水寒次元破壁",-,https://i2.hdslb.com/bfs/archive/b1acff3579f22a0752d4961c7d319667c1866b16.jpg
1042,网红想火想疯了？魔改中国非遗“黄梅戏”，惨遭央视发文“怒”批,BV1oq4y1N7ug,547995107,下饭音乐,11173348,乐评盘点,4:29,2021-09-14 17:10,3642675,192762,15640,47189,12344,"音乐分享官,乐评盘点,周杰伦,小姐姐,漫步人生路,青花瓷,网红翻唱,粤语歌,黄梅戏",要说现在刷手机，新歌没几首，老歌倒是不断被 魔改翻唱~甚至为了流量，网红们跟风拍摄 根本不管歌曲内容~今天饭饭 就带来的几首 被网红玩“变味”的歌，坚持听完的 可都是我的死忠粉呐,https://i2.hdslb.com/bfs/archive/65a0a945e8e351ea4548859398048a400a3bc155.jpg
1043,鬼步、僵尸摔、滚灯……科普19种技惊四座的非遗绝技,BV1kXpWzyE6u,115217564570288,全球顶尖投影,3546744608524364,出行,2:45,2025-09-17 11:45,423695,37473,8866,256,555,"绝技,人文历史档案馆,传统文化,变脸,杂技,戏曲,鬼步,非遗,科普,京剧",,https://i1.hdslb.com/bfs/archive/c60f3ec3e64997d87ead2e58699a3eb49cb40e99.jpg
1044,以朱为信，以泥承魂，印泥，中华文房瑰宝,BV1VanmzbEbt,115293598781324,I彭传明,589188442,手工,22:26,2025-09-30 22:15,335682,28987,2825,1570,500,"中国,原创,文化",-,https://i2.hdslb.com/bfs/archive/9f1331aecca0077f75a416b03dd6219d90c378e5.jpg
1045,这不是迷信，这是中国傩戏。,BV1Xf421v74t,1206450288,唱饭的王小潮,1107899745,人文历史,2:45,2024-08-10 09:58,4003239,421831,190004,3655,4475,"非遗文化,文化,正能量,寻找非遗文化,行走的人文,中国",-,https://i1.hdslb.com/bfs/archive/49daebd4631fa0c00276d9350417f86fbd6af584.jpg
1046,【《浮光》遇到中国非遗】中国的43个世界级非遗，你知道几个？,BV1L1421275U,1555202564,非遗正年轻,156651846,人文历史,4:21,2024-05-27 21:37,70621,1491,2589,17,61,"浮光,周深,世界级非遗,中国,传统文化,历史,非遗,文化",-,https://i0.hdslb.com/bfs/archive/a11d2fe91f98de969d84d93481c666bc65adbd4f.jpg
1047,99%的人没见过这个非遗，可它正在消失,BV14A57zLEd1,114358101284195,摇铃啊摇铃儿,1330962869,人文历史,6:55,2025-04-18 17:10,2833317,123676,118188,4454,1189,"烟花,药发木偶,非遗,温州,寻找100位非遗手艺人,传统文化,寻找100位非遗手艺人 3.0,木偶戏",这是99%的人没听说过的非遗，温州泰顺的药发木偶。是火树银花的真实写照历时四个月，在失望与希望中反复挣扎，这次终于把周尔禄爷爷坚持了一生的热爱，带到了你的面前。因为这项非遗原料的特殊，一直在法律的文化传承的矛盾中挣扎，几度垂危，这期视频，中间有过很多次想放弃的时候，或许是因为我成为了他的第一位年轻“女徒弟”，或许因为这是我家乡的非遗，又或许只是因为它的传承人是周爷爷，这个历经种种磨难，依然在苦难中开出花的，理想主义老头！他真的太好啦87天的争取实在是漫长！可又怎么漫长得过周爷爷60多年，2万多天的坚持呢。,https://i2.hdslb.com/bfs/archive/f1dde5456c9361870e919747e4b14e1c10f212cc.jpg
1048,每周质量报告 | 央视曝光假非遗乱象,BV1Upf9BVEut,116009952416434,央视网,222103174,日常,18:18,2026-02-04 10:20,30411,1851,309,51,81,非遗,,https://i2.hdslb.com/bfs/archive/34738e7584707de16910fa86679013ae30a45b8a.jpg
1049,手写代码的程序员成非遗了❓「古法编程」突然火了❗️,BV1UzwDz1E6w,116243071835663,智冷Shaw,480800563,计算机技术,0:51,2026-03-17 14:22,12246,121,75,86,64,"万万没想到,AI,人工智能,编程,程序员,学习,高能,科普,分享我的专业知识,代码",“古法编程”这个词一出来，我先笑了。以前程序员不用AI写代码叫基本操作，现在居然成了“古法手艺”。照这趋势下去，未来程序员怕不是要进博物馆现场表演纯手搓代码了。你觉得，不靠AI写代码的人，以后会不会真成“非遗传承人”？关注智冷Shaw，AI时代走前头！,https://i1.hdslb.com/bfs/archive/dedb798ce2c9122234b899598e2262af3e525da5.jpg
1050,开者即死，这四个字震慑了盗墓贼整整1400年,BV1W1ckz1EYk,116215389363710,江寻千,1895195099,手工,7:22,2026-03-12 17:11,1689809,71818,35517,702,773,"文化,闹蛾扑花钗,寻找100位非遗手艺人,非遗,花丝镶嵌,手工艺",,https://i2.hdslb.com/bfs/archive/2bdc919399b36b6c49fcc199af199f86ff1e8252.jpg
1051,在你看到这期视频之前，它，没有观众,BV1Nw4m1k7Mk,1106345646,南翔,596842980,手工,6:6,2024-08-14 16:50,15767248,917337,442020,17326,7673,"一起做手工吧16.0 手工暑期大作战,非遗,打铁花,我的整活手工大赏,非遗传承,炭花舞,七江炭花舞,火壶",-,https://i0.hdslb.com/bfs/archive/c3cc26fc610220badb0b446469ca0ecf63577451.jpg
1052,【非遗美学创业】每周工作一小时，每年躺平收入超七位数,BV1Hm421g7hX,1606157528,村姑欣陶,384402877,财经商业,42:49,2024-07-05 19:40,18723,905,830,59,34,"青年用「财」图鉴,共同富裕,投资,找工作,乡村振兴,非遗美学,创业,李子柒,融资,创业合伙人",作为斜杠财经博主，想做些差异化的内容，可以和大家共同富裕，比如好的合伙创业、商务合作和工作的机会。而且不是在项目极早期，充满高度不确定性的时候介绍给大家，希望是有数据支持的商业模式小DEMO已经跑通的时候，在项目充满生命力蓬勃发展的时候，介绍给大家。作为前投资人，未来也将继续做投资的创业财经博主，将以投资人的角度和创始人对话，探讨创业过程中的挑战和应对方案，希望想创业或者正在创业ing的朋友们有借鉴意义。如果有想和我一起录制视频的创业者，希望自己的项目让更多投资人、创业者、合作伙伴或者未来团队成员看到，欢,https://i0.hdslb.com/bfs/archive/f8cb19204ce43fe8528dd2d144d8ba0dc070a9ca.jpg
1053,非遗植物拓染｜锤出三千年前的中国色,BV1wh72z8EXt,114611957272674,陈二十,22309487,日常,3:45,2025-06-02 17:00,606312,9965,17638,82,104,"非遗,我的手工真的很解压,传统文化,手工,植物拓染",周末如果不想聚会跟人社交，那就试试跟大自然产生链接，动手做一副属于自己独一无二的作品吧~,https://i2.hdslb.com/bfs/archive/cdf4bc1202ff41f59c71c6274c7a043cdc2171d4.jpg
1054,【全程高能】中国各地的非遗年俗能有多震撼？直接看呆了！,BV1XywNeNEd3,113849181145296,司空离,358807,人文历史,7:16,2025-01-18 20:12,2901923,43884,29288,621,338,"2025克穷暴富,民俗,英歌舞,传统文化,年俗,打铁花,非遗",-,https://i2.hdslb.com/bfs/archive/07a04911a2dadb3b495f1beb71f181169a64b619.jpg
1055,为什么都以为排箫是国外乐器？&quot;非遗 &quot;传统文化 &quot;乐器 &quot;,BV1NRwezhEmx,116249379996802,非遗传统手艺哥,3632303318239519,田园美食,2:30,2026-03-18 17:09,1196,60,5,2,4,"制作,文化,寻找100位非遗手艺人,B站好片有奖种草,非物质文化遗产",-,https://i0.hdslb.com/bfs/archive/d15c455bdb33bbcad358aa0ddb7cd3f5b788fdca.jpg
1056,陈都灵四次非遗旗袍变装,BV1i1ZiB6E3G,116097378426485,可爱又迷人旳反派,3493079277373656,明星综合,4:13,2026-02-19 20:55,9081,202,328,5,17,"陈都灵,表演,美女",-,https://i2.hdslb.com/bfs/archive/b8060f153a8c411e26e498e997adf6661f015e7e.jpg
1057,外网热评：中国非遗文化传承《傩戏》外国网友：精准的动作和传统文化的传承，很精彩,BV1WyckzjEd5,116215473242189,轩宝看油管,387967038,日常,1:36,2026-03-12 17:24,1067,12,5,0,0,"传统文化,中国,外网热评,中国非遗,外国网友评论,外网评论,评论翻译,外国人看中国,文化传承,非物质文化遗产",,https://i1.hdslb.com/bfs/archive/734cc883611d5be6e1ef3823234a16f1f8c2d334.jpg
1058,中国文化输出赢麻了！国风舞惊艳全场，街头“非遗喷火”看懵老外,BV14fXVYxEV6,114182427116994,下饭音乐,11173348,乐评盘点,5:45,2025-03-18 16:18,196064,3377,875,253,56,"非遗文化,中国舞,文化输出",,https://i1.hdslb.com/bfs/archive/233a03d3aafc688e7c5bc9fe392337f875fc58ef.jpg
1059,外网看我国非遗文化变装转场！热评：文化自信在此刻具象化！ #非遗文化 #转场 #舞狮 #外国人看中国,BV1mWkzBtEho,115528446251640,星禾搞笑娱乐,1680121791,日常,1:36,2025-11-11 09:25,156079,2194,574,33,39,"中国风,制作,变装转场,B站辩论季！,歪果仁,传统文化,中国,文化",外网看我国非遗文化变装转场！热评：文化自信在此刻具象化！ #非遗文化 #转场 #舞狮 #外国人看中国,https://i0.hdslb.com/bfs/archive/2817e02809a8d3e33c7ece58178345d287ed3ea0.jpg
1060,挑战戏神非遗大片 今天拍的是“傩戏”！,BV1uLByBvELm,115791680838243,-小胡同学呀,262240557,穿搭,2:45,2025-12-27 21:18,1729296,38471,60664,1453,357,"传统文化,冷不丁化妆挑战,胡有姬,葛仙村,戏神,傩戏,非遗,江西,非物质文化遗产,挑战",-,https://i2.hdslb.com/bfs/archive/084a84aa9c8c5dc3386443cd5993a8e3f35b684d.jpg
1061,《针尖上的非遗》纪录片作品,BV1DTwezYEgC,116247752675641,爱学习美女罢了,491748066,影视剪辑,12:40,2026-03-18 10:15,13,0,0,0,0,"纪录片,文化,艺术,非遗",,https://i0.hdslb.com/bfs/archive/8a5752778faa90c0c173dbc419191bacfa40b9ad.jpg
1062,江寻千：把100种非遗，拍成文艺复兴名场面,BV1nvceznEoG,116055401826217,环球人物新媒体,30042311,运动文化,8:7,2026-02-19 09:00,7354,530,246,8,8,"传统文化,文化,中国,非遗",,https://i1.hdslb.com/bfs/archive/f83a1f00a4aa6149581d5a49c0a01bcf3a027dbd.jpg
1063,【纪录片】《中国手作》第一季 木作 第一集 榫卯智慧,BV1mk4y1c7M4,745848737,长安书院_,2147327022,人文历史,121:19,2023-09-09 17:26,166211,2479,12555,99,44,"历史,工匠,科普,人文,木作,榫卯,非遗,手作,纪录片,传统文化",如果觉得还不错，麻烦给个三连！谢谢~,https://i2.hdslb.com/bfs/archive/19f159e05c860021238a410bb02e3138deae4c61.png
1064,外网热评：中国非遗！龙须面惊艳外网！一根面能拉千米，中华绝技太绝了,BV1WyckzjE38,116215473245756,轩宝看油管,387967038,日常,2:4,2026-03-12 17:24,2940,44,3,3,1,"外网热评,文化,中国,外国网友评论,外网评论,评论翻译,外国网友,外国人看中国,外网,娱乐资讯",,https://i1.hdslb.com/bfs/archive/017a6b927ce0726e3ae65bc65666be3e5caa1f74.jpg
1065,非遗园,BV1Xdw9zhEyN,116245219247908,dagua009,1299667031,设计·创意,1:6,2026-03-17 23:28,11,0,0,0,0,数字人居,,https://i0.hdslb.com/bfs/archive/9306fa0a4a676fc8ec063be0739972fc1e1339c2.jpg
1066,湘西赶尸，改了这么久终于可以发出来了,BV1uemfYrE2h,113487044941023,江寻千,1895195099,人文历史,21:11,2024-11-15 21:07,7827395,424253,209687,17336,8434,"寻找非遗手艺人,未解之谜,赶尸,奇闻,湘西,传统文化,寻找100位非遗手艺人",,https://i1.hdslb.com/bfs/archive/b552ff7f0ddac41eab6a006b935ddc86504c0e8e.jpg
1067,毛晓彤丨福州非遗嘉年华伞舞 拍的最好的版本,BV1NnPtz7EAo,116183730752186,毛曉彤,257442725,国风舞蹈,1:4,2026-03-07 09:00,144049,14678,3257,85,336,"毛晓彤,新春舞蹈集结计划,非遗嘉年华,古典舞,国风舞蹈,仙女,演员,中国风,古风,现场",,https://i0.hdslb.com/bfs/archive/fc4823fb65786cf1aa38b96f3f9a5b8b111df2cd.jpg
1068,从1块泥巴到上亿天价！非遗汝瓷如何点土成“金”？,BV1rsjmzbEWd,114574342757495,影视飓风,946974,手工,12:5,2025-05-28 17:00,2948282,168993,39702,32794,3557,"碧蓝航线,汝瓷,4K,拍摄,匠人,制作,非遗,碧蓝航线8周年,非物质文化遗产",这些看似不起眼的泥巴和石头，经过巧妙的加工，竟然可能卖出上亿元的天价。作为瓷器的一种，为什么“它”这么值钱？这次我们和@碧蓝航线  一拍即合，前往河南汝州，想带你一起来看看这门传承了千年的中国手艺——汝瓷。如果你喜欢这期视频，请多多支持我们，并把视频分享给你的朋友们一起看看!,https://i0.hdslb.com/bfs/archive/de6649ac16c7c62fab9774d44b60a36965bf8592.jpg
1069,【超燃】中国非遗超燃混剪,BV1a1keYbEF2,113695099261522,万川嘉心,1970823994,影视剪辑,5:25,2024-12-22 14:44,43569,522,935,1,71,"非遗文化分享官,非遗,传统文化,中国,人文历史档案馆2.0",-,https://i0.hdslb.com/bfs/archive/8ee2d7ef1efc6aa7d7727e5abbe06bb3a52eb859.jpg
1070,这个杯子浑身是孔，却滴水不漏,BV1jm84zcExE,114919047503711,江寻千,1895195099,影视剪辑,8:57,2025-07-26 18:28,8061674,297315,157059,4390,3837,"瓷器,传统文化,陶瓷,玲珑瓷,手工,非遗,寻找100位非遗手艺人",,https://i1.hdslb.com/bfs/archive/d3717a4ab06941d7e11769fe1a7e10133677d782.jpg
1071,笑不中了！贾旭明老师号都没了，圆桌也没整清楚，又跑到非遗相声大会说相声了哈哈哈哈哈哈，网友：“相声这个行业危险系数这么高吗”哈哈哈哈或许是贾老师危险系数高？,BV1K8NMzYEmj,116192387795647,又一次嗑到了,3546939108886611,娱乐粉丝创作,22:12,2026-03-08 15:37,163503,3921,1214,998,330,"相声,爆笑,搞笑,贾局,段子,贾旭明,讽刺,小品,最新",-,https://i0.hdslb.com/bfs/archive/23c1efe6437884d6ea193d2b052293322e74de66.jpg
1072,老祖宗：不管了！好歹非遗传下来了！,BV1sjwez4ENA,116249463881838,料理小咪,18237423,颜值·网红舞,0:36,2026-03-18 17:29,13199,2076,653,122,67,"川剧摇,四时少女,火苗dj,葛仙村,古风","我们来葛仙村玩啦！好好玩！下次还来～
从左到右出境：
玉玲珑：小水泡汤
汉服：西海岸红杉
胡桃：料理小咪
大乔：十元酱少女",https://i2.hdslb.com/bfs/archive/59308324aa32767546f15be431472416fb28151a.jpg
1073,"贾旭明郑健相声《贾诗人》高清字幕版,贾旭明非遗相声春晚作品，搞笑不断！",BV1yBPoztEG3,116201934098540,相声茶馆,25375697,搞笑,22:12,2026-03-10 11:05,12543,150,72,19,16,"非遗相声,贾旭明相声,郑健,搞笑相声,非遗,相声小品,贾旭明,相声,春晚,搞笑","贾旭明郑健相声《贾诗人》高清字幕版,贾旭明非遗相声春晚作品，搞笑不断！",https://i1.hdslb.com/bfs/archive/32b9839ce3dd1a1fac4cbb5be6083dddea99bffa.jpg
1074,【央视】综合频道CCTV-1《非遗里的中国》（第一季）,BV1AN411M7VY,493763285,八神逸枫,10289419,综艺,1086:50,2023-11-25 18:26,333808,3674,14407,1972,114,"非遗,人文,文化","https://tv.cctv.com/2022/12/30/VIDAIxSnFuJtsqzH4HZK9Yc4221230.shtml
《非遗里的中国》通过非遗创新秀演、沉浸体验、还原绝技等全新的方式来打开非遗，多维度呈现非遗的创新成果、历史底蕴、中国智慧、东方美学。节目展现非遗在新时代迸发出的焕新力量，呈现非遗时光流变中的一脉相承与继往开来。",https://i0.hdslb.com/bfs/archive/8268536bcc5c0b6c21c2dc540a25c7aad0559223.png
1075,东巴纸,BV1ozw4ztEqm,116228106551729,归乡人山白,3494349557992101,手工,8:10,2026-03-14 23:02,677365,98033,9908,1849,1113,"寻找100位非遗手艺人,东巴纸,纳西族,手工纸,手工艺,手工,原创",纸寿千年，纳西族手工造纸。,https://i1.hdslb.com/bfs/archive/62ed064b30e48ab8740683535ec2a4640da5791a.jpg
1076,中国的42项世界非遗项目 你都知道吗？,BV1NK411G7rv,500654333,中新视频,104092224,社会,4:38,2020-12-19 15:11,28939,680,801,21,38,"世界非遗项目,中国",12月17日晚，中国单独申报的“太极拳”、与马来西亚联合申报的“送王船——有关人与海洋可持续联系的仪式及相关实践”两个项目，经联合国教科文组织保护非物质文化遗产政府间委员会评审通过，列入联合国教科文组织人类非物质文化遗产代表作名录。那么，你知道中国的世界非物质文化遗产项目有多少个？有哪些？快跟我一起增长知识吧！,https://i2.hdslb.com/bfs/archive/f2e9d4d1134718bada898f5f9cce68245e4c7592.jpg
1077,【大学生纪录短片/非遗/剪纸/原创】纸下的时间旅行者【高清1080P】万物理论拯救传统文化,BV1xs411y7CG,5301655,暗海见雪生,25005818,小剧场,15:39,2016-07-12 14:20,390083,7508,12177,347,198,"传统文化,传承,纪录片,冯骥才,万物理论",以乡村七十多岁民间剪纸艺人几十年扎根于民间文化为起点，伴随着生活在城市却致力于剪纸的保护与创新的艺术家郭梅花的故事进行交叉叙事，串起剪纸的历史与发展，民俗与文化。,https://i1.hdslb.com/bfs/archive/36284d6e91d13a830b61de8ac73cc367a4f1f2d7.jpg
1078,非遗群像MVP结算画面,BV1JwWyzPE74,115387786207195,Locus建鹏,448415359,运动综合,0:33,2025-10-17 13:15,3426804,947395,222099,100260,8884,"逆水寒手游,逆水寒非遗计划,逆水寒次元破壁",-,https://i2.hdslb.com/bfs/archive/b1acff3579f22a0752d4961c7d319667c1866b16.jpg
1079,谁还不是个rapper！一首歌串起中国43项世界级非遗,BV1FV4y1y78y,870118526,央视新闻,456664753,人文历史,3:13,2023-06-22 09:56,353155,46508,9405,272,783,"非遗,说唱",目前，中国43个项目列入联合国教科文组织，非物质文化遗产名录、名册数量居世界第一。端午节到来之际，央视新闻推出原创音乐MV《非常·非遗》，用一首歌曲串联起这43项世界级非遗项目，以音乐和视觉符号呈现中国式浪漫，彰显古老东方的历史文明之美。,https://i0.hdslb.com/bfs/archive/4b2558b64cc8011d043597b24c184eb78ec51587.jpg
1080,网红想火想疯了？魔改中国非遗“黄梅戏”，惨遭央视发文“怒”批,BV1oq4y1N7ug,547995107,下饭音乐,11173348,乐评盘点,4:29,2021-09-14 17:10,3642675,192762,15640,47189,12344,"音乐分享官,乐评盘点,周杰伦,小姐姐,漫步人生路,青花瓷,网红翻唱,粤语歌,黄梅戏",要说现在刷手机，新歌没几首，老歌倒是不断被 魔改翻唱~甚至为了流量，网红们跟风拍摄 根本不管歌曲内容~今天饭饭 就带来的几首 被网红玩“变味”的歌，坚持听完的 可都是我的死忠粉呐,https://i2.hdslb.com/bfs/archive/65a0a945e8e351ea4548859398048a400a3bc155.jpg
1081,鬼步、僵尸摔、滚灯……科普19种技惊四座的非遗绝技,BV1kXpWzyE6u,115217564570288,全球顶尖投影,3546744608524364,出行,2:45,2025-09-17 11:45,423695,37473,8866,256,555,"绝技,人文历史档案馆,传统文化,变脸,杂技,戏曲,鬼步,非遗,科普,京剧",,https://i1.hdslb.com/bfs/archive/c60f3ec3e64997d87ead2e58699a3eb49cb40e99.jpg
1082,这不是迷信，这是中国傩戏。,BV1Xf421v74t,1206450288,唱饭的王小潮,1107899745,人文历史,2:45,2024-08-10 09:58,4003239,421831,190005,3655,4475,"非遗文化,文化,正能量,寻找非遗文化,行走的人文,中国",-,https://i1.hdslb.com/bfs/archive/49daebd4631fa0c00276d9350417f86fbd6af584.jpg
1083,以朱为信，以泥承魂，印泥，中华文房瑰宝,BV1VanmzbEbt,115293598781324,I彭传明,589188442,手工,22:26,2025-09-30 22:15,335682,28987,2825,1570,500,"中国,原创,文化",-,https://i2.hdslb.com/bfs/archive/9f1331aecca0077f75a416b03dd6219d90c378e5.jpg
1084,【《浮光》遇到中国非遗】中国的43个世界级非遗，你知道几个？,BV1L1421275U,1555202564,非遗正年轻,156651846,人文历史,4:21,2024-05-27 21:37,70621,1491,2589,17,61,"浮光,周深,世界级非遗,中国,传统文化,历史,非遗,文化",-,https://i0.hdslb.com/bfs/archive/a11d2fe91f98de969d84d93481c666bc65adbd4f.jpg
1085,每周质量报告 | 央视曝光假非遗乱象,BV1Upf9BVEut,116009952416434,央视网,222103174,日常,18:18,2026-02-04 10:20,30411,1851,309,51,81,非遗,,https://i2.hdslb.com/bfs/archive/34738e7584707de16910fa86679013ae30a45b8a.jpg
1086,手写代码的程序员成非遗了❓「古法编程」突然火了❗️,BV1UzwDz1E6w,116243071835663,智冷Shaw,480800563,计算机技术,0:51,2026-03-17 14:22,12246,121,75,86,64,"万万没想到,AI,人工智能,编程,程序员,学习,高能,科普,分享我的专业知识,代码",“古法编程”这个词一出来，我先笑了。以前程序员不用AI写代码叫基本操作，现在居然成了“古法手艺”。照这趋势下去，未来程序员怕不是要进博物馆现场表演纯手搓代码了。你觉得，不靠AI写代码的人，以后会不会真成“非遗传承人”？关注智冷Shaw，AI时代走前头！,https://i1.hdslb.com/bfs/archive/dedb798ce2c9122234b899598e2262af3e525da5.jpg
1087,【非遗美学创业】每周工作一小时，每年躺平收入超七位数,BV1Hm421g7hX,1606157528,村姑欣陶,384402877,财经商业,42:49,2024-07-05 19:40,18723,905,830,59,34,"青年用「财」图鉴,共同富裕,投资,找工作,乡村振兴,非遗美学,创业,李子柒,融资,创业合伙人",作为斜杠财经博主，想做些差异化的内容，可以和大家共同富裕，比如好的合伙创业、商务合作和工作的机会。而且不是在项目极早期，充满高度不确定性的时候介绍给大家，希望是有数据支持的商业模式小DEMO已经跑通的时候，在项目充满生命力蓬勃发展的时候，介绍给大家。作为前投资人，未来也将继续做投资的创业财经博主，将以投资人的角度和创始人对话，探讨创业过程中的挑战和应对方案，希望想创业或者正在创业ing的朋友们有借鉴意义。如果有想和我一起录制视频的创业者，希望自己的项目让更多投资人、创业者、合作伙伴或者未来团队成员看到，欢,https://i0.hdslb.com/bfs/archive/f8cb19204ce43fe8528dd2d144d8ba0dc070a9ca.jpg
1088,99%的人没见过这个非遗，可它正在消失,BV14A57zLEd1,114358101284195,摇铃啊摇铃儿,1330962869,人文历史,6:55,2025-04-18 17:10,2833317,123676,118188,4454,1189,"烟花,药发木偶,非遗,温州,寻找100位非遗手艺人,传统文化,寻找100位非遗手艺人 3.0,木偶戏",这是99%的人没听说过的非遗，温州泰顺的药发木偶。是火树银花的真实写照历时四个月，在失望与希望中反复挣扎，这次终于把周尔禄爷爷坚持了一生的热爱，带到了你的面前。因为这项非遗原料的特殊，一直在法律的文化传承的矛盾中挣扎，几度垂危，这期视频，中间有过很多次想放弃的时候，或许是因为我成为了他的第一位年轻“女徒弟”，或许因为这是我家乡的非遗，又或许只是因为它的传承人是周爷爷，这个历经种种磨难，依然在苦难中开出花的，理想主义老头！他真的太好啦87天的争取实在是漫长！可又怎么漫长得过周爷爷60多年，2万多天的坚持呢。,https://i2.hdslb.com/bfs/archive/f1dde5456c9361870e919747e4b14e1c10f212cc.jpg
1089,开者即死，这四个字震慑了盗墓贼整整1400年,BV1W1ckz1EYk,116215389363710,江寻千,1895195099,手工,7:22,2026-03-12 17:11,1689809,71818,35517,702,773,"文化,闹蛾扑花钗,寻找100位非遗手艺人,非遗,花丝镶嵌,手工艺",,https://i2.hdslb.com/bfs/archive/2bdc919399b36b6c49fcc199af199f86ff1e8252.jpg
1090,在你看到这期视频之前，它，没有观众,BV1Nw4m1k7Mk,1106345646,南翔,596842980,手工,6:6,2024-08-14 16:50,15767248,917337,442020,17326,7673,"一起做手工吧16.0 手工暑期大作战,非遗,打铁花,我的整活手工大赏,非遗传承,炭花舞,七江炭花舞,火壶",-,https://i0.hdslb.com/bfs/archive/c3cc26fc610220badb0b446469ca0ecf63577451.jpg
1091,非遗植物拓染｜锤出三千年前的中国色,BV1wh72z8EXt,114611957272674,陈二十,22309487,日常,3:45,2025-06-02 17:00,606312,9965,17638,82,104,"非遗,我的手工真的很解压,传统文化,手工,植物拓染",周末如果不想聚会跟人社交，那就试试跟大自然产生链接，动手做一副属于自己独一无二的作品吧~,https://i2.hdslb.com/bfs/archive/cdf4bc1202ff41f59c71c6274c7a043cdc2171d4.jpg
1092,为什么都以为排箫是国外乐器？&quot;非遗 &quot;传统文化 &quot;乐器 &quot;,BV1NRwezhEmx,116249379996802,非遗传统手艺哥,3632303318239519,田园美食,2:30,2026-03-18 17:09,1196,60,5,2,4,"制作,文化,寻找100位非遗手艺人,B站好片有奖种草,非物质文化遗产",-,https://i0.hdslb.com/bfs/archive/d15c455bdb33bbcad358aa0ddb7cd3f5b788fdca.jpg
1093,陈都灵四次非遗旗袍变装,BV1i1ZiB6E3G,116097378426485,可爱又迷人旳反派,3493079277373656,明星综合,4:13,2026-02-19 20:55,9081,202,328,5,17,"陈都灵,表演,美女",-,https://i2.hdslb.com/bfs/archive/b8060f153a8c411e26e498e997adf6661f015e7e.jpg
1094,【全程高能】中国各地的非遗年俗能有多震撼？直接看呆了！,BV1XywNeNEd3,113849181145296,司空离,358807,人文历史,7:16,2025-01-18 20:12,2901923,43884,29288,621,338,"2025克穷暴富,民俗,英歌舞,传统文化,年俗,打铁花,非遗",-,https://i2.hdslb.com/bfs/archive/07a04911a2dadb3b495f1beb71f181169a64b619.jpg
1095,外网热评：中国非遗文化传承《傩戏》外国网友：精准的动作和传统文化的传承，很精彩,BV1WyckzjEd5,116215473242189,轩宝看油管,387967038,日常,1:36,2026-03-12 17:24,1067,12,5,0,0,"传统文化,中国,外网热评,中国非遗,外国网友评论,外网评论,评论翻译,外国人看中国,文化传承,非物质文化遗产",,https://i1.hdslb.com/bfs/archive/734cc883611d5be6e1ef3823234a16f1f8c2d334.jpg
1096,中国文化输出赢麻了！国风舞惊艳全场，街头“非遗喷火”看懵老外,BV14fXVYxEV6,114182427116994,下饭音乐,11173348,乐评盘点,5:45,2025-03-18 16:18,196064,3377,875,253,56,"非遗文化,中国舞,文化输出",,https://i1.hdslb.com/bfs/archive/233a03d3aafc688e7c5bc9fe392337f875fc58ef.jpg
1097,外网看我国非遗文化变装转场！热评：文化自信在此刻具象化！ #非遗文化 #转场 #舞狮 #外国人看中国,BV1mWkzBtEho,115528446251640,星禾搞笑娱乐,1680121791,日常,1:36,2025-11-11 09:25,156079,2194,574,33,39,"中国风,制作,变装转场,B站辩论季！,歪果仁,传统文化,中国,文化",外网看我国非遗文化变装转场！热评：文化自信在此刻具象化！ #非遗文化 #转场 #舞狮 #外国人看中国,https://i0.hdslb.com/bfs/archive/2817e02809a8d3e33c7ece58178345d287ed3ea0.jpg
1098,挑战戏神非遗大片 今天拍的是“傩戏”！,BV1uLByBvELm,115791680838243,-小胡同学呀,262240557,穿搭,2:45,2025-12-27 21:18,1729296,38471,60664,1453,357,"传统文化,冷不丁化妆挑战,胡有姬,葛仙村,戏神,傩戏,非遗,江西,非物质文化遗产,挑战",-,https://i2.hdslb.com/bfs/archive/084a84aa9c8c5dc3386443cd5993a8e3f35b684d.jpg
1099,《针尖上的非遗》纪录片作品,BV1DTwezYEgC,116247752675641,爱学习美女罢了,491748066,影视剪辑,12:40,2026-03-18 10:15,13,0,0,0,0,"纪录片,文化,艺术,非遗",,https://i0.hdslb.com/bfs/archive/8a5752778faa90c0c173dbc419191bacfa40b9ad.jpg
1100,外网热评：中国非遗！龙须面惊艳外网！一根面能拉千米，中华绝技太绝了,BV1WyckzjE38,116215473245756,轩宝看油管,387967038,日常,2:4,2026-03-12 17:24,2940,44,3,3,1,"外网热评,文化,中国,外国网友评论,外网评论,评论翻译,外国网友,外国人看中国,外网,娱乐资讯",,https://i1.hdslb.com/bfs/archive/017a6b927ce0726e3ae65bc65666be3e5caa1f74.jpg
1101,你敢信画面、音乐、配音全Ai制作？AIGC赋能文旅非遗新范例,BV1it421u7UK,1754365323,野生Peng友,227377272,AI影像,2:50,2024-05-11 14:14,21363,361,597,3,35,"AI,蜀锦,人工智能,AIGC,AI影像征集大赛,文旅,非遗","历时3个星期，用AI搞了2234张图片+210首音乐+588条视频+49条配音素材
终于抽卡抽出来了，我哭死！！
我已入魔，半夜走在路上看着开过的汽车都像是AI扩散。
收集200多幅古今经典蜀锦纹样为样本，
训练Lora，搭建了comfy ui的新工作流
SD、Runway、Pika........能用的都用了
每天开机都在给显卡上香
求求Sora、Vidu快点吧，真·不想抽卡了!!!",https://i1.hdslb.com/bfs/archive/2254da15574725ebe7a7c4c3767c77464b30795d.jpg
1102,赶紧一起学麻将！#这是我的非遗献礼  #一见爱上传统文化 #麻将   #科普,BV1bmwezKE22,116249396841444,走遍中国博物馆,1951435127,人文历史,1:34,2026-03-18 17:15,1567,91,24,2,6,"传统文化,万物研究所,非遗,传承,科普,文化,麻将",-,https://i1.hdslb.com/bfs/archive/de99b77c698a51739b46c779c6d57687c72bc479.jpg
1103,非遗园,BV1Xdw9zhEyN,116245219247908,dagua009,1299667031,设计·创意,1:6,2026-03-17 23:28,11,0,0,0,0,数字人居,,https://i0.hdslb.com/bfs/archive/9306fa0a4a676fc8ec063be0739972fc1e1339c2.jpg
1104,毛晓彤丨福州非遗嘉年华伞舞 拍的最好的版本,BV1NnPtz7EAo,116183730752186,毛曉彤,257442725,国风舞蹈,1:4,2026-03-07 09:00,144049,14678,3257,85,336,"毛晓彤,新春舞蹈集结计划,非遗嘉年华,古典舞,国风舞蹈,仙女,演员,中国风,古风,现场",,https://i0.hdslb.com/bfs/archive/fc4823fb65786cf1aa38b96f3f9a5b8b111df2cd.jpg
1105,贵州非遗从不让人失望！30秒解锁贵州“村晚”的非遗名场面,BV1RowYzgE5D,116247803010442,贵州2频道百姓关注,4351252,社会,0:35,2026-03-18 10:28,920,9,0,0,0,"生活记录,传统文化,中国风,高能,贵州村晚,政媒扶持计划,非物质文化遗产,贵州,记录",别眨眼！跟随2026贵州“村晚”的镜头，一起去挖掘惊艳的贵州非遗！石阡说春传古韵，安顺地戏演六百年风云……非遗精华轮番亮相，传统文化在新时代舞台上生生不息，这才是真正的文化盛宴！,https://i0.hdslb.com/bfs/archive/b1cb00cd3bb4cc465ec1cd62f288ec559ddb1b46.jpg
1106,从1块泥巴到上亿天价！非遗汝瓷如何点土成“金”？,BV1rsjmzbEWd,114574342757495,影视飓风,946974,手工,12:5,2025-05-28 17:00,2948282,168993,39702,32794,3557,"碧蓝航线,汝瓷,4K,拍摄,匠人,制作,非遗,碧蓝航线8周年,非物质文化遗产",这些看似不起眼的泥巴和石头，经过巧妙的加工，竟然可能卖出上亿元的天价。作为瓷器的一种，为什么“它”这么值钱？这次我们和@碧蓝航线  一拍即合，前往河南汝州，想带你一起来看看这门传承了千年的中国手艺——汝瓷。如果你喜欢这期视频，请多多支持我们，并把视频分享给你的朋友们一起看看!,https://i0.hdslb.com/bfs/archive/de6649ac16c7c62fab9774d44b60a36965bf8592.jpg
1107,【超燃】中国非遗超燃混剪,BV1a1keYbEF2,113695099261522,万川嘉心,1970823994,影视剪辑,5:25,2024-12-22 14:44,43569,522,935,1,71,"非遗文化分享官,非遗,传统文化,中国,人文历史档案馆2.0",-,https://i0.hdslb.com/bfs/archive/8ee2d7ef1efc6aa7d7727e5abbe06bb3a52eb859.jpg
1108,这个杯子浑身是孔，却滴水不漏,BV1jm84zcExE,114919047503711,江寻千,1895195099,影视剪辑,8:57,2025-07-26 18:28,8061674,297315,157059,4390,3837,"瓷器,传统文化,陶瓷,玲珑瓷,手工,非遗,寻找100位非遗手艺人",,https://i1.hdslb.com/bfs/archive/d3717a4ab06941d7e11769fe1a7e10133677d782.jpg
1109,老祖宗：不管了！好歹非遗传下来了！,BV1sjwez4ENA,116249463881838,料理小咪,18237423,颜值·网红舞,0:36,2026-03-18 17:29,13199,2076,653,122,67,"川剧摇,四时少女,火苗dj,葛仙村,古风","我们来葛仙村玩啦！好好玩！下次还来～
从左到右出境：
玉玲珑：小水泡汤
汉服：西海岸红杉
胡桃：料理小咪
大乔：十元酱少女",https://i2.hdslb.com/bfs/archive/59308324aa32767546f15be431472416fb28151a.jpg
1110,笑不中了！贾旭明老师号都没了，圆桌也没整清楚，又跑到非遗相声大会说相声了哈哈哈哈哈哈，网友：“相声这个行业危险系数这么高吗”哈哈哈哈或许是贾老师危险系数高？,BV1K8NMzYEmj,116192387795647,又一次嗑到了,3546939108886611,娱乐粉丝创作,22:12,2026-03-08 15:37,163503,3921,1214,998,330,"相声,爆笑,搞笑,贾局,段子,贾旭明,讽刺,小品,最新",-,https://i0.hdslb.com/bfs/archive/23c1efe6437884d6ea193d2b052293322e74de66.jpg
1111,"贾旭明郑健相声《贾诗人》高清字幕版,贾旭明非遗相声春晚作品，搞笑不断！",BV1yBPoztEG3,116201934098540,相声茶馆,25375697,搞笑,22:12,2026-03-10 11:05,12543,150,72,19,16,"非遗相声,贾旭明相声,郑健,搞笑相声,非遗,相声小品,贾旭明,相声,春晚,搞笑","贾旭明郑健相声《贾诗人》高清字幕版,贾旭明非遗相声春晚作品，搞笑不断！",https://i1.hdslb.com/bfs/archive/32b9839ce3dd1a1fac4cbb5be6083dddea99bffa.jpg
1112,【央视】综合频道CCTV-1《非遗里的中国》（第一季）,BV1AN411M7VY,493763285,八神逸枫,10289419,综艺,1086:50,2023-11-25 18:26,333808,3674,14407,1972,114,"非遗,人文,文化","https://tv.cctv.com/2022/12/30/VIDAIxSnFuJtsqzH4HZK9Yc4221230.shtml
《非遗里的中国》通过非遗创新秀演、沉浸体验、还原绝技等全新的方式来打开非遗，多维度呈现非遗的创新成果、历史底蕴、中国智慧、东方美学。节目展现非遗在新时代迸发出的焕新力量，呈现非遗时光流变中的一脉相承与继往开来。",https://i0.hdslb.com/bfs/archive/8268536bcc5c0b6c21c2dc540a25c7aad0559223.png
1113,东巴纸,BV1ozw4ztEqm,116228106551729,归乡人山白,3494349557992101,手工,8:10,2026-03-14 23:02,677365,98033,9908,1849,1113,"寻找100位非遗手艺人,东巴纸,纳西族,手工纸,手工艺,手工,原创",纸寿千年，纳西族手工造纸。,https://i1.hdslb.com/bfs/archive/62ed064b30e48ab8740683535ec2a4640da5791a.jpg
1114,中国的42项世界非遗项目 你都知道吗？,BV1NK411G7rv,500654333,中新视频,104092224,社会,4:38,2020-12-19 15:11,28939,680,801,21,38,"世界非遗项目,中国",12月17日晚，中国单独申报的“太极拳”、与马来西亚联合申报的“送王船——有关人与海洋可持续联系的仪式及相关实践”两个项目，经联合国教科文组织保护非物质文化遗产政府间委员会评审通过，列入联合国教科文组织人类非物质文化遗产代表作名录。那么，你知道中国的世界非物质文化遗产项目有多少个？有哪些？快跟我一起增长知识吧！,https://i2.hdslb.com/bfs/archive/f2e9d4d1134718bada898f5f9cce68245e4c7592.jpg
1115,【大学生纪录短片/非遗/剪纸/原创】纸下的时间旅行者【高清1080P】万物理论拯救传统文化,BV1xs411y7CG,5301655,暗海见雪生,25005818,小剧场,15:39,2016-07-12 14:20,390084,7508,12177,347,198,"传统文化,传承,纪录片,冯骥才,万物理论",以乡村七十多岁民间剪纸艺人几十年扎根于民间文化为起点，伴随着生活在城市却致力于剪纸的保护与创新的艺术家郭梅花的故事进行交叉叙事，串起剪纸的历史与发展，民俗与文化。,https://i1.hdslb.com/bfs/archive/36284d6e91d13a830b61de8ac73cc367a4f1f2d7.jpg
1116,谁还不是个rapper！一首歌串起中国43项世界级非遗,BV1FV4y1y78y,870118526,央视新闻,456664753,人文历史,3:13,2023-06-22 09:56,353155,46508,9405,272,783,"非遗,说唱",目前，中国43个项目列入联合国教科文组织，非物质文化遗产名录、名册数量居世界第一。端午节到来之际，央视新闻推出原创音乐MV《非常·非遗》，用一首歌曲串联起这43项世界级非遗项目，以音乐和视觉符号呈现中国式浪漫，彰显古老东方的历史文明之美。,https://i0.hdslb.com/bfs/archive/4b2558b64cc8011d043597b24c184eb78ec51587.jpg
1117,非遗群像MVP结算画面,BV1JwWyzPE74,115387786207195,Locus建鹏,448415359,运动综合,0:33,2025-10-17 13:15,3426804,947395,222099,100260,8884,"逆水寒手游,逆水寒非遗计划,逆水寒次元破壁",-,https://i2.hdslb.com/bfs/archive/b1acff3579f22a0752d4961c7d319667c1866b16.jpg
1118,网红想火想疯了？魔改中国非遗“黄梅戏”，惨遭央视发文“怒”批,BV1oq4y1N7ug,547995107,下饭音乐,11173348,乐评盘点,4:29,2021-09-14 17:10,3642675,192762,15640,47189,12344,"音乐分享官,乐评盘点,周杰伦,小姐姐,漫步人生路,青花瓷,网红翻唱,粤语歌,黄梅戏",要说现在刷手机，新歌没几首，老歌倒是不断被 魔改翻唱~甚至为了流量，网红们跟风拍摄 根本不管歌曲内容~今天饭饭 就带来的几首 被网红玩“变味”的歌，坚持听完的 可都是我的死忠粉呐,https://i2.hdslb.com/bfs/archive/65a0a945e8e351ea4548859398048a400a3bc155.jpg
1119,鬼步、僵尸摔、滚灯……科普19种技惊四座的非遗绝技,BV1kXpWzyE6u,115217564570288,全球顶尖投影,3546744608524364,出行,2:45,2025-09-17 11:45,423695,37473,8866,256,555,"绝技,人文历史档案馆,传统文化,变脸,杂技,戏曲,鬼步,非遗,科普,京剧",,https://i1.hdslb.com/bfs/archive/c60f3ec3e64997d87ead2e58699a3eb49cb40e99.jpg
1120,以朱为信，以泥承魂，印泥，中华文房瑰宝,BV1VanmzbEbt,115293598781324,I彭传明,589188442,手工,22:26,2025-09-30 22:15,335682,28987,2825,1570,500,"中国,原创,文化",-,https://i2.hdslb.com/bfs/archive/9f1331aecca0077f75a416b03dd6219d90c378e5.jpg
1121,这不是迷信，这是中国傩戏。,BV1Xf421v74t,1206450288,唱饭的王小潮,1107899745,人文历史,2:45,2024-08-10 09:58,4003239,421831,190005,3655,4475,"非遗文化,文化,正能量,寻找非遗文化,行走的人文,中国",-,https://i1.hdslb.com/bfs/archive/49daebd4631fa0c00276d9350417f86fbd6af584.jpg
1122,【《浮光》遇到中国非遗】中国的43个世界级非遗，你知道几个？,BV1L1421275U,1555202564,非遗正年轻,156651846,人文历史,4:21,2024-05-27 21:37,70621,1491,2589,17,61,"浮光,周深,世界级非遗,中国,传统文化,历史,非遗,文化",-,https://i0.hdslb.com/bfs/archive/a11d2fe91f98de969d84d93481c666bc65adbd4f.jpg
1123,99%的人没见过这个非遗，可它正在消失,BV14A57zLEd1,114358101284195,摇铃啊摇铃儿,1330962869,人文历史,6:55,2025-04-18 17:10,2833317,123676,118188,4454,1189,"烟花,药发木偶,非遗,温州,寻找100位非遗手艺人,传统文化,寻找100位非遗手艺人 3.0,木偶戏",这是99%的人没听说过的非遗，温州泰顺的药发木偶。是火树银花的真实写照历时四个月，在失望与希望中反复挣扎，这次终于把周尔禄爷爷坚持了一生的热爱，带到了你的面前。因为这项非遗原料的特殊，一直在法律的文化传承的矛盾中挣扎，几度垂危，这期视频，中间有过很多次想放弃的时候，或许是因为我成为了他的第一位年轻“女徒弟”，或许因为这是我家乡的非遗，又或许只是因为它的传承人是周爷爷，这个历经种种磨难，依然在苦难中开出花的，理想主义老头！他真的太好啦87天的争取实在是漫长！可又怎么漫长得过周爷爷60多年，2万多天的坚持呢。,https://i2.hdslb.com/bfs/archive/f1dde5456c9361870e919747e4b14e1c10f212cc.jpg
1124,每周质量报告 | 央视曝光假非遗乱象,BV1Upf9BVEut,116009952416434,央视网,222103174,日常,18:18,2026-02-04 10:20,30411,1851,309,51,81,非遗,,https://i2.hdslb.com/bfs/archive/34738e7584707de16910fa86679013ae30a45b8a.jpg
1125,手写代码的程序员成非遗了❓「古法编程」突然火了❗️,BV1UzwDz1E6w,116243071835663,智冷Shaw,480800563,计算机技术,0:51,2026-03-17 14:22,12246,121,75,86,64,"万万没想到,AI,人工智能,编程,程序员,学习,高能,科普,分享我的专业知识,代码",“古法编程”这个词一出来，我先笑了。以前程序员不用AI写代码叫基本操作，现在居然成了“古法手艺”。照这趋势下去，未来程序员怕不是要进博物馆现场表演纯手搓代码了。你觉得，不靠AI写代码的人，以后会不会真成“非遗传承人”？关注智冷Shaw，AI时代走前头！,https://i1.hdslb.com/bfs/archive/dedb798ce2c9122234b899598e2262af3e525da5.jpg
1126,开者即死，这四个字震慑了盗墓贼整整1400年,BV1W1ckz1EYk,116215389363710,江寻千,1895195099,手工,7:22,2026-03-12 17:11,1689809,71818,35517,702,773,"文化,闹蛾扑花钗,寻找100位非遗手艺人,非遗,花丝镶嵌,手工艺",,https://i2.hdslb.com/bfs/archive/2bdc919399b36b6c49fcc199af199f86ff1e8252.jpg
1127,在你看到这期视频之前，它，没有观众,BV1Nw4m1k7Mk,1106345646,南翔,596842980,手工,6:6,2024-08-14 16:50,15767248,917337,442020,17326,7673,"一起做手工吧16.0 手工暑期大作战,非遗,打铁花,我的整活手工大赏,非遗传承,炭花舞,七江炭花舞,火壶",-,https://i0.hdslb.com/bfs/archive/c3cc26fc610220badb0b446469ca0ecf63577451.jpg
1128,【非遗美学创业】每周工作一小时，每年躺平收入超七位数,BV1Hm421g7hX,1606157528,村姑欣陶,384402877,财经商业,42:49,2024-07-05 19:40,18723,905,830,59,34,"青年用「财」图鉴,共同富裕,投资,找工作,乡村振兴,非遗美学,创业,李子柒,融资,创业合伙人",作为斜杠财经博主，想做些差异化的内容，可以和大家共同富裕，比如好的合伙创业、商务合作和工作的机会。而且不是在项目极早期，充满高度不确定性的时候介绍给大家，希望是有数据支持的商业模式小DEMO已经跑通的时候，在项目充满生命力蓬勃发展的时候，介绍给大家。作为前投资人，未来也将继续做投资的创业财经博主，将以投资人的角度和创始人对话，探讨创业过程中的挑战和应对方案，希望想创业或者正在创业ing的朋友们有借鉴意义。如果有想和我一起录制视频的创业者，希望自己的项目让更多投资人、创业者、合作伙伴或者未来团队成员看到，欢,https://i0.hdslb.com/bfs/archive/f8cb19204ce43fe8528dd2d144d8ba0dc070a9ca.jpg
1129,非遗植物拓染｜锤出三千年前的中国色,BV1wh72z8EXt,114611957272674,陈二十,22309487,日常,3:45,2025-06-02 17:00,606312,9965,17638,82,104,"非遗,我的手工真的很解压,传统文化,手工,植物拓染",周末如果不想聚会跟人社交，那就试试跟大自然产生链接，动手做一副属于自己独一无二的作品吧~,https://i2.hdslb.com/bfs/archive/cdf4bc1202ff41f59c71c6274c7a043cdc2171d4.jpg
1130,【全程高能】中国各地的非遗年俗能有多震撼？直接看呆了！,BV1XywNeNEd3,113849181145296,司空离,358807,人文历史,7:16,2025-01-18 20:12,2901923,43884,29288,621,338,"2025克穷暴富,民俗,英歌舞,传统文化,年俗,打铁花,非遗",-,https://i2.hdslb.com/bfs/archive/07a04911a2dadb3b495f1beb71f181169a64b619.jpg
1131,为什么都以为排箫是国外乐器？&quot;非遗 &quot;传统文化 &quot;乐器 &quot;,BV1NRwezhEmx,116249379996802,非遗传统手艺哥,3632303318239519,田园美食,2:30,2026-03-18 17:09,1196,60,5,2,4,"制作,文化,寻找100位非遗手艺人,B站好片有奖种草,非物质文化遗产",-,https://i0.hdslb.com/bfs/archive/d15c455bdb33bbcad358aa0ddb7cd3f5b788fdca.jpg
1132,陈都灵四次非遗旗袍变装,BV1i1ZiB6E3G,116097378426485,可爱又迷人旳反派,3493079277373656,明星综合,4:13,2026-02-19 20:55,9082,202,328,5,17,"陈都灵,表演,美女",-,https://i2.hdslb.com/bfs/archive/b8060f153a8c411e26e498e997adf6661f015e7e.jpg
1133,外网热评：中国非遗文化传承《傩戏》外国网友：精准的动作和传统文化的传承，很精彩,BV1WyckzjEd5,116215473242189,轩宝看油管,387967038,日常,1:36,2026-03-12 17:24,1067,12,5,0,0,"传统文化,中国,外网热评,中国非遗,外国网友评论,外网评论,评论翻译,外国人看中国,文化传承,非物质文化遗产",,https://i1.hdslb.com/bfs/archive/734cc883611d5be6e1ef3823234a16f1f8c2d334.jpg
1134,中国文化输出赢麻了！国风舞惊艳全场，街头“非遗喷火”看懵老外,BV14fXVYxEV6,114182427116994,下饭音乐,11173348,乐评盘点,5:45,2025-03-18 16:18,196064,3377,875,253,56,"非遗文化,中国舞,文化输出",,https://i1.hdslb.com/bfs/archive/233a03d3aafc688e7c5bc9fe392337f875fc58ef.jpg
1135,外网看我国非遗文化变装转场！热评：文化自信在此刻具象化！ #非遗文化 #转场 #舞狮 #外国人看中国,BV1mWkzBtEho,115528446251640,星禾搞笑娱乐,1680121791,日常,1:36,2025-11-11 09:25,156079,2194,574,33,39,"中国风,制作,变装转场,B站辩论季！,歪果仁,传统文化,中国,文化",外网看我国非遗文化变装转场！热评：文化自信在此刻具象化！ #非遗文化 #转场 #舞狮 #外国人看中国,https://i0.hdslb.com/bfs/archive/2817e02809a8d3e33c7ece58178345d287ed3ea0.jpg
1136,挑战戏神非遗大片 今天拍的是“傩戏”！,BV1uLByBvELm,115791680838243,-小胡同学呀,262240557,穿搭,2:45,2025-12-27 21:18,1729296,38471,60664,1453,357,"传统文化,冷不丁化妆挑战,胡有姬,葛仙村,戏神,傩戏,非遗,江西,非物质文化遗产,挑战",-,https://i2.hdslb.com/bfs/archive/084a84aa9c8c5dc3386443cd5993a8e3f35b684d.jpg
1137,《针尖上的非遗》纪录片作品,BV1DTwezYEgC,116247752675641,爱学习美女罢了,491748066,影视剪辑,12:40,2026-03-18 10:15,13,0,0,0,0,"纪录片,文化,艺术,非遗",,https://i0.hdslb.com/bfs/archive/8a5752778faa90c0c173dbc419191bacfa40b9ad.jpg
1138,江寻千：把100种非遗，拍成文艺复兴名场面,BV1nvceznEoG,116055401826217,环球人物新媒体,30042311,运动文化,8:7,2026-02-19 09:00,7354,530,246,8,8,"传统文化,文化,中国,非遗",,https://i1.hdslb.com/bfs/archive/f83a1f00a4aa6149581d5a49c0a01bcf3a027dbd.jpg
1139,【纪录片】《中国手作》第一季 木作 第一集 榫卯智慧,BV1mk4y1c7M4,745848737,长安书院_,2147327022,人文历史,121:19,2023-09-09 17:26,166211,2479,12555,99,44,"历史,工匠,科普,人文,木作,榫卯,非遗,手作,纪录片,传统文化",如果觉得还不错，麻烦给个三连！谢谢~,https://i2.hdslb.com/bfs/archive/19f159e05c860021238a410bb02e3138deae4c61.png
1140,你敢信画面、音乐、配音全Ai制作？AIGC赋能文旅非遗新范例,BV1it421u7UK,1754365323,野生Peng友,227377272,AI影像,2:50,2024-05-11 14:14,21363,361,597,3,35,"AI,蜀锦,人工智能,AIGC,AI影像征集大赛,文旅,非遗","历时3个星期，用AI搞了2234张图片+210首音乐+588条视频+49条配音素材
终于抽卡抽出来了，我哭死！！
我已入魔，半夜走在路上看着开过的汽车都像是AI扩散。
收集200多幅古今经典蜀锦纹样为样本，
训练Lora，搭建了comfy ui的新工作流
SD、Runway、Pika........能用的都用了
每天开机都在给显卡上香
求求Sora、Vidu快点吧，真·不想抽卡了!!!",https://i1.hdslb.com/bfs/archive/2254da15574725ebe7a7c4c3767c77464b30795d.jpg
1141,湘西赶尸，改了这么久终于可以发出来了,BV1uemfYrE2h,113487044941023,江寻千,1895195099,人文历史,21:11,2024-11-15 21:07,7827395,424253,209687,17336,8434,"寻找非遗手艺人,未解之谜,赶尸,奇闻,湘西,传统文化,寻找100位非遗手艺人",,https://i1.hdslb.com/bfs/archive/b552ff7f0ddac41eab6a006b935ddc86504c0e8e.jpg
1142,贵州非遗从不让人失望！30秒解锁贵州“村晚”的非遗名场面,BV1RowYzgE5D,116247803010442,贵州2频道百姓关注,4351252,社会,0:35,2026-03-18 10:28,920,9,0,0,0,"生活记录,传统文化,中国风,高能,贵州村晚,政媒扶持计划,非物质文化遗产,贵州,记录",别眨眼！跟随2026贵州“村晚”的镜头，一起去挖掘惊艳的贵州非遗！石阡说春传古韵，安顺地戏演六百年风云……非遗精华轮番亮相，传统文化在新时代舞台上生生不息，这才是真正的文化盛宴！,https://i0.hdslb.com/bfs/archive/b1cb00cd3bb4cc465ec1cd62f288ec559ddb1b46.jpg
1143,用一块木头做个龙猫，给粉丝抽了 #手工diy #非物质文化遗产,BV1QCNFzDEZv,116203930519737,小虾米粒粒,3546890555623747,日常,1:30,2026-03-19 06:32,28,3,0,0,0,"寻找100位非遗手艺人,B站好片有奖种草,原神,文化遗产,非物质文化遗产,电子竞技,DIY,爱情",-,https://i1.hdslb.com/bfs/archive/810eef37255a2b52a5a9eb151888171735f29fa1.jpg
1144,从1块泥巴到上亿天价！非遗汝瓷如何点土成“金”？,BV1rsjmzbEWd,114574342757495,影视飓风,946974,手工,12:5,2025-05-28 17:00,2948282,168993,39702,32794,3557,"碧蓝航线,汝瓷,4K,拍摄,匠人,制作,非遗,碧蓝航线8周年,非物质文化遗产",这些看似不起眼的泥巴和石头，经过巧妙的加工，竟然可能卖出上亿元的天价。作为瓷器的一种，为什么“它”这么值钱？这次我们和@碧蓝航线  一拍即合，前往河南汝州，想带你一起来看看这门传承了千年的中国手艺——汝瓷。如果你喜欢这期视频，请多多支持我们，并把视频分享给你的朋友们一起看看!,https://i0.hdslb.com/bfs/archive/de6649ac16c7c62fab9774d44b60a36965bf8592.jpg
1145,【超燃】中国非遗超燃混剪,BV1a1keYbEF2,113695099261522,万川嘉心,1970823994,影视剪辑,5:25,2024-12-22 14:44,43569,522,935,1,71,"非遗文化分享官,非遗,传统文化,中国,人文历史档案馆2.0",-,https://i0.hdslb.com/bfs/archive/8ee2d7ef1efc6aa7d7727e5abbe06bb3a52eb859.jpg
1146,开者即死，这四个字震慑了盗墓贼整整1400年,BV1W1ckz1EYk,116215389363710,江寻千,1895195099,手工,7:22,2026-03-12 17:11,1689853,71818,35517,702,773,"文化,闹蛾扑花钗,寻找100位非遗手艺人,非遗,花丝镶嵌,手工艺",,https://i2.hdslb.com/bfs/archive/2bdc919399b36b6c49fcc199af199f86ff1e8252.jpg
1147,笑不中了！贾旭明老师号都没了，圆桌也没整清楚，又跑到非遗相声大会说相声了哈哈哈哈哈哈，网友：“相声这个行业危险系数这么高吗”哈哈哈哈或许是贾老师危险系数高？,BV1K8NMzYEmj,116192387795647,又一次嗑到了,3546939108886611,娱乐粉丝创作,22:12,2026-03-08 15:37,163503,3921,1214,998,330,"相声,爆笑,搞笑,贾局,段子,贾旭明,讽刺,小品,最新",-,https://i0.hdslb.com/bfs/archive/23c1efe6437884d6ea193d2b052293322e74de66.jpg
1148,这个杯子浑身是孔，却滴水不漏,BV1jm84zcExE,114919047503711,江寻千,1895195099,影视剪辑,8:57,2025-07-26 18:28,8061674,297315,157059,4390,3837,"瓷器,传统文化,陶瓷,玲珑瓷,手工,非遗,寻找100位非遗手艺人",,https://i1.hdslb.com/bfs/archive/d3717a4ab06941d7e11769fe1a7e10133677d782.jpg
1149,"贾旭明郑健相声《贾诗人》高清字幕版,贾旭明非遗相声春晚作品，搞笑不断！",BV1yBPoztEG3,116201934098540,相声茶馆,25375697,搞笑,22:12,2026-03-10 11:05,12543,150,72,19,16,"非遗相声,贾旭明相声,郑健,搞笑相声,非遗,相声小品,贾旭明,相声,春晚,搞笑","贾旭明郑健相声《贾诗人》高清字幕版,贾旭明非遗相声春晚作品，搞笑不断！",https://i1.hdslb.com/bfs/archive/32b9839ce3dd1a1fac4cbb5be6083dddea99bffa.jpg
1150,【央视】综合频道CCTV-1《非遗里的中国》（第一季）,BV1AN411M7VY,493763285,八神逸枫,10289419,综艺,1086:50,2023-11-25 18:26,333808,3674,14407,1972,114,"非遗,人文,文化","https://tv.cctv.com/2022/12/30/VIDAIxSnFuJtsqzH4HZK9Yc4221230.shtml
《非遗里的中国》通过非遗创新秀演、沉浸体验、还原绝技等全新的方式来打开非遗，多维度呈现非遗的创新成果、历史底蕴、中国智慧、东方美学。节目展现非遗在新时代迸发出的焕新力量，呈现非遗时光流变中的一脉相承与继往开来。",https://i0.hdslb.com/bfs/archive/8268536bcc5c0b6c21c2dc540a25c7aad0559223.png
1151,东巴纸,BV1ozw4ztEqm,116228106551729,归乡人山白,3494349557992101,手工,8:10,2026-03-14 23:02,677365,98033,9908,1849,1113,"寻找100位非遗手艺人,东巴纸,纳西族,手工纸,手工艺,手工,原创",纸寿千年，纳西族手工造纸。,https://i1.hdslb.com/bfs/archive/62ed064b30e48ab8740683535ec2a4640da5791a.jpg
1152,中国的42项世界非遗项目 你都知道吗？,BV1NK411G7rv,500654333,中新视频,104092224,社会,4:38,2020-12-19 15:11,28939,680,801,21,38,"世界非遗项目,中国",12月17日晚，中国单独申报的“太极拳”、与马来西亚联合申报的“送王船——有关人与海洋可持续联系的仪式及相关实践”两个项目，经联合国教科文组织保护非物质文化遗产政府间委员会评审通过，列入联合国教科文组织人类非物质文化遗产代表作名录。那么，你知道中国的世界非物质文化遗产项目有多少个？有哪些？快跟我一起增长知识吧！,https://i2.hdslb.com/bfs/archive/f2e9d4d1134718bada898f5f9cce68245e4c7592.jpg
1153,【大学生纪录短片/非遗/剪纸/原创】纸下的时间旅行者【高清1080P】万物理论拯救传统文化,BV1xs411y7CG,5301655,暗海见雪生,25005818,小剧场,15:39,2016-07-12 14:20,390084,7508,12177,347,198,"传统文化,传承,纪录片,冯骥才,万物理论",以乡村七十多岁民间剪纸艺人几十年扎根于民间文化为起点，伴随着生活在城市却致力于剪纸的保护与创新的艺术家郭梅花的故事进行交叉叙事，串起剪纸的历史与发展，民俗与文化。,https://i1.hdslb.com/bfs/archive/36284d6e91d13a830b61de8ac73cc367a4f1f2d7.jpg
1154,非遗群像MVP结算画面,BV1JwWyzPE74,115387786207195,Locus建鹏,448415359,运动综合,0:33,2025-10-17 13:15,3426804,947395,222099,100260,8884,"逆水寒手游,逆水寒非遗计划,逆水寒次元破壁",-,https://i2.hdslb.com/bfs/archive/b1acff3579f22a0752d4961c7d319667c1866b16.jpg
1155,谁还不是个rapper！一首歌串起中国43项世界级非遗,BV1FV4y1y78y,870118526,央视新闻,456664753,人文历史,3:13,2023-06-22 09:56,353155,46508,9405,272,783,"非遗,说唱",目前，中国43个项目列入联合国教科文组织，非物质文化遗产名录、名册数量居世界第一。端午节到来之际，央视新闻推出原创音乐MV《非常·非遗》，用一首歌曲串联起这43项世界级非遗项目，以音乐和视觉符号呈现中国式浪漫，彰显古老东方的历史文明之美。,https://i0.hdslb.com/bfs/archive/4b2558b64cc8011d043597b24c184eb78ec51587.jpg
1156,网红想火想疯了？魔改中国非遗“黄梅戏”，惨遭央视发文“怒”批,BV1oq4y1N7ug,547995107,下饭音乐,11173348,乐评盘点,4:29,2021-09-14 17:10,3642675,192762,15640,47189,12344,"音乐分享官,乐评盘点,周杰伦,小姐姐,漫步人生路,青花瓷,网红翻唱,粤语歌,黄梅戏",要说现在刷手机，新歌没几首，老歌倒是不断被 魔改翻唱~甚至为了流量，网红们跟风拍摄 根本不管歌曲内容~今天饭饭 就带来的几首 被网红玩“变味”的歌，坚持听完的 可都是我的死忠粉呐,https://i2.hdslb.com/bfs/archive/65a0a945e8e351ea4548859398048a400a3bc155.jpg
1157,鬼步、僵尸摔、滚灯……科普19种技惊四座的非遗绝技,BV1kXpWzyE6u,115217564570288,全球顶尖投影,3546744608524364,出行,2:45,2025-09-17 11:45,423696,37473,8866,256,555,"绝技,人文历史档案馆,传统文化,变脸,杂技,戏曲,鬼步,非遗,科普,京剧",,https://i1.hdslb.com/bfs/archive/c60f3ec3e64997d87ead2e58699a3eb49cb40e99.jpg
1158,以朱为信，以泥承魂，印泥，中华文房瑰宝,BV1VanmzbEbt,115293598781324,I彭传明,589188442,手工,22:26,2025-09-30 22:15,335682,28987,2825,1570,500,"中国,原创,文化",-,https://i2.hdslb.com/bfs/archive/9f1331aecca0077f75a416b03dd6219d90c378e5.jpg
1159,这不是迷信，这是中国傩戏。,BV1Xf421v74t,1206450288,唱饭的王小潮,1107899745,人文历史,2:45,2024-08-10 09:58,4003239,421831,190005,3655,4475,"非遗文化,文化,正能量,寻找非遗文化,行走的人文,中国",-,https://i1.hdslb.com/bfs/archive/49daebd4631fa0c00276d9350417f86fbd6af584.jpg
1160,【《浮光》遇到中国非遗】中国的43个世界级非遗，你知道几个？,BV1L1421275U,1555202564,非遗正年轻,156651846,人文历史,4:21,2024-05-27 21:37,70621,1491,2589,17,61,"浮光,周深,世界级非遗,中国,传统文化,历史,非遗,文化",-,https://i0.hdslb.com/bfs/archive/a11d2fe91f98de969d84d93481c666bc65adbd4f.jpg
1161,老祖宗：不管了！好歹非遗传下来了！,BV1sjwez4ENA,116249463881838,料理小咪,18237423,颜值·网红舞,0:36,2026-03-18 17:29,13199,2076,653,122,67,"川剧摇,四时少女,火苗dj,葛仙村,古风","我们来葛仙村玩啦！好好玩！下次还来～
从左到右出境：
玉玲珑：小水泡汤
汉服：西海岸红杉
胡桃：料理小咪
大乔：十元酱少女",https://i2.hdslb.com/bfs/archive/59308324aa32767546f15be431472416fb28151a.jpg
1162,每周质量报告 | 央视曝光假非遗乱象,BV1Upf9BVEut,116009952416434,央视网,222103174,日常,18:18,2026-02-04 10:20,30411,1851,309,51,81,非遗,,https://i2.hdslb.com/bfs/archive/34738e7584707de16910fa86679013ae30a45b8a.jpg
1163,【非遗美学创业】每周工作一小时，每年躺平收入超七位数,BV1Hm421g7hX,1606157528,村姑欣陶,384402877,财经商业,42:49,2024-07-05 19:40,18723,905,830,59,34,"青年用「财」图鉴,共同富裕,投资,找工作,乡村振兴,非遗美学,创业,李子柒,融资,创业合伙人",作为斜杠财经博主，想做些差异化的内容，可以和大家共同富裕，比如好的合伙创业、商务合作和工作的机会。而且不是在项目极早期，充满高度不确定性的时候介绍给大家，希望是有数据支持的商业模式小DEMO已经跑通的时候，在项目充满生命力蓬勃发展的时候，介绍给大家。作为前投资人，未来也将继续做投资的创业财经博主，将以投资人的角度和创始人对话，探讨创业过程中的挑战和应对方案，希望想创业或者正在创业ing的朋友们有借鉴意义。如果有想和我一起录制视频的创业者，希望自己的项目让更多投资人、创业者、合作伙伴或者未来团队成员看到，欢,https://i0.hdslb.com/bfs/archive/f8cb19204ce43fe8528dd2d144d8ba0dc070a9ca.jpg
1164,99%的人没见过这个非遗，可它正在消失,BV14A57zLEd1,114358101284195,摇铃啊摇铃儿,1330962869,人文历史,6:55,2025-04-18 17:10,2833317,123676,118188,4454,1189,"烟花,药发木偶,非遗,温州,寻找100位非遗手艺人,传统文化,寻找100位非遗手艺人 3.0,木偶戏",这是99%的人没听说过的非遗，温州泰顺的药发木偶。是火树银花的真实写照历时四个月，在失望与希望中反复挣扎，这次终于把周尔禄爷爷坚持了一生的热爱，带到了你的面前。因为这项非遗原料的特殊，一直在法律的文化传承的矛盾中挣扎，几度垂危，这期视频，中间有过很多次想放弃的时候，或许是因为我成为了他的第一位年轻“女徒弟”，或许因为这是我家乡的非遗，又或许只是因为它的传承人是周爷爷，这个历经种种磨难，依然在苦难中开出花的，理想主义老头！他真的太好啦87天的争取实在是漫长！可又怎么漫长得过周爷爷60多年，2万多天的坚持呢。,https://i2.hdslb.com/bfs/archive/f1dde5456c9361870e919747e4b14e1c10f212cc.jpg
1165,手写代码的程序员成非遗了❓「古法编程」突然火了❗️,BV1UzwDz1E6w,116243071835663,智冷Shaw,480800563,计算机技术,0:51,2026-03-17 14:22,12246,121,75,86,64,"万万没想到,AI,人工智能,编程,程序员,学习,高能,科普,分享我的专业知识,代码",“古法编程”这个词一出来，我先笑了。以前程序员不用AI写代码叫基本操作，现在居然成了“古法手艺”。照这趋势下去，未来程序员怕不是要进博物馆现场表演纯手搓代码了。你觉得，不靠AI写代码的人，以后会不会真成“非遗传承人”？关注智冷Shaw，AI时代走前头！,https://i1.hdslb.com/bfs/archive/dedb798ce2c9122234b899598e2262af3e525da5.jpg
1166,在你看到这期视频之前，它，没有观众,BV1Nw4m1k7Mk,1106345646,南翔,596842980,手工,6:6,2024-08-14 16:50,15767253,917337,442020,17326,7673,"一起做手工吧16.0 手工暑期大作战,非遗,打铁花,我的整活手工大赏,非遗传承,炭花舞,七江炭花舞,火壶",-,https://i0.hdslb.com/bfs/archive/c3cc26fc610220badb0b446469ca0ecf63577451.jpg
1167,非遗植物拓染｜锤出三千年前的中国色,BV1wh72z8EXt,114611957272674,陈二十,22309487,日常,3:45,2025-06-02 17:00,606312,9965,17638,82,104,"非遗,我的手工真的很解压,传统文化,手工,植物拓染",周末如果不想聚会跟人社交，那就试试跟大自然产生链接，动手做一副属于自己独一无二的作品吧~,https://i2.hdslb.com/bfs/archive/cdf4bc1202ff41f59c71c6274c7a043cdc2171d4.jpg
1168,【全程高能】中国各地的非遗年俗能有多震撼？直接看呆了！,BV1XywNeNEd3,113849181145296,司空离,358807,人文历史,7:16,2025-01-18 20:12,2901923,43884,29288,621,338,"2025克穷暴富,民俗,英歌舞,传统文化,年俗,打铁花,非遗",-,https://i2.hdslb.com/bfs/archive/07a04911a2dadb3b495f1beb71f181169a64b619.jpg
1169,陈都灵四次非遗旗袍变装,BV1i1ZiB6E3G,116097378426485,可爱又迷人旳反派,3493079277373656,明星综合,4:13,2026-02-19 20:55,9082,202,328,5,17,"陈都灵,表演,美女",-,https://i2.hdslb.com/bfs/archive/b8060f153a8c411e26e498e997adf6661f015e7e.jpg
1170,为什么都以为排箫是国外乐器？&quot;非遗 &quot;传统文化 &quot;乐器 &quot;,BV1NRwezhEmx,116249379996802,非遗传统手艺哥,3632303318239519,田园美食,2:30,2026-03-18 17:09,1196,60,5,2,4,"制作,文化,寻找100位非遗手艺人,B站好片有奖种草,非物质文化遗产",-,https://i0.hdslb.com/bfs/archive/d15c455bdb33bbcad358aa0ddb7cd3f5b788fdca.jpg
1171,中国文化输出赢麻了！国风舞惊艳全场，街头“非遗喷火”看懵老外,BV14fXVYxEV6,114182427116994,下饭音乐,11173348,乐评盘点,5:45,2025-03-18 16:18,196064,3377,875,253,56,"非遗文化,中国舞,文化输出",,https://i1.hdslb.com/bfs/archive/233a03d3aafc688e7c5bc9fe392337f875fc58ef.jpg
1172,外网热评：中国非遗文化传承《傩戏》外国网友：精准的动作和传统文化的传承，很精彩,BV1WyckzjEd5,116215473242189,轩宝看油管,387967038,日常,1:36,2026-03-12 17:24,1067,12,5,0,0,"传统文化,中国,外网热评,中国非遗,外国网友评论,外网评论,评论翻译,外国人看中国,文化传承,非物质文化遗产",,https://i1.hdslb.com/bfs/archive/734cc883611d5be6e1ef3823234a16f1f8c2d334.jpg
1173,【纪录片】《中国手作》第一季 木作 第一集 榫卯智慧,BV1mk4y1c7M4,745848737,长安书院_,2147327022,人文历史,121:19,2023-09-09 17:26,166211,2479,12555,99,44,"历史,工匠,科普,人文,木作,榫卯,非遗,手作,纪录片,传统文化",如果觉得还不错，麻烦给个三连！谢谢~,https://i2.hdslb.com/bfs/archive/19f159e05c860021238a410bb02e3138deae4c61.png
1174,挑战戏神非遗大片 今天拍的是“傩戏”！,BV1uLByBvELm,115791680838243,-小胡同学呀,262240557,穿搭,2:45,2025-12-27 21:18,1729296,38471,60664,1453,357,"传统文化,冷不丁化妆挑战,胡有姬,葛仙村,戏神,傩戏,非遗,江西,非物质文化遗产,挑战",-,https://i2.hdslb.com/bfs/archive/084a84aa9c8c5dc3386443cd5993a8e3f35b684d.jpg
1175,外网看我国非遗文化变装转场！热评：文化自信在此刻具象化！ #非遗文化 #转场 #舞狮 #外国人看中国,BV1mWkzBtEho,115528446251640,星禾搞笑娱乐,1680121791,日常,1:36,2025-11-11 09:25,156079,2194,574,33,39,"中国风,制作,变装转场,B站辩论季！,歪果仁,传统文化,中国,文化",外网看我国非遗文化变装转场！热评：文化自信在此刻具象化！ #非遗文化 #转场 #舞狮 #外国人看中国,https://i0.hdslb.com/bfs/archive/2817e02809a8d3e33c7ece58178345d287ed3ea0.jpg
1176,你敢信画面、音乐、配音全Ai制作？AIGC赋能文旅非遗新范例,BV1it421u7UK,1754365323,野生Peng友,227377272,AI影像,2:50,2024-05-11 14:14,21363,361,597,3,35,"AI,蜀锦,人工智能,AIGC,AI影像征集大赛,文旅,非遗","历时3个星期，用AI搞了2234张图片+210首音乐+588条视频+49条配音素材
终于抽卡抽出来了，我哭死！！
我已入魔，半夜走在路上看着开过的汽车都像是AI扩散。
收集200多幅古今经典蜀锦纹样为样本，
训练Lora，搭建了comfy ui的新工作流
SD、Runway、Pika........能用的都用了
每天开机都在给显卡上香
求求Sora、Vidu快点吧，真·不想抽卡了!!!",https://i1.hdslb.com/bfs/archive/2254da15574725ebe7a7c4c3767c77464b30795d.jpg
1177,外网热评：中国非遗！龙须面惊艳外网！一根面能拉千米，中华绝技太绝了,BV1WyckzjE38,116215473245756,轩宝看油管,387967038,日常,2:4,2026-03-12 17:24,2940,44,3,3,1,"外网热评,文化,中国,外国网友评论,外网评论,评论翻译,外国网友,外国人看中国,外网,娱乐资讯",,https://i1.hdslb.com/bfs/archive/017a6b927ce0726e3ae65bc65666be3e5caa1f74.jpg
1178,《针尖上的非遗》纪录片作品,BV1DTwezYEgC,116247752675641,爱学习美女罢了,491748066,影视剪辑,12:40,2026-03-18 10:15,14,0,0,0,0,"纪录片,文化,艺术,非遗",,https://i0.hdslb.com/bfs/archive/8a5752778faa90c0c173dbc419191bacfa40b9ad.jpg
1179,非遗园,BV1Xdw9zhEyN,116245219247908,dagua009,1299667031,设计·创意,1:6,2026-03-17 23:28,11,0,0,0,0,数字人居,,https://i0.hdslb.com/bfs/archive/9306fa0a4a676fc8ec063be0739972fc1e1339c2.jpg
1180,中国非遗惊艳世界，视觉盛宴引全球热议,BV1UVwszqEVM,116225405359197,油管外网趣评,508321791,日常,1:41,2026-03-14 11:31,1256,28,1,0,0,"绘画,游戏,动作游戏",-,https://i2.hdslb.com/bfs/archive/d80dab66b5956ebc796846f4ef9075ea766ceac7.jpg
1181,毛晓彤丨福州非遗嘉年华伞舞 拍的最好的版本,BV1NnPtz7EAo,116183730752186,毛曉彤,257442725,国风舞蹈,1:4,2026-03-07 09:00,144049,14678,3257,85,336,"毛晓彤,新春舞蹈集结计划,非遗嘉年华,古典舞,国风舞蹈,仙女,演员,中国风,古风,现场",,https://i0.hdslb.com/bfs/archive/fc4823fb65786cf1aa38b96f3f9a5b8b111df2cd.jpg
1182,从1块泥巴到上亿天价！非遗汝瓷如何点土成“金”？,BV1rsjmzbEWd,114574342757495,影视飓风,946974,手工,12:5,2025-05-28 17:00,2948282,168993,39702,32794,3557,"碧蓝航线,汝瓷,4K,拍摄,匠人,制作,非遗,碧蓝航线8周年,非物质文化遗产",这些看似不起眼的泥巴和石头，经过巧妙的加工，竟然可能卖出上亿元的天价。作为瓷器的一种，为什么“它”这么值钱？这次我们和@碧蓝航线  一拍即合，前往河南汝州，想带你一起来看看这门传承了千年的中国手艺——汝瓷。如果你喜欢这期视频，请多多支持我们，并把视频分享给你的朋友们一起看看!,https://i0.hdslb.com/bfs/archive/de6649ac16c7c62fab9774d44b60a36965bf8592.jpg
1183,【超燃】中国非遗超燃混剪,BV1a1keYbEF2,113695099261522,万川嘉心,1970823994,影视剪辑,5:25,2024-12-22 14:44,43569,522,935,1,71,"非遗文化分享官,非遗,传统文化,中国,人文历史档案馆2.0",-,https://i0.hdslb.com/bfs/archive/8ee2d7ef1efc6aa7d7727e5abbe06bb3a52eb859.jpg
1184,这个杯子浑身是孔，却滴水不漏,BV1jm84zcExE,114919047503711,江寻千,1895195099,影视剪辑,8:57,2025-07-26 18:28,8061674,297315,157059,4390,3837,"瓷器,传统文化,陶瓷,玲珑瓷,手工,非遗,寻找100位非遗手艺人",,https://i1.hdslb.com/bfs/archive/d3717a4ab06941d7e11769fe1a7e10133677d782.jpg
1185,老祖宗：不管了！好歹非遗传下来了！,BV1sjwez4ENA,116249463881838,料理小咪,18237423,颜值·网红舞,0:36,2026-03-18 17:29,13199,2076,653,122,67,"川剧摇,四时少女,火苗dj,葛仙村,古风","我们来葛仙村玩啦！好好玩！下次还来～
从左到右出境：
玉玲珑：小水泡汤
汉服：西海岸红杉
胡桃：料理小咪
大乔：十元酱少女",https://i2.hdslb.com/bfs/archive/59308324aa32767546f15be431472416fb28151a.jpg
1186,笑不中了！贾旭明老师号都没了，圆桌也没整清楚，又跑到非遗相声大会说相声了哈哈哈哈哈哈，网友：“相声这个行业危险系数这么高吗”哈哈哈哈或许是贾老师危险系数高？,BV1K8NMzYEmj,116192387795647,又一次嗑到了,3546939108886611,娱乐粉丝创作,22:12,2026-03-08 15:37,163503,3921,1214,998,330,"相声,爆笑,搞笑,贾局,段子,贾旭明,讽刺,小品,最新",-,https://i0.hdslb.com/bfs/archive/23c1efe6437884d6ea193d2b052293322e74de66.jpg
1187,"贾旭明郑健相声《贾诗人》高清字幕版,贾旭明非遗相声春晚作品，搞笑不断！",BV1yBPoztEG3,116201934098540,相声茶馆,25375697,搞笑,22:12,2026-03-10 11:05,12543,150,72,19,16,"非遗相声,贾旭明相声,郑健,搞笑相声,非遗,相声小品,贾旭明,相声,春晚,搞笑","贾旭明郑健相声《贾诗人》高清字幕版,贾旭明非遗相声春晚作品，搞笑不断！",https://i1.hdslb.com/bfs/archive/32b9839ce3dd1a1fac4cbb5be6083dddea99bffa.jpg
1188,【央视】综合频道CCTV-1《非遗里的中国》（第一季）,BV1AN411M7VY,493763285,八神逸枫,10289419,综艺,1086:50,2023-11-25 18:26,333808,3674,14407,1972,114,"非遗,人文,文化","https://tv.cctv.com/2022/12/30/VIDAIxSnFuJtsqzH4HZK9Yc4221230.shtml
《非遗里的中国》通过非遗创新秀演、沉浸体验、还原绝技等全新的方式来打开非遗，多维度呈现非遗的创新成果、历史底蕴、中国智慧、东方美学。节目展现非遗在新时代迸发出的焕新力量，呈现非遗时光流变中的一脉相承与继往开来。",https://i0.hdslb.com/bfs/archive/8268536bcc5c0b6c21c2dc540a25c7aad0559223.png
1189,东巴纸,BV1ozw4ztEqm,116228106551729,归乡人山白,3494349557992101,手工,8:10,2026-03-14 23:02,677365,98033,9908,1849,1113,"寻找100位非遗手艺人,东巴纸,纳西族,手工纸,手工艺,手工,原创",纸寿千年，纳西族手工造纸。,https://i1.hdslb.com/bfs/archive/62ed064b30e48ab8740683535ec2a4640da5791a.jpg
1190,中国的42项世界非遗项目 你都知道吗？,BV1NK411G7rv,500654333,中新视频,104092224,社会,4:38,2020-12-19 15:11,28939,680,801,21,38,"世界非遗项目,中国",12月17日晚，中国单独申报的“太极拳”、与马来西亚联合申报的“送王船——有关人与海洋可持续联系的仪式及相关实践”两个项目，经联合国教科文组织保护非物质文化遗产政府间委员会评审通过，列入联合国教科文组织人类非物质文化遗产代表作名录。那么，你知道中国的世界非物质文化遗产项目有多少个？有哪些？快跟我一起增长知识吧！,https://i2.hdslb.com/bfs/archive/f2e9d4d1134718bada898f5f9cce68245e4c7592.jpg
1191,【大学生纪录短片/非遗/剪纸/原创】纸下的时间旅行者【高清1080P】万物理论拯救传统文化,BV1xs411y7CG,5301655,暗海见雪生,25005818,小剧场,15:39,2016-07-12 14:20,390084,7508,12177,347,198,"传统文化,传承,纪录片,冯骥才,万物理论",以乡村七十多岁民间剪纸艺人几十年扎根于民间文化为起点，伴随着生活在城市却致力于剪纸的保护与创新的艺术家郭梅花的故事进行交叉叙事，串起剪纸的历史与发展，民俗与文化。,https://i1.hdslb.com/bfs/archive/36284d6e91d13a830b61de8ac73cc367a4f1f2d7.jpg
1192,非遗群像MVP结算画面,BV1JwWyzPE74,115387786207195,Locus建鹏,448415359,运动综合,0:33,2025-10-17 13:15,3426804,947395,222099,100260,8884,"逆水寒手游,逆水寒非遗计划,逆水寒次元破壁",-,https://i2.hdslb.com/bfs/archive/b1acff3579f22a0752d4961c7d319667c1866b16.jpg
1193,谁还不是个rapper！一首歌串起中国43项世界级非遗,BV1FV4y1y78y,870118526,央视新闻,456664753,人文历史,3:13,2023-06-22 09:56,353155,46508,9405,272,783,"非遗,说唱",目前，中国43个项目列入联合国教科文组织，非物质文化遗产名录、名册数量居世界第一。端午节到来之际，央视新闻推出原创音乐MV《非常·非遗》，用一首歌曲串联起这43项世界级非遗项目，以音乐和视觉符号呈现中国式浪漫，彰显古老东方的历史文明之美。,https://i0.hdslb.com/bfs/archive/4b2558b64cc8011d043597b24c184eb78ec51587.jpg
1194,网红想火想疯了？魔改中国非遗“黄梅戏”，惨遭央视发文“怒”批,BV1oq4y1N7ug,547995107,下饭音乐,11173348,乐评盘点,4:29,2021-09-14 17:10,3642675,192762,15640,47189,12344,"音乐分享官,乐评盘点,周杰伦,小姐姐,漫步人生路,青花瓷,网红翻唱,粤语歌,黄梅戏",要说现在刷手机，新歌没几首，老歌倒是不断被 魔改翻唱~甚至为了流量，网红们跟风拍摄 根本不管歌曲内容~今天饭饭 就带来的几首 被网红玩“变味”的歌，坚持听完的 可都是我的死忠粉呐,https://i2.hdslb.com/bfs/archive/65a0a945e8e351ea4548859398048a400a3bc155.jpg
1195,鬼步、僵尸摔、滚灯……科普19种技惊四座的非遗绝技,BV1kXpWzyE6u,115217564570288,全球顶尖投影,3546744608524364,出行,2:45,2025-09-17 11:45,423696,37473,8866,256,555,"绝技,人文历史档案馆,传统文化,变脸,杂技,戏曲,鬼步,非遗,科普,京剧",,https://i1.hdslb.com/bfs/archive/c60f3ec3e64997d87ead2e58699a3eb49cb40e99.jpg
1196,以朱为信，以泥承魂，印泥，中华文房瑰宝,BV1VanmzbEbt,115293598781324,I彭传明,589188442,手工,22:26,2025-09-30 22:15,335682,28987,2825,1570,500,"中国,原创,文化",-,https://i2.hdslb.com/bfs/archive/9f1331aecca0077f75a416b03dd6219d90c378e5.jpg
1197,这不是迷信，这是中国傩戏。,BV1Xf421v74t,1206450288,唱饭的王小潮,1107899745,人文历史,2:45,2024-08-10 09:58,4003239,421831,190005,3655,4475,"非遗文化,文化,正能量,寻找非遗文化,行走的人文,中国",-,https://i1.hdslb.com/bfs/archive/49daebd4631fa0c00276d9350417f86fbd6af584.jpg
1198,【《浮光》遇到中国非遗】中国的43个世界级非遗，你知道几个？,BV1L1421275U,1555202564,非遗正年轻,156651846,人文历史,4:21,2024-05-27 21:37,70621,1491,2589,17,61,"浮光,周深,世界级非遗,中国,传统文化,历史,非遗,文化",-,https://i0.hdslb.com/bfs/archive/a11d2fe91f98de969d84d93481c666bc65adbd4f.jpg
1199,99%的人没见过这个非遗，可它正在消失,BV14A57zLEd1,114358101284195,摇铃啊摇铃儿,1330962869,人文历史,6:55,2025-04-18 17:10,2833317,123676,118188,4454,1189,"烟花,药发木偶,非遗,温州,寻找100位非遗手艺人,传统文化,寻找100位非遗手艺人 3.0,木偶戏",这是99%的人没听说过的非遗，温州泰顺的药发木偶。是火树银花的真实写照历时四个月，在失望与希望中反复挣扎，这次终于把周尔禄爷爷坚持了一生的热爱，带到了你的面前。因为这项非遗原料的特殊，一直在法律的文化传承的矛盾中挣扎，几度垂危，这期视频，中间有过很多次想放弃的时候，或许是因为我成为了他的第一位年轻“女徒弟”，或许因为这是我家乡的非遗，又或许只是因为它的传承人是周爷爷，这个历经种种磨难，依然在苦难中开出花的，理想主义老头！他真的太好啦87天的争取实在是漫长！可又怎么漫长得过周爷爷60多年，2万多天的坚持呢。,https://i2.hdslb.com/bfs/archive/f1dde5456c9361870e919747e4b14e1c10f212cc.jpg
1200,每周质量报告 | 央视曝光假非遗乱象,BV1Upf9BVEut,116009952416434,央视网,222103174,日常,18:18,2026-02-04 10:20,30411,1851,309,51,81,非遗,,https://i2.hdslb.com/bfs/archive/34738e7584707de16910fa86679013ae30a45b8a.jpg
1201,【非遗美学创业】每周工作一小时，每年躺平收入超七位数,BV1Hm421g7hX,1606157528,村姑欣陶,384402877,财经商业,42:49,2024-07-05 19:40,18723,905,830,59,34,"青年用「财」图鉴,共同富裕,投资,找工作,乡村振兴,非遗美学,创业,李子柒,融资,创业合伙人",作为斜杠财经博主，想做些差异化的内容，可以和大家共同富裕，比如好的合伙创业、商务合作和工作的机会。而且不是在项目极早期，充满高度不确定性的时候介绍给大家，希望是有数据支持的商业模式小DEMO已经跑通的时候，在项目充满生命力蓬勃发展的时候，介绍给大家。作为前投资人，未来也将继续做投资的创业财经博主，将以投资人的角度和创始人对话，探讨创业过程中的挑战和应对方案，希望想创业或者正在创业ing的朋友们有借鉴意义。如果有想和我一起录制视频的创业者，希望自己的项目让更多投资人、创业者、合作伙伴或者未来团队成员看到，欢,https://i0.hdslb.com/bfs/archive/f8cb19204ce43fe8528dd2d144d8ba0dc070a9ca.jpg
1202,手写代码的程序员成非遗了❓「古法编程」突然火了❗️,BV1UzwDz1E6w,116243071835663,智冷Shaw,480800563,计算机技术,0:51,2026-03-17 14:22,12246,121,75,86,64,"万万没想到,AI,人工智能,编程,程序员,学习,高能,科普,分享我的专业知识,代码",“古法编程”这个词一出来，我先笑了。以前程序员不用AI写代码叫基本操作，现在居然成了“古法手艺”。照这趋势下去，未来程序员怕不是要进博物馆现场表演纯手搓代码了。你觉得，不靠AI写代码的人，以后会不会真成“非遗传承人”？关注智冷Shaw，AI时代走前头！,https://i1.hdslb.com/bfs/archive/dedb798ce2c9122234b899598e2262af3e525da5.jpg
1203,开者即死，这四个字震慑了盗墓贼整整1400年,BV1W1ckz1EYk,116215389363710,江寻千,1895195099,手工,7:22,2026-03-12 17:11,1689853,71818,35517,702,773,"文化,闹蛾扑花钗,寻找100位非遗手艺人,非遗,花丝镶嵌,手工艺",,https://i2.hdslb.com/bfs/archive/2bdc919399b36b6c49fcc199af199f86ff1e8252.jpg
1204,在你看到这期视频之前，它，没有观众,BV1Nw4m1k7Mk,1106345646,南翔,596842980,手工,6:6,2024-08-14 16:50,15767253,917337,442020,17326,7673,"一起做手工吧16.0 手工暑期大作战,非遗,打铁花,我的整活手工大赏,非遗传承,炭花舞,七江炭花舞,火壶",-,https://i0.hdslb.com/bfs/archive/c3cc26fc610220badb0b446469ca0ecf63577451.jpg
1205,非遗植物拓染｜锤出三千年前的中国色,BV1wh72z8EXt,114611957272674,陈二十,22309487,日常,3:45,2025-06-02 17:00,606312,9965,17638,82,104,"非遗,我的手工真的很解压,传统文化,手工,植物拓染",周末如果不想聚会跟人社交，那就试试跟大自然产生链接，动手做一副属于自己独一无二的作品吧~,https://i2.hdslb.com/bfs/archive/cdf4bc1202ff41f59c71c6274c7a043cdc2171d4.jpg
1206,【全程高能】中国各地的非遗年俗能有多震撼？直接看呆了！,BV1XywNeNEd3,113849181145296,司空离,358807,人文历史,7:16,2025-01-18 20:12,2901923,43884,29288,621,338,"2025克穷暴富,民俗,英歌舞,传统文化,年俗,打铁花,非遗",-,https://i2.hdslb.com/bfs/archive/07a04911a2dadb3b495f1beb71f181169a64b619.jpg
1207,陈都灵四次非遗旗袍变装,BV1i1ZiB6E3G,116097378426485,可爱又迷人旳反派,3493079277373656,明星综合,4:13,2026-02-19 20:55,9082,202,328,5,17,"陈都灵,表演,美女",-,https://i2.hdslb.com/bfs/archive/b8060f153a8c411e26e498e997adf6661f015e7e.jpg
1208,为什么都以为排箫是国外乐器？&quot;非遗 &quot;传统文化 &quot;乐器 &quot;,BV1NRwezhEmx,116249379996802,非遗传统手艺哥,3632303318239519,田园美食,2:30,2026-03-18 17:09,1196,60,5,2,4,"制作,文化,寻找100位非遗手艺人,B站好片有奖种草,非物质文化遗产",-,https://i0.hdslb.com/bfs/archive/d15c455bdb33bbcad358aa0ddb7cd3f5b788fdca.jpg
1209,中国文化输出赢麻了！国风舞惊艳全场，街头“非遗喷火”看懵老外,BV14fXVYxEV6,114182427116994,下饭音乐,11173348,乐评盘点,5:45,2025-03-18 16:18,196064,3377,875,253,56,"非遗文化,中国舞,文化输出",,https://i1.hdslb.com/bfs/archive/233a03d3aafc688e7c5bc9fe392337f875fc58ef.jpg
1210,外网热评：中国非遗文化传承《傩戏》外国网友：精准的动作和传统文化的传承，很精彩,BV1WyckzjEd5,116215473242189,轩宝看油管,387967038,日常,1:36,2026-03-12 17:24,1067,12,5,0,0,"传统文化,中国,外网热评,中国非遗,外国网友评论,外网评论,评论翻译,外国人看中国,文化传承,非物质文化遗产",,https://i1.hdslb.com/bfs/archive/734cc883611d5be6e1ef3823234a16f1f8c2d334.jpg
1211,挑战戏神非遗大片 今天拍的是“傩戏”！,BV1uLByBvELm,115791680838243,-小胡同学呀,262240557,穿搭,2:45,2025-12-27 21:18,1729296,38471,60664,1453,357,"传统文化,冷不丁化妆挑战,胡有姬,葛仙村,戏神,傩戏,非遗,江西,非物质文化遗产,挑战",-,https://i2.hdslb.com/bfs/archive/084a84aa9c8c5dc3386443cd5993a8e3f35b684d.jpg
1212,外网看我国非遗文化变装转场！热评：文化自信在此刻具象化！ #非遗文化 #转场 #舞狮 #外国人看中国,BV1mWkzBtEho,115528446251640,星禾搞笑娱乐,1680121791,日常,1:36,2025-11-11 09:25,156081,2194,574,33,39,"中国风,制作,变装转场,B站辩论季！,歪果仁,传统文化,中国,文化",外网看我国非遗文化变装转场！热评：文化自信在此刻具象化！ #非遗文化 #转场 #舞狮 #外国人看中国,https://i0.hdslb.com/bfs/archive/2817e02809a8d3e33c7ece58178345d287ed3ea0.jpg
1213,【纪录片】《中国手作》第一季 木作 第一集 榫卯智慧,BV1mk4y1c7M4,745848737,长安书院_,2147327022,人文历史,121:19,2023-09-09 17:26,166211,2479,12555,99,44,"历史,工匠,科普,人文,木作,榫卯,非遗,手作,纪录片,传统文化",如果觉得还不错，麻烦给个三连！谢谢~,https://i2.hdslb.com/bfs/archive/19f159e05c860021238a410bb02e3138deae4c61.png
1214,江寻千：把100种非遗，拍成文艺复兴名场面,BV1nvceznEoG,116055401826217,环球人物新媒体,30042311,运动文化,8:7,2026-02-19 09:00,7354,530,246,8,8,"传统文化,文化,中国,非遗",,https://i1.hdslb.com/bfs/archive/f83a1f00a4aa6149581d5a49c0a01bcf3a027dbd.jpg
1215,你敢信画面、音乐、配音全Ai制作？AIGC赋能文旅非遗新范例,BV1it421u7UK,1754365323,野生Peng友,227377272,AI影像,2:50,2024-05-11 14:14,21363,361,597,3,35,"AI,蜀锦,人工智能,AIGC,AI影像征集大赛,文旅,非遗","历时3个星期，用AI搞了2234张图片+210首音乐+588条视频+49条配音素材
终于抽卡抽出来了，我哭死！！
我已入魔，半夜走在路上看着开过的汽车都像是AI扩散。
收集200多幅古今经典蜀锦纹样为样本，
训练Lora，搭建了comfy ui的新工作流
SD、Runway、Pika........能用的都用了
每天开机都在给显卡上香
求求Sora、Vidu快点吧，真·不想抽卡了!!!",https://i1.hdslb.com/bfs/archive/2254da15574725ebe7a7c4c3767c77464b30795d.jpg
1216,外网热评：中国非遗！龙须面惊艳外网！一根面能拉千米，中华绝技太绝了,BV1WyckzjE38,116215473245756,轩宝看油管,387967038,日常,2:4,2026-03-12 17:24,2940,44,3,3,1,"外网热评,文化,中国,外国网友评论,外网评论,评论翻译,外国网友,外国人看中国,外网,娱乐资讯",,https://i1.hdslb.com/bfs/archive/017a6b927ce0726e3ae65bc65666be3e5caa1f74.jpg
1217,非遗园,BV1Xdw9zhEyN,116245219247908,dagua009,1299667031,设计·创意,1:6,2026-03-17 23:28,11,0,0,0,0,数字人居,,https://i0.hdslb.com/bfs/archive/9306fa0a4a676fc8ec063be0739972fc1e1339c2.jpg
1218,中国非遗惊艳世界，视觉盛宴引全球热议,BV1UVwszqEVM,116225405359197,油管外网趣评,508321791,日常,1:41,2026-03-14 11:31,1256,28,1,0,0,"绘画,游戏,动作游戏",-,https://i2.hdslb.com/bfs/archive/d80dab66b5956ebc796846f4ef9075ea766ceac7.jpg
1219,毛晓彤丨福州非遗嘉年华伞舞 拍的最好的版本,BV1NnPtz7EAo,116183730752186,毛曉彤,257442725,国风舞蹈,1:4,2026-03-07 09:00,144049,14678,3257,85,336,"毛晓彤,新春舞蹈集结计划,非遗嘉年华,古典舞,国风舞蹈,仙女,演员,中国风,古风,现场",,https://i0.hdslb.com/bfs/archive/fc4823fb65786cf1aa38b96f3f9a5b8b111df2cd.jpg
1220,从1块泥巴到上亿天价！非遗汝瓷如何点土成“金”？,BV1rsjmzbEWd,114574342757495,影视飓风,946974,手工,12:5,2025-05-28 17:00,2948282,168993,39702,32794,3557,"碧蓝航线,汝瓷,4K,拍摄,匠人,制作,非遗,碧蓝航线8周年,非物质文化遗产",这些看似不起眼的泥巴和石头，经过巧妙的加工，竟然可能卖出上亿元的天价。作为瓷器的一种，为什么“它”这么值钱？这次我们和@碧蓝航线  一拍即合，前往河南汝州，想带你一起来看看这门传承了千年的中国手艺——汝瓷。如果你喜欢这期视频，请多多支持我们，并把视频分享给你的朋友们一起看看!,https://i0.hdslb.com/bfs/archive/de6649ac16c7c62fab9774d44b60a36965bf8592.jpg
1221,【超燃】中国非遗超燃混剪,BV1a1keYbEF2,113695099261522,万川嘉心,1970823994,影视剪辑,5:25,2024-12-22 14:44,43569,522,935,1,71,"非遗文化分享官,非遗,传统文化,中国,人文历史档案馆2.0",-,https://i0.hdslb.com/bfs/archive/8ee2d7ef1efc6aa7d7727e5abbe06bb3a52eb859.jpg
1222,这个杯子浑身是孔，却滴水不漏,BV1jm84zcExE,114919047503711,江寻千,1895195099,影视剪辑,8:57,2025-07-26 18:28,8061674,297315,157059,4390,3837,"瓷器,传统文化,陶瓷,玲珑瓷,手工,非遗,寻找100位非遗手艺人",,https://i1.hdslb.com/bfs/archive/d3717a4ab06941d7e11769fe1a7e10133677d782.jpg
1223,老祖宗：不管了！好歹非遗传下来了！,BV1sjwez4ENA,116249463881838,料理小咪,18237423,颜值·网红舞,0:36,2026-03-18 17:29,13199,2076,653,122,67,"川剧摇,四时少女,火苗dj,葛仙村,古风","我们来葛仙村玩啦！好好玩！下次还来～
从左到右出境：
玉玲珑：小水泡汤
汉服：西海岸红杉
胡桃：料理小咪
大乔：十元酱少女",https://i2.hdslb.com/bfs/archive/59308324aa32767546f15be431472416fb28151a.jpg
1224,笑不中了！贾旭明老师号都没了，圆桌也没整清楚，又跑到非遗相声大会说相声了哈哈哈哈哈哈，网友：“相声这个行业危险系数这么高吗”哈哈哈哈或许是贾老师危险系数高？,BV1K8NMzYEmj,116192387795647,又一次嗑到了,3546939108886611,娱乐粉丝创作,22:12,2026-03-08 15:37,163503,3921,1214,998,330,"相声,爆笑,搞笑,贾局,段子,贾旭明,讽刺,小品,最新",-,https://i0.hdslb.com/bfs/archive/23c1efe6437884d6ea193d2b052293322e74de66.jpg
1225,"贾旭明郑健相声《贾诗人》高清字幕版,贾旭明非遗相声春晚作品，搞笑不断！",BV1yBPoztEG3,116201934098540,相声茶馆,25375697,搞笑,22:12,2026-03-10 11:05,12543,150,72,19,16,"非遗相声,贾旭明相声,郑健,搞笑相声,非遗,相声小品,贾旭明,相声,春晚,搞笑","贾旭明郑健相声《贾诗人》高清字幕版,贾旭明非遗相声春晚作品，搞笑不断！",https://i1.hdslb.com/bfs/archive/32b9839ce3dd1a1fac4cbb5be6083dddea99bffa.jpg
1226,【央视】综合频道CCTV-1《非遗里的中国》（第一季）,BV1AN411M7VY,493763285,八神逸枫,10289419,综艺,1086:50,2023-11-25 18:26,333808,3674,14407,1972,114,"非遗,人文,文化","https://tv.cctv.com/2022/12/30/VIDAIxSnFuJtsqzH4HZK9Yc4221230.shtml
《非遗里的中国》通过非遗创新秀演、沉浸体验、还原绝技等全新的方式来打开非遗，多维度呈现非遗的创新成果、历史底蕴、中国智慧、东方美学。节目展现非遗在新时代迸发出的焕新力量，呈现非遗时光流变中的一脉相承与继往开来。",https://i0.hdslb.com/bfs/archive/8268536bcc5c0b6c21c2dc540a25c7aad0559223.png
1227,东巴纸,BV1ozw4ztEqm,116228106551729,归乡人山白,3494349557992101,手工,8:10,2026-03-14 23:02,677365,98033,9908,1849,1113,"寻找100位非遗手艺人,东巴纸,纳西族,手工纸,手工艺,手工,原创",纸寿千年，纳西族手工造纸。,https://i1.hdslb.com/bfs/archive/62ed064b30e48ab8740683535ec2a4640da5791a.jpg
1228,中国的42项世界非遗项目 你都知道吗？,BV1NK411G7rv,500654333,中新视频,104092224,社会,4:38,2020-12-19 15:11,28939,680,801,21,38,"世界非遗项目,中国",12月17日晚，中国单独申报的“太极拳”、与马来西亚联合申报的“送王船——有关人与海洋可持续联系的仪式及相关实践”两个项目，经联合国教科文组织保护非物质文化遗产政府间委员会评审通过，列入联合国教科文组织人类非物质文化遗产代表作名录。那么，你知道中国的世界非物质文化遗产项目有多少个？有哪些？快跟我一起增长知识吧！,https://i2.hdslb.com/bfs/archive/f2e9d4d1134718bada898f5f9cce68245e4c7592.jpg
1229,【大学生纪录短片/非遗/剪纸/原创】纸下的时间旅行者【高清1080P】万物理论拯救传统文化,BV1xs411y7CG,5301655,暗海见雪生,25005818,小剧场,15:39,2016-07-12 14:20,390084,7508,12177,347,198,"传统文化,传承,纪录片,冯骥才,万物理论",以乡村七十多岁民间剪纸艺人几十年扎根于民间文化为起点，伴随着生活在城市却致力于剪纸的保护与创新的艺术家郭梅花的故事进行交叉叙事，串起剪纸的历史与发展，民俗与文化。,https://i1.hdslb.com/bfs/archive/36284d6e91d13a830b61de8ac73cc367a4f1f2d7.jpg
1230,非遗群像MVP结算画面,BV1JwWyzPE74,115387786207195,Locus建鹏,448415359,运动综合,0:33,2025-10-17 13:15,3426804,947395,222099,100260,8884,"逆水寒手游,逆水寒非遗计划,逆水寒次元破壁",-,https://i2.hdslb.com/bfs/archive/b1acff3579f22a0752d4961c7d319667c1866b16.jpg
1231,谁还不是个rapper！一首歌串起中国43项世界级非遗,BV1FV4y1y78y,870118526,央视新闻,456664753,人文历史,3:13,2023-06-22 09:56,353155,46508,9405,272,783,"非遗,说唱",目前，中国43个项目列入联合国教科文组织，非物质文化遗产名录、名册数量居世界第一。端午节到来之际，央视新闻推出原创音乐MV《非常·非遗》，用一首歌曲串联起这43项世界级非遗项目，以音乐和视觉符号呈现中国式浪漫，彰显古老东方的历史文明之美。,https://i0.hdslb.com/bfs/archive/4b2558b64cc8011d043597b24c184eb78ec51587.jpg
1232,网红想火想疯了？魔改中国非遗“黄梅戏”，惨遭央视发文“怒”批,BV1oq4y1N7ug,547995107,下饭音乐,11173348,乐评盘点,4:29,2021-09-14 17:10,3642675,192762,15640,47189,12344,"音乐分享官,乐评盘点,周杰伦,小姐姐,漫步人生路,青花瓷,网红翻唱,粤语歌,黄梅戏",要说现在刷手机，新歌没几首，老歌倒是不断被 魔改翻唱~甚至为了流量，网红们跟风拍摄 根本不管歌曲内容~今天饭饭 就带来的几首 被网红玩“变味”的歌，坚持听完的 可都是我的死忠粉呐,https://i2.hdslb.com/bfs/archive/65a0a945e8e351ea4548859398048a400a3bc155.jpg
1233,鬼步、僵尸摔、滚灯……科普19种技惊四座的非遗绝技,BV1kXpWzyE6u,115217564570288,全球顶尖投影,3546744608524364,出行,2:45,2025-09-17 11:45,423696,37473,8866,256,555,"绝技,人文历史档案馆,传统文化,变脸,杂技,戏曲,鬼步,非遗,科普,京剧",,https://i1.hdslb.com/bfs/archive/c60f3ec3e64997d87ead2e58699a3eb49cb40e99.jpg
1234,以朱为信，以泥承魂，印泥，中华文房瑰宝,BV1VanmzbEbt,115293598781324,I彭传明,589188442,手工,22:26,2025-09-30 22:15,335682,28987,2825,1570,500,"中国,原创,文化",-,https://i2.hdslb.com/bfs/archive/9f1331aecca0077f75a416b03dd6219d90c378e5.jpg
1235,这不是迷信，这是中国傩戏。,BV1Xf421v74t,1206450288,唱饭的王小潮,1107899745,人文历史,2:45,2024-08-10 09:58,4003239,421831,190005,3655,4475,"非遗文化,文化,正能量,寻找非遗文化,行走的人文,中国",-,https://i1.hdslb.com/bfs/archive/49daebd4631fa0c00276d9350417f86fbd6af584.jpg
1236,【《浮光》遇到中国非遗】中国的43个世界级非遗，你知道几个？,BV1L1421275U,1555202564,非遗正年轻,156651846,人文历史,4:21,2024-05-27 21:37,70621,1491,2589,17,61,"浮光,周深,世界级非遗,中国,传统文化,历史,非遗,文化",-,https://i0.hdslb.com/bfs/archive/a11d2fe91f98de969d84d93481c666bc65adbd4f.jpg
1237,99%的人没见过这个非遗，可它正在消失,BV14A57zLEd1,114358101284195,摇铃啊摇铃儿,1330962869,人文历史,6:55,2025-04-18 17:10,2833317,123676,118188,4454,1189,"烟花,药发木偶,非遗,温州,寻找100位非遗手艺人,传统文化,寻找100位非遗手艺人 3.0,木偶戏",这是99%的人没听说过的非遗，温州泰顺的药发木偶。是火树银花的真实写照历时四个月，在失望与希望中反复挣扎，这次终于把周尔禄爷爷坚持了一生的热爱，带到了你的面前。因为这项非遗原料的特殊，一直在法律的文化传承的矛盾中挣扎，几度垂危，这期视频，中间有过很多次想放弃的时候，或许是因为我成为了他的第一位年轻“女徒弟”，或许因为这是我家乡的非遗，又或许只是因为它的传承人是周爷爷，这个历经种种磨难，依然在苦难中开出花的，理想主义老头！他真的太好啦87天的争取实在是漫长！可又怎么漫长得过周爷爷60多年，2万多天的坚持呢。,https://i2.hdslb.com/bfs/archive/f1dde5456c9361870e919747e4b14e1c10f212cc.jpg
1238,每周质量报告 | 央视曝光假非遗乱象,BV1Upf9BVEut,116009952416434,央视网,222103174,日常,18:18,2026-02-04 10:20,30411,1851,309,51,81,非遗,,https://i2.hdslb.com/bfs/archive/34738e7584707de16910fa86679013ae30a45b8a.jpg
1239,【非遗美学创业】每周工作一小时，每年躺平收入超七位数,BV1Hm421g7hX,1606157528,村姑欣陶,384402877,财经商业,42:49,2024-07-05 19:40,18723,905,830,59,34,"青年用「财」图鉴,共同富裕,投资,找工作,乡村振兴,非遗美学,创业,李子柒,融资,创业合伙人",作为斜杠财经博主，想做些差异化的内容，可以和大家共同富裕，比如好的合伙创业、商务合作和工作的机会。而且不是在项目极早期，充满高度不确定性的时候介绍给大家，希望是有数据支持的商业模式小DEMO已经跑通的时候，在项目充满生命力蓬勃发展的时候，介绍给大家。作为前投资人，未来也将继续做投资的创业财经博主，将以投资人的角度和创始人对话，探讨创业过程中的挑战和应对方案，希望想创业或者正在创业ing的朋友们有借鉴意义。如果有想和我一起录制视频的创业者，希望自己的项目让更多投资人、创业者、合作伙伴或者未来团队成员看到，欢,https://i0.hdslb.com/bfs/archive/f8cb19204ce43fe8528dd2d144d8ba0dc070a9ca.jpg
1240,手写代码的程序员成非遗了❓「古法编程」突然火了❗️,BV1UzwDz1E6w,116243071835663,智冷Shaw,480800563,计算机技术,0:51,2026-03-17 14:22,12246,121,75,86,64,"万万没想到,AI,人工智能,编程,程序员,学习,高能,科普,分享我的专业知识,代码",“古法编程”这个词一出来，我先笑了。以前程序员不用AI写代码叫基本操作，现在居然成了“古法手艺”。照这趋势下去，未来程序员怕不是要进博物馆现场表演纯手搓代码了。你觉得，不靠AI写代码的人，以后会不会真成“非遗传承人”？关注智冷Shaw，AI时代走前头！,https://i1.hdslb.com/bfs/archive/dedb798ce2c9122234b899598e2262af3e525da5.jpg
1241,开者即死，这四个字震慑了盗墓贼整整1400年,BV1W1ckz1EYk,116215389363710,江寻千,1895195099,手工,7:22,2026-03-12 17:11,1689853,71818,35517,702,773,"文化,闹蛾扑花钗,寻找100位非遗手艺人,非遗,花丝镶嵌,手工艺",,https://i2.hdslb.com/bfs/archive/2bdc919399b36b6c49fcc199af199f86ff1e8252.jpg
1242,在你看到这期视频之前，它，没有观众,BV1Nw4m1k7Mk,1106345646,南翔,596842980,手工,6:6,2024-08-14 16:50,15767253,917337,442020,17326,7673,"一起做手工吧16.0 手工暑期大作战,非遗,打铁花,我的整活手工大赏,非遗传承,炭花舞,七江炭花舞,火壶",-,https://i0.hdslb.com/bfs/archive/c3cc26fc610220badb0b446469ca0ecf63577451.jpg
1243,非遗植物拓染｜锤出三千年前的中国色,BV1wh72z8EXt,114611957272674,陈二十,22309487,日常,3:45,2025-06-02 17:00,606312,9965,17638,82,104,"非遗,我的手工真的很解压,传统文化,手工,植物拓染",周末如果不想聚会跟人社交，那就试试跟大自然产生链接，动手做一副属于自己独一无二的作品吧~,https://i2.hdslb.com/bfs/archive/cdf4bc1202ff41f59c71c6274c7a043cdc2171d4.jpg
1244,【全程高能】中国各地的非遗年俗能有多震撼？直接看呆了！,BV1XywNeNEd3,113849181145296,司空离,358807,人文历史,7:16,2025-01-18 20:12,2901923,43884,29288,621,338,"2025克穷暴富,民俗,英歌舞,传统文化,年俗,打铁花,非遗",-,https://i2.hdslb.com/bfs/archive/07a04911a2dadb3b495f1beb71f181169a64b619.jpg
1245,陈都灵四次非遗旗袍变装,BV1i1ZiB6E3G,116097378426485,可爱又迷人旳反派,3493079277373656,明星综合,4:13,2026-02-19 20:55,9082,202,328,5,17,"陈都灵,表演,美女",-,https://i2.hdslb.com/bfs/archive/b8060f153a8c411e26e498e997adf6661f015e7e.jpg
1246,为什么都以为排箫是国外乐器？&quot;非遗 &quot;传统文化 &quot;乐器 &quot;,BV1NRwezhEmx,116249379996802,非遗传统手艺哥,3632303318239519,田园美食,2:30,2026-03-18 17:09,1196,60,5,2,4,"制作,文化,寻找100位非遗手艺人,B站好片有奖种草,非物质文化遗产",-,https://i0.hdslb.com/bfs/archive/d15c455bdb33bbcad358aa0ddb7cd3f5b788fdca.jpg
1247,中国文化输出赢麻了！国风舞惊艳全场，街头“非遗喷火”看懵老外,BV14fXVYxEV6,114182427116994,下饭音乐,11173348,乐评盘点,5:45,2025-03-18 16:18,196064,3377,875,253,56,"非遗文化,中国舞,文化输出",,https://i1.hdslb.com/bfs/archive/233a03d3aafc688e7c5bc9fe392337f875fc58ef.jpg
1248,外网热评：中国非遗文化传承《傩戏》外国网友：精准的动作和传统文化的传承，很精彩,BV1WyckzjEd5,116215473242189,轩宝看油管,387967038,日常,1:36,2026-03-12 17:24,1067,12,5,0,0,"传统文化,中国,外网热评,中国非遗,外国网友评论,外网评论,评论翻译,外国人看中国,文化传承,非物质文化遗产",,https://i1.hdslb.com/bfs/archive/734cc883611d5be6e1ef3823234a16f1f8c2d334.jpg
1249,挑战戏神非遗大片 今天拍的是“傩戏”！,BV1uLByBvELm,115791680838243,-小胡同学呀,262240557,穿搭,2:45,2025-12-27 21:18,1729296,38471,60664,1453,357,"传统文化,冷不丁化妆挑战,胡有姬,葛仙村,戏神,傩戏,非遗,江西,非物质文化遗产,挑战",-,https://i2.hdslb.com/bfs/archive/084a84aa9c8c5dc3386443cd5993a8e3f35b684d.jpg
1250,外网看我国非遗文化变装转场！热评：文化自信在此刻具象化！ #非遗文化 #转场 #舞狮 #外国人看中国,BV1mWkzBtEho,115528446251640,星禾搞笑娱乐,1680121791,日常,1:36,2025-11-11 09:25,156081,2194,574,33,39,"中国风,制作,变装转场,B站辩论季！,歪果仁,传统文化,中国,文化",外网看我国非遗文化变装转场！热评：文化自信在此刻具象化！ #非遗文化 #转场 #舞狮 #外国人看中国,https://i0.hdslb.com/bfs/archive/2817e02809a8d3e33c7ece58178345d287ed3ea0.jpg
1251,江寻千：把100种非遗，拍成文艺复兴名场面,BV1nvceznEoG,116055401826217,环球人物新媒体,30042311,运动文化,8:7,2026-02-19 09:00,7354,530,246,8,8,"传统文化,文化,中国,非遗",,https://i1.hdslb.com/bfs/archive/f83a1f00a4aa6149581d5a49c0a01bcf3a027dbd.jpg
1252,【纪录片】《中国手作》第一季 木作 第一集 榫卯智慧,BV1mk4y1c7M4,745848737,长安书院_,2147327022,人文历史,121:19,2023-09-09 17:26,166211,2479,12555,99,44,"历史,工匠,科普,人文,木作,榫卯,非遗,手作,纪录片,传统文化",如果觉得还不错，麻烦给个三连！谢谢~,https://i2.hdslb.com/bfs/archive/19f159e05c860021238a410bb02e3138deae4c61.png
1253,你敢信画面、音乐、配音全Ai制作？AIGC赋能文旅非遗新范例,BV1it421u7UK,1754365323,野生Peng友,227377272,AI影像,2:50,2024-05-11 14:14,21363,361,597,3,35,"AI,蜀锦,人工智能,AIGC,AI影像征集大赛,文旅,非遗","历时3个星期，用AI搞了2234张图片+210首音乐+588条视频+49条配音素材
终于抽卡抽出来了，我哭死！！
我已入魔，半夜走在路上看着开过的汽车都像是AI扩散。
收集200多幅古今经典蜀锦纹样为样本，
训练Lora，搭建了comfy ui的新工作流
SD、Runway、Pika........能用的都用了
每天开机都在给显卡上香
求求Sora、Vidu快点吧，真·不想抽卡了!!!",https://i1.hdslb.com/bfs/archive/2254da15574725ebe7a7c4c3767c77464b30795d.jpg
1254,外网热评：中国非遗！龙须面惊艳外网！一根面能拉千米，中华绝技太绝了,BV1WyckzjE38,116215473245756,轩宝看油管,387967038,日常,2:4,2026-03-12 17:24,2940,44,3,3,1,"外网热评,文化,中国,外国网友评论,外网评论,评论翻译,外国网友,外国人看中国,外网,娱乐资讯",,https://i1.hdslb.com/bfs/archive/017a6b927ce0726e3ae65bc65666be3e5caa1f74.jpg
1255,家族企业兄弟齐心！6代传承非遗工艺，办学校就为不让手艺失传,BV1ZQwYzCEuU,116247584905106,爱你么么哒爱自己哦,3494372016393052,亲子,4:41,2026-03-18 09:33,22,0,0,0,0,"非遗,传承,文化",-,https://i2.hdslb.com/bfs/archive/18ffa44b1bfcd3f08a4cf8b2b9d1d0b72c63ce51.jpg
1256,手工斫琴是智商税？别用工业标准衡量千年文化,BV1cTwqzcEod,116249749097395,古琴拓荒人卢玉平,3546840091855248,手工,1:46,2026-03-18 18:49,495,9,5,1,1,"匠人,非物质文化遗产,古琴,传统文化,手工,原创",,https://i1.hdslb.com/bfs/archive/783cb05ded88b46fe0659af025ffaab31c3040d5.jpg
1257,非遗园,BV1Xdw9zhEyN,116245219247908,dagua009,1299667031,设计·创意,1:6,2026-03-17 23:28,11,0,0,0,0,数字人居,,https://i0.hdslb.com/bfs/archive/9306fa0a4a676fc8ec063be0739972fc1e1339c2.jpg
1258,从1块泥巴到上亿天价！非遗汝瓷如何点土成“金”？,BV1rsjmzbEWd,114574342757495,影视飓风,946974,手工,12:5,2025-05-28 17:00,2948282,168993,39702,32794,3557,"碧蓝航线,汝瓷,4K,拍摄,匠人,制作,非遗,碧蓝航线8周年,非物质文化遗产",这些看似不起眼的泥巴和石头，经过巧妙的加工，竟然可能卖出上亿元的天价。作为瓷器的一种，为什么“它”这么值钱？这次我们和@碧蓝航线  一拍即合，前往河南汝州，想带你一起来看看这门传承了千年的中国手艺——汝瓷。如果你喜欢这期视频，请多多支持我们，并把视频分享给你的朋友们一起看看!,https://i0.hdslb.com/bfs/archive/de6649ac16c7c62fab9774d44b60a36965bf8592.jpg
1259,【超燃】中国非遗超燃混剪,BV1a1keYbEF2,113695099261522,万川嘉心,1970823994,影视剪辑,5:25,2024-12-22 14:44,43569,522,935,1,71,"非遗文化分享官,非遗,传统文化,中国,人文历史档案馆2.0",-,https://i0.hdslb.com/bfs/archive/8ee2d7ef1efc6aa7d7727e5abbe06bb3a52eb859.jpg
1260,开者即死，这四个字震慑了盗墓贼整整1400年,BV1W1ckz1EYk,116215389363710,江寻千,1895195099,手工,7:22,2026-03-12 17:11,1689853,71818,35517,702,773,"文化,闹蛾扑花钗,寻找100位非遗手艺人,非遗,花丝镶嵌,手工艺",,https://i2.hdslb.com/bfs/archive/2bdc919399b36b6c49fcc199af199f86ff1e8252.jpg
1261,笑不中了！贾旭明老师号都没了，圆桌也没整清楚，又跑到非遗相声大会说相声了哈哈哈哈哈哈，网友：“相声这个行业危险系数这么高吗”哈哈哈哈或许是贾老师危险系数高？,BV1K8NMzYEmj,116192387795647,又一次嗑到了,3546939108886611,娱乐粉丝创作,22:12,2026-03-08 15:37,163503,3921,1214,998,330,"相声,爆笑,搞笑,贾局,段子,贾旭明,讽刺,小品,最新",-,https://i0.hdslb.com/bfs/archive/23c1efe6437884d6ea193d2b052293322e74de66.jpg
1262,这个杯子浑身是孔，却滴水不漏,BV1jm84zcExE,114919047503711,江寻千,1895195099,影视剪辑,8:57,2025-07-26 18:28,8061674,297315,157059,4390,3837,"瓷器,传统文化,陶瓷,玲珑瓷,手工,非遗,寻找100位非遗手艺人",,https://i1.hdslb.com/bfs/archive/d3717a4ab06941d7e11769fe1a7e10133677d782.jpg
1263,"贾旭明郑健相声《贾诗人》高清字幕版,贾旭明非遗相声春晚作品，搞笑不断！",BV1yBPoztEG3,116201934098540,相声茶馆,25375697,搞笑,22:12,2026-03-10 11:05,12543,150,72,19,16,"非遗相声,贾旭明相声,郑健,搞笑相声,非遗,相声小品,贾旭明,相声,春晚,搞笑","贾旭明郑健相声《贾诗人》高清字幕版,贾旭明非遗相声春晚作品，搞笑不断！",https://i1.hdslb.com/bfs/archive/32b9839ce3dd1a1fac4cbb5be6083dddea99bffa.jpg
1264,【央视】综合频道CCTV-1《非遗里的中国》（第一季）,BV1AN411M7VY,493763285,八神逸枫,10289419,综艺,1086:50,2023-11-25 18:26,333808,3674,14407,1972,114,"非遗,人文,文化","https://tv.cctv.com/2022/12/30/VIDAIxSnFuJtsqzH4HZK9Yc4221230.shtml
《非遗里的中国》通过非遗创新秀演、沉浸体验、还原绝技等全新的方式来打开非遗，多维度呈现非遗的创新成果、历史底蕴、中国智慧、东方美学。节目展现非遗在新时代迸发出的焕新力量，呈现非遗时光流变中的一脉相承与继往开来。",https://i0.hdslb.com/bfs/archive/8268536bcc5c0b6c21c2dc540a25c7aad0559223.png
1265,东巴纸,BV1ozw4ztEqm,116228106551729,归乡人山白,3494349557992101,手工,8:10,2026-03-14 23:02,677365,98033,9908,1849,1113,"寻找100位非遗手艺人,东巴纸,纳西族,手工纸,手工艺,手工,原创",纸寿千年，纳西族手工造纸。,https://i1.hdslb.com/bfs/archive/62ed064b30e48ab8740683535ec2a4640da5791a.jpg
1266,中国的42项世界非遗项目 你都知道吗？,BV1NK411G7rv,500654333,中新视频,104092224,社会,4:38,2020-12-19 15:11,28939,680,801,21,38,"世界非遗项目,中国",12月17日晚，中国单独申报的“太极拳”、与马来西亚联合申报的“送王船——有关人与海洋可持续联系的仪式及相关实践”两个项目，经联合国教科文组织保护非物质文化遗产政府间委员会评审通过，列入联合国教科文组织人类非物质文化遗产代表作名录。那么，你知道中国的世界非物质文化遗产项目有多少个？有哪些？快跟我一起增长知识吧！,https://i2.hdslb.com/bfs/archive/f2e9d4d1134718bada898f5f9cce68245e4c7592.jpg
1267,【大学生纪录短片/非遗/剪纸/原创】纸下的时间旅行者【高清1080P】万物理论拯救传统文化,BV1xs411y7CG,5301655,暗海见雪生,25005818,小剧场,15:39,2016-07-12 14:20,390084,7508,12177,347,198,"传统文化,传承,纪录片,冯骥才,万物理论",以乡村七十多岁民间剪纸艺人几十年扎根于民间文化为起点，伴随着生活在城市却致力于剪纸的保护与创新的艺术家郭梅花的故事进行交叉叙事，串起剪纸的历史与发展，民俗与文化。,https://i1.hdslb.com/bfs/archive/36284d6e91d13a830b61de8ac73cc367a4f1f2d7.jpg
1268,非遗群像MVP结算画面,BV1JwWyzPE74,115387786207195,Locus建鹏,448415359,运动综合,0:33,2025-10-17 13:15,3426804,947395,222099,100260,8884,"逆水寒手游,逆水寒非遗计划,逆水寒次元破壁",-,https://i2.hdslb.com/bfs/archive/b1acff3579f22a0752d4961c7d319667c1866b16.jpg
1269,谁还不是个rapper！一首歌串起中国43项世界级非遗,BV1FV4y1y78y,870118526,央视新闻,456664753,人文历史,3:13,2023-06-22 09:56,353155,46508,9405,272,783,"非遗,说唱",目前，中国43个项目列入联合国教科文组织，非物质文化遗产名录、名册数量居世界第一。端午节到来之际，央视新闻推出原创音乐MV《非常·非遗》，用一首歌曲串联起这43项世界级非遗项目，以音乐和视觉符号呈现中国式浪漫，彰显古老东方的历史文明之美。,https://i0.hdslb.com/bfs/archive/4b2558b64cc8011d043597b24c184eb78ec51587.jpg
1270,网红想火想疯了？魔改中国非遗“黄梅戏”，惨遭央视发文“怒”批,BV1oq4y1N7ug,547995107,下饭音乐,11173348,乐评盘点,4:29,2021-09-14 17:10,3642675,192762,15640,47189,12344,"音乐分享官,乐评盘点,周杰伦,小姐姐,漫步人生路,青花瓷,网红翻唱,粤语歌,黄梅戏",要说现在刷手机，新歌没几首，老歌倒是不断被 魔改翻唱~甚至为了流量，网红们跟风拍摄 根本不管歌曲内容~今天饭饭 就带来的几首 被网红玩“变味”的歌，坚持听完的 可都是我的死忠粉呐,https://i2.hdslb.com/bfs/archive/65a0a945e8e351ea4548859398048a400a3bc155.jpg
1271,鬼步、僵尸摔、滚灯……科普19种技惊四座的非遗绝技,BV1kXpWzyE6u,115217564570288,全球顶尖投影,3546744608524364,出行,2:45,2025-09-17 11:45,423696,37473,8866,256,555,"绝技,人文历史档案馆,传统文化,变脸,杂技,戏曲,鬼步,非遗,科普,京剧",,https://i1.hdslb.com/bfs/archive/c60f3ec3e64997d87ead2e58699a3eb49cb40e99.jpg
1272,以朱为信，以泥承魂，印泥，中华文房瑰宝,BV1VanmzbEbt,115293598781324,I彭传明,589188442,手工,22:26,2025-09-30 22:15,335682,28987,2825,1570,500,"中国,原创,文化",-,https://i2.hdslb.com/bfs/archive/9f1331aecca0077f75a416b03dd6219d90c378e5.jpg
1273,这不是迷信，这是中国傩戏。,BV1Xf421v74t,1206450288,唱饭的王小潮,1107899745,人文历史,2:45,2024-08-10 09:58,4003239,421831,190005,3655,4475,"非遗文化,文化,正能量,寻找非遗文化,行走的人文,中国",-,https://i1.hdslb.com/bfs/archive/49daebd4631fa0c00276d9350417f86fbd6af584.jpg
1274,【《浮光》遇到中国非遗】中国的43个世界级非遗，你知道几个？,BV1L1421275U,1555202564,非遗正年轻,156651846,人文历史,4:21,2024-05-27 21:37,70621,1491,2589,17,61,"浮光,周深,世界级非遗,中国,传统文化,历史,非遗,文化",-,https://i0.hdslb.com/bfs/archive/a11d2fe91f98de969d84d93481c666bc65adbd4f.jpg
1275,每周质量报告 | 央视曝光假非遗乱象,BV1Upf9BVEut,116009952416434,央视网,222103174,日常,18:18,2026-02-04 10:20,30411,1851,309,51,81,非遗,,https://i2.hdslb.com/bfs/archive/34738e7584707de16910fa86679013ae30a45b8a.jpg
1276,老祖宗：不管了！好歹非遗传下来了！,BV1sjwez4ENA,116249463881838,料理小咪,18237423,颜值·网红舞,0:36,2026-03-18 17:29,13199,2076,653,122,67,"川剧摇,四时少女,火苗dj,葛仙村,古风","我们来葛仙村玩啦！好好玩！下次还来～
从左到右出境：
玉玲珑：小水泡汤
汉服：西海岸红杉
胡桃：料理小咪
大乔：十元酱少女",https://i2.hdslb.com/bfs/archive/59308324aa32767546f15be431472416fb28151a.jpg
1277,【非遗美学创业】每周工作一小时，每年躺平收入超七位数,BV1Hm421g7hX,1606157528,村姑欣陶,384402877,财经商业,42:49,2024-07-05 19:40,18723,905,830,59,34,"青年用「财」图鉴,共同富裕,投资,找工作,乡村振兴,非遗美学,创业,李子柒,融资,创业合伙人",作为斜杠财经博主，想做些差异化的内容，可以和大家共同富裕，比如好的合伙创业、商务合作和工作的机会。而且不是在项目极早期，充满高度不确定性的时候介绍给大家，希望是有数据支持的商业模式小DEMO已经跑通的时候，在项目充满生命力蓬勃发展的时候，介绍给大家。作为前投资人，未来也将继续做投资的创业财经博主，将以投资人的角度和创始人对话，探讨创业过程中的挑战和应对方案，希望想创业或者正在创业ing的朋友们有借鉴意义。如果有想和我一起录制视频的创业者，希望自己的项目让更多投资人、创业者、合作伙伴或者未来团队成员看到，欢,https://i0.hdslb.com/bfs/archive/f8cb19204ce43fe8528dd2d144d8ba0dc070a9ca.jpg
1278,99%的人没见过这个非遗，可它正在消失,BV14A57zLEd1,114358101284195,摇铃啊摇铃儿,1330962869,人文历史,6:55,2025-04-18 17:10,2833317,123676,118188,4454,1189,"烟花,药发木偶,非遗,温州,寻找100位非遗手艺人,传统文化,寻找100位非遗手艺人 3.0,木偶戏",这是99%的人没听说过的非遗，温州泰顺的药发木偶。是火树银花的真实写照历时四个月，在失望与希望中反复挣扎，这次终于把周尔禄爷爷坚持了一生的热爱，带到了你的面前。因为这项非遗原料的特殊，一直在法律的文化传承的矛盾中挣扎，几度垂危，这期视频，中间有过很多次想放弃的时候，或许是因为我成为了他的第一位年轻“女徒弟”，或许因为这是我家乡的非遗，又或许只是因为它的传承人是周爷爷，这个历经种种磨难，依然在苦难中开出花的，理想主义老头！他真的太好啦87天的争取实在是漫长！可又怎么漫长得过周爷爷60多年，2万多天的坚持呢。,https://i2.hdslb.com/bfs/archive/f1dde5456c9361870e919747e4b14e1c10f212cc.jpg
1279,手写代码的程序员成非遗了❓「古法编程」突然火了❗️,BV1UzwDz1E6w,116243071835663,智冷Shaw,480800563,计算机技术,0:51,2026-03-17 14:22,12246,121,75,86,64,"万万没想到,AI,人工智能,编程,程序员,学习,高能,科普,分享我的专业知识,代码",“古法编程”这个词一出来，我先笑了。以前程序员不用AI写代码叫基本操作，现在居然成了“古法手艺”。照这趋势下去，未来程序员怕不是要进博物馆现场表演纯手搓代码了。你觉得，不靠AI写代码的人，以后会不会真成“非遗传承人”？关注智冷Shaw，AI时代走前头！,https://i1.hdslb.com/bfs/archive/dedb798ce2c9122234b899598e2262af3e525da5.jpg
1280,在你看到这期视频之前，它，没有观众,BV1Nw4m1k7Mk,1106345646,南翔,596842980,手工,6:6,2024-08-14 16:50,15767253,917337,442020,17326,7673,"一起做手工吧16.0 手工暑期大作战,非遗,打铁花,我的整活手工大赏,非遗传承,炭花舞,七江炭花舞,火壶",-,https://i0.hdslb.com/bfs/archive/c3cc26fc610220badb0b446469ca0ecf63577451.jpg
1281,非遗植物拓染｜锤出三千年前的中国色,BV1wh72z8EXt,114611957272674,陈二十,22309487,日常,3:45,2025-06-02 17:00,606312,9965,17638,82,104,"非遗,我的手工真的很解压,传统文化,手工,植物拓染",周末如果不想聚会跟人社交，那就试试跟大自然产生链接，动手做一副属于自己独一无二的作品吧~,https://i2.hdslb.com/bfs/archive/cdf4bc1202ff41f59c71c6274c7a043cdc2171d4.jpg
1282,【全程高能】中国各地的非遗年俗能有多震撼？直接看呆了！,BV1XywNeNEd3,113849181145296,司空离,358807,人文历史,7:16,2025-01-18 20:12,2901923,43884,29288,621,338,"2025克穷暴富,民俗,英歌舞,传统文化,年俗,打铁花,非遗",-,https://i2.hdslb.com/bfs/archive/07a04911a2dadb3b495f1beb71f181169a64b619.jpg
1283,陈都灵四次非遗旗袍变装,BV1i1ZiB6E3G,116097378426485,可爱又迷人旳反派,3493079277373656,明星综合,4:13,2026-02-19 20:55,9082,202,328,5,17,"陈都灵,表演,美女",-,https://i2.hdslb.com/bfs/archive/b8060f153a8c411e26e498e997adf6661f015e7e.jpg
1284,为什么都以为排箫是国外乐器？&quot;非遗 &quot;传统文化 &quot;乐器 &quot;,BV1NRwezhEmx,116249379996802,非遗传统手艺哥,3632303318239519,田园美食,2:30,2026-03-18 17:09,1196,60,5,2,4,"制作,文化,寻找100位非遗手艺人,B站好片有奖种草,非物质文化遗产",-,https://i0.hdslb.com/bfs/archive/d15c455bdb33bbcad358aa0ddb7cd3f5b788fdca.jpg
1285,中国文化输出赢麻了！国风舞惊艳全场，街头“非遗喷火”看懵老外,BV14fXVYxEV6,114182427116994,下饭音乐,11173348,乐评盘点,5:45,2025-03-18 16:18,196064,3377,875,253,56,"非遗文化,中国舞,文化输出",,https://i1.hdslb.com/bfs/archive/233a03d3aafc688e7c5bc9fe392337f875fc58ef.jpg
1286,外网热评：中国非遗文化传承《傩戏》外国网友：精准的动作和传统文化的传承，很精彩,BV1WyckzjEd5,116215473242189,轩宝看油管,387967038,日常,1:36,2026-03-12 17:24,1067,12,5,0,0,"传统文化,中国,外网热评,中国非遗,外国网友评论,外网评论,评论翻译,外国人看中国,文化传承,非物质文化遗产",,https://i1.hdslb.com/bfs/archive/734cc883611d5be6e1ef3823234a16f1f8c2d334.jpg
1287,【纪录片】《中国手作》第一季 木作 第一集 榫卯智慧,BV1mk4y1c7M4,745848737,长安书院_,2147327022,人文历史,121:19,2023-09-09 17:26,166211,2479,12555,99,44,"历史,工匠,科普,人文,木作,榫卯,非遗,手作,纪录片,传统文化",如果觉得还不错，麻烦给个三连！谢谢~,https://i2.hdslb.com/bfs/archive/19f159e05c860021238a410bb02e3138deae4c61.png
1288,挑战戏神非遗大片 今天拍的是“傩戏”！,BV1uLByBvELm,115791680838243,-小胡同学呀,262240557,穿搭,2:45,2025-12-27 21:18,1729296,38471,60664,1453,357,"传统文化,冷不丁化妆挑战,胡有姬,葛仙村,戏神,傩戏,非遗,江西,非物质文化遗产,挑战",-,https://i2.hdslb.com/bfs/archive/084a84aa9c8c5dc3386443cd5993a8e3f35b684d.jpg
1289,外网看我国非遗文化变装转场！热评：文化自信在此刻具象化！ #非遗文化 #转场 #舞狮 #外国人看中国,BV1mWkzBtEho,115528446251640,星禾搞笑娱乐,1680121791,日常,1:36,2025-11-11 09:25,156081,2194,574,33,39,"中国风,制作,变装转场,B站辩论季！,歪果仁,传统文化,中国,文化",外网看我国非遗文化变装转场！热评：文化自信在此刻具象化！ #非遗文化 #转场 #舞狮 #外国人看中国,https://i0.hdslb.com/bfs/archive/2817e02809a8d3e33c7ece58178345d287ed3ea0.jpg
1290,你敢信画面、音乐、配音全Ai制作？AIGC赋能文旅非遗新范例,BV1it421u7UK,1754365323,野生Peng友,227377272,AI影像,2:50,2024-05-11 14:14,21363,361,597,3,35,"AI,蜀锦,人工智能,AIGC,AI影像征集大赛,文旅,非遗","历时3个星期，用AI搞了2234张图片+210首音乐+588条视频+49条配音素材
终于抽卡抽出来了，我哭死！！
我已入魔，半夜走在路上看着开过的汽车都像是AI扩散。
收集200多幅古今经典蜀锦纹样为样本，
训练Lora，搭建了comfy ui的新工作流
SD、Runway、Pika........能用的都用了
每天开机都在给显卡上香
求求Sora、Vidu快点吧，真·不想抽卡了!!!",https://i1.hdslb.com/bfs/archive/2254da15574725ebe7a7c4c3767c77464b30795d.jpg
1291,外网热评：中国非遗！龙须面惊艳外网！一根面能拉千米，中华绝技太绝了,BV1WyckzjE38,116215473245756,轩宝看油管,387967038,日常,2:4,2026-03-12 17:24,2940,44,3,3,1,"外网热评,文化,中国,外国网友评论,外网评论,评论翻译,外国网友,外国人看中国,外网,娱乐资讯",,https://i1.hdslb.com/bfs/archive/017a6b927ce0726e3ae65bc65666be3e5caa1f74.jpg
1292,江寻千：把100种非遗，拍成文艺复兴名场面,BV1nvceznEoG,116055401826217,环球人物新媒体,30042311,运动文化,8:7,2026-02-19 09:00,7354,530,246,8,8,"传统文化,文化,中国,非遗",,https://i1.hdslb.com/bfs/archive/f83a1f00a4aa6149581d5a49c0a01bcf3a027dbd.jpg
1293,手工斫琴是智商税？别用工业标准衡量千年文化,BV1cTwqzcEod,116249749097395,古琴拓荒人卢玉平,3546840091855248,手工,1:46,2026-03-18 18:49,495,9,5,1,1,"匠人,非物质文化遗产,古琴,传统文化,手工,原创",,https://i1.hdslb.com/bfs/archive/783cb05ded88b46fe0659af025ffaab31c3040d5.jpg
1294,中国非遗惊艳世界，视觉盛宴引全球热议,BV1UVwszqEVM,116225405359197,油管外网趣评,508321791,日常,1:41,2026-03-14 11:31,1256,28,1,0,0,"绘画,游戏,动作游戏",-,https://i2.hdslb.com/bfs/archive/d80dab66b5956ebc796846f4ef9075ea766ceac7.jpg
1295,毛晓彤丨福州非遗嘉年华伞舞 拍的最好的版本,BV1NnPtz7EAo,116183730752186,毛曉彤,257442725,国风舞蹈,1:4,2026-03-07 09:00,144049,14678,3257,85,336,"毛晓彤,新春舞蹈集结计划,非遗嘉年华,古典舞,国风舞蹈,仙女,演员,中国风,古风,现场",,https://i0.hdslb.com/bfs/archive/fc4823fb65786cf1aa38b96f3f9a5b8b111df2cd.jpg
1296,从1块泥巴到上亿天价！非遗汝瓷如何点土成“金”？,BV1rsjmzbEWd,114574342757495,影视飓风,946974,手工,12:5,2025-05-28 17:00,2948282,168993,39702,32794,3557,"碧蓝航线,汝瓷,4K,拍摄,匠人,制作,非遗,碧蓝航线8周年,非物质文化遗产",这些看似不起眼的泥巴和石头，经过巧妙的加工，竟然可能卖出上亿元的天价。作为瓷器的一种，为什么“它”这么值钱？这次我们和@碧蓝航线  一拍即合，前往河南汝州，想带你一起来看看这门传承了千年的中国手艺——汝瓷。如果你喜欢这期视频，请多多支持我们，并把视频分享给你的朋友们一起看看!,https://i0.hdslb.com/bfs/archive/de6649ac16c7c62fab9774d44b60a36965bf8592.jpg
1297,【超燃】中国非遗超燃混剪,BV1a1keYbEF2,113695099261522,万川嘉心,1970823994,影视剪辑,5:25,2024-12-22 14:44,43569,522,935,1,71,"非遗文化分享官,非遗,传统文化,中国,人文历史档案馆2.0",-,https://i0.hdslb.com/bfs/archive/8ee2d7ef1efc6aa7d7727e5abbe06bb3a52eb859.jpg
1298,开者即死，这四个字震慑了盗墓贼整整1400年,BV1W1ckz1EYk,116215389363710,江寻千,1895195099,手工,7:22,2026-03-12 17:11,1689853,71818,35517,702,773,"文化,闹蛾扑花钗,寻找100位非遗手艺人,非遗,花丝镶嵌,手工艺",,https://i2.hdslb.com/bfs/archive/2bdc919399b36b6c49fcc199af199f86ff1e8252.jpg
1299,笑不中了！贾旭明老师号都没了，圆桌也没整清楚，又跑到非遗相声大会说相声了哈哈哈哈哈哈，网友：“相声这个行业危险系数这么高吗”哈哈哈哈或许是贾老师危险系数高？,BV1K8NMzYEmj,116192387795647,又一次嗑到了,3546939108886611,娱乐粉丝创作,22:12,2026-03-08 15:37,163503,3921,1214,998,330,"相声,爆笑,搞笑,贾局,段子,贾旭明,讽刺,小品,最新",-,https://i0.hdslb.com/bfs/archive/23c1efe6437884d6ea193d2b052293322e74de66.jpg
1300,这个杯子浑身是孔，却滴水不漏,BV1jm84zcExE,114919047503711,江寻千,1895195099,影视剪辑,8:57,2025-07-26 18:28,8061674,297315,157059,4390,3837,"瓷器,传统文化,陶瓷,玲珑瓷,手工,非遗,寻找100位非遗手艺人",,https://i1.hdslb.com/bfs/archive/d3717a4ab06941d7e11769fe1a7e10133677d782.jpg
1301,"贾旭明郑健相声《贾诗人》高清字幕版,贾旭明非遗相声春晚作品，搞笑不断！",BV1yBPoztEG3,116201934098540,相声茶馆,25375697,搞笑,22:12,2026-03-10 11:05,12543,150,72,19,16,"非遗相声,贾旭明相声,郑健,搞笑相声,非遗,相声小品,贾旭明,相声,春晚,搞笑","贾旭明郑健相声《贾诗人》高清字幕版,贾旭明非遗相声春晚作品，搞笑不断！",https://i1.hdslb.com/bfs/archive/32b9839ce3dd1a1fac4cbb5be6083dddea99bffa.jpg
1302,【央视】综合频道CCTV-1《非遗里的中国》（第一季）,BV1AN411M7VY,493763285,八神逸枫,10289419,综艺,1086:50,2023-11-25 18:26,333808,3674,14407,1972,114,"非遗,人文,文化","https://tv.cctv.com/2022/12/30/VIDAIxSnFuJtsqzH4HZK9Yc4221230.shtml
《非遗里的中国》通过非遗创新秀演、沉浸体验、还原绝技等全新的方式来打开非遗，多维度呈现非遗的创新成果、历史底蕴、中国智慧、东方美学。节目展现非遗在新时代迸发出的焕新力量，呈现非遗时光流变中的一脉相承与继往开来。",https://i0.hdslb.com/bfs/archive/8268536bcc5c0b6c21c2dc540a25c7aad0559223.png
1303,东巴纸,BV1ozw4ztEqm,116228106551729,归乡人山白,3494349557992101,手工,8:10,2026-03-14 23:02,677365,98033,9908,1849,1113,"寻找100位非遗手艺人,东巴纸,纳西族,手工纸,手工艺,手工,原创",纸寿千年，纳西族手工造纸。,https://i1.hdslb.com/bfs/archive/62ed064b30e48ab8740683535ec2a4640da5791a.jpg
1304,中国的42项世界非遗项目 你都知道吗？,BV1NK411G7rv,500654333,中新视频,104092224,社会,4:38,2020-12-19 15:11,28939,680,801,21,38,"世界非遗项目,中国",12月17日晚，中国单独申报的“太极拳”、与马来西亚联合申报的“送王船——有关人与海洋可持续联系的仪式及相关实践”两个项目，经联合国教科文组织保护非物质文化遗产政府间委员会评审通过，列入联合国教科文组织人类非物质文化遗产代表作名录。那么，你知道中国的世界非物质文化遗产项目有多少个？有哪些？快跟我一起增长知识吧！,https://i2.hdslb.com/bfs/archive/f2e9d4d1134718bada898f5f9cce68245e4c7592.jpg
1305,【大学生纪录短片/非遗/剪纸/原创】纸下的时间旅行者【高清1080P】万物理论拯救传统文化,BV1xs411y7CG,5301655,暗海见雪生,25005818,小剧场,15:39,2016-07-12 14:20,390084,7508,12177,347,198,"传统文化,传承,纪录片,冯骥才,万物理论",以乡村七十多岁民间剪纸艺人几十年扎根于民间文化为起点，伴随着生活在城市却致力于剪纸的保护与创新的艺术家郭梅花的故事进行交叉叙事，串起剪纸的历史与发展，民俗与文化。,https://i1.hdslb.com/bfs/archive/36284d6e91d13a830b61de8ac73cc367a4f1f2d7.jpg
1306,非遗群像MVP结算画面,BV1JwWyzPE74,115387786207195,Locus建鹏,448415359,运动综合,0:33,2025-10-17 13:15,3426804,947395,222099,100260,8884,"逆水寒手游,逆水寒非遗计划,逆水寒次元破壁",-,https://i2.hdslb.com/bfs/archive/b1acff3579f22a0752d4961c7d319667c1866b16.jpg
1307,谁还不是个rapper！一首歌串起中国43项世界级非遗,BV1FV4y1y78y,870118526,央视新闻,456664753,人文历史,3:13,2023-06-22 09:56,353155,46508,9405,272,783,"非遗,说唱",目前，中国43个项目列入联合国教科文组织，非物质文化遗产名录、名册数量居世界第一。端午节到来之际，央视新闻推出原创音乐MV《非常·非遗》，用一首歌曲串联起这43项世界级非遗项目，以音乐和视觉符号呈现中国式浪漫，彰显古老东方的历史文明之美。,https://i0.hdslb.com/bfs/archive/4b2558b64cc8011d043597b24c184eb78ec51587.jpg
1308,网红想火想疯了？魔改中国非遗“黄梅戏”，惨遭央视发文“怒”批,BV1oq4y1N7ug,547995107,下饭音乐,11173348,乐评盘点,4:29,2021-09-14 17:10,3642675,192762,15640,47189,12344,"音乐分享官,乐评盘点,周杰伦,小姐姐,漫步人生路,青花瓷,网红翻唱,粤语歌,黄梅戏",要说现在刷手机，新歌没几首，老歌倒是不断被 魔改翻唱~甚至为了流量，网红们跟风拍摄 根本不管歌曲内容~今天饭饭 就带来的几首 被网红玩“变味”的歌，坚持听完的 可都是我的死忠粉呐,https://i2.hdslb.com/bfs/archive/65a0a945e8e351ea4548859398048a400a3bc155.jpg
1309,鬼步、僵尸摔、滚灯……科普19种技惊四座的非遗绝技,BV1kXpWzyE6u,115217564570288,全球顶尖投影,3546744608524364,出行,2:45,2025-09-17 11:45,423696,37473,8866,256,555,"绝技,人文历史档案馆,传统文化,变脸,杂技,戏曲,鬼步,非遗,科普,京剧",,https://i1.hdslb.com/bfs/archive/c60f3ec3e64997d87ead2e58699a3eb49cb40e99.jpg
1310,以朱为信，以泥承魂，印泥，中华文房瑰宝,BV1VanmzbEbt,115293598781324,I彭传明,589188442,手工,22:26,2025-09-30 22:15,335682,28987,2825,1570,500,"中国,原创,文化",-,https://i2.hdslb.com/bfs/archive/9f1331aecca0077f75a416b03dd6219d90c378e5.jpg
1311,这不是迷信，这是中国傩戏。,BV1Xf421v74t,1206450288,唱饭的王小潮,1107899745,人文历史,2:45,2024-08-10 09:58,4003239,421831,190005,3655,4475,"非遗文化,文化,正能量,寻找非遗文化,行走的人文,中国",-,https://i1.hdslb.com/bfs/archive/49daebd4631fa0c00276d9350417f86fbd6af584.jpg
1312,【《浮光》遇到中国非遗】中国的43个世界级非遗，你知道几个？,BV1L1421275U,1555202564,非遗正年轻,156651846,人文历史,4:21,2024-05-27 21:37,70621,1491,2589,17,61,"浮光,周深,世界级非遗,中国,传统文化,历史,非遗,文化",-,https://i0.hdslb.com/bfs/archive/a11d2fe91f98de969d84d93481c666bc65adbd4f.jpg
1313,每周质量报告 | 央视曝光假非遗乱象,BV1Upf9BVEut,116009952416434,央视网,222103174,日常,18:18,2026-02-04 10:20,30411,1851,309,51,81,非遗,,https://i2.hdslb.com/bfs/archive/34738e7584707de16910fa86679013ae30a45b8a.jpg
1314,老祖宗：不管了！好歹非遗传下来了！,BV1sjwez4ENA,116249463881838,料理小咪,18237423,颜值·网红舞,0:36,2026-03-18 17:29,13203,2076,653,122,67,"川剧摇,四时少女,火苗dj,葛仙村,古风","我们来葛仙村玩啦！好好玩！下次还来～
从左到右出境：
玉玲珑：小水泡汤
汉服：西海岸红杉
胡桃：料理小咪
大乔：十元酱少女",https://i2.hdslb.com/bfs/archive/59308324aa32767546f15be431472416fb28151a.jpg
1315,【非遗美学创业】每周工作一小时，每年躺平收入超七位数,BV1Hm421g7hX,1606157528,村姑欣陶,384402877,财经商业,42:49,2024-07-05 19:40,18723,905,830,59,34,"青年用「财」图鉴,共同富裕,投资,找工作,乡村振兴,非遗美学,创业,李子柒,融资,创业合伙人",作为斜杠财经博主，想做些差异化的内容，可以和大家共同富裕，比如好的合伙创业、商务合作和工作的机会。而且不是在项目极早期，充满高度不确定性的时候介绍给大家，希望是有数据支持的商业模式小DEMO已经跑通的时候，在项目充满生命力蓬勃发展的时候，介绍给大家。作为前投资人，未来也将继续做投资的创业财经博主，将以投资人的角度和创始人对话，探讨创业过程中的挑战和应对方案，希望想创业或者正在创业ing的朋友们有借鉴意义。如果有想和我一起录制视频的创业者，希望自己的项目让更多投资人、创业者、合作伙伴或者未来团队成员看到，欢,https://i0.hdslb.com/bfs/archive/f8cb19204ce43fe8528dd2d144d8ba0dc070a9ca.jpg
1316,99%的人没见过这个非遗，可它正在消失,BV14A57zLEd1,114358101284195,摇铃啊摇铃儿,1330962869,人文历史,6:55,2025-04-18 17:10,2833317,123676,118188,4454,1189,"烟花,药发木偶,非遗,温州,寻找100位非遗手艺人,传统文化,寻找100位非遗手艺人 3.0,木偶戏",这是99%的人没听说过的非遗，温州泰顺的药发木偶。是火树银花的真实写照历时四个月，在失望与希望中反复挣扎，这次终于把周尔禄爷爷坚持了一生的热爱，带到了你的面前。因为这项非遗原料的特殊，一直在法律的文化传承的矛盾中挣扎，几度垂危，这期视频，中间有过很多次想放弃的时候，或许是因为我成为了他的第一位年轻“女徒弟”，或许因为这是我家乡的非遗，又或许只是因为它的传承人是周爷爷，这个历经种种磨难，依然在苦难中开出花的，理想主义老头！他真的太好啦87天的争取实在是漫长！可又怎么漫长得过周爷爷60多年，2万多天的坚持呢。,https://i2.hdslb.com/bfs/archive/f1dde5456c9361870e919747e4b14e1c10f212cc.jpg
1317,手写代码的程序员成非遗了❓「古法编程」突然火了❗️,BV1UzwDz1E6w,116243071835663,智冷Shaw,480800563,计算机技术,0:51,2026-03-17 14:22,12246,121,75,86,64,"万万没想到,AI,人工智能,编程,程序员,学习,高能,科普,分享我的专业知识,代码",“古法编程”这个词一出来，我先笑了。以前程序员不用AI写代码叫基本操作，现在居然成了“古法手艺”。照这趋势下去，未来程序员怕不是要进博物馆现场表演纯手搓代码了。你觉得，不靠AI写代码的人，以后会不会真成“非遗传承人”？关注智冷Shaw，AI时代走前头！,https://i1.hdslb.com/bfs/archive/dedb798ce2c9122234b899598e2262af3e525da5.jpg
1318,在你看到这期视频之前，它，没有观众,BV1Nw4m1k7Mk,1106345646,南翔,596842980,手工,6:6,2024-08-14 16:50,15767253,917337,442020,17326,7673,"一起做手工吧16.0 手工暑期大作战,非遗,打铁花,我的整活手工大赏,非遗传承,炭花舞,七江炭花舞,火壶",-,https://i0.hdslb.com/bfs/archive/c3cc26fc610220badb0b446469ca0ecf63577451.jpg
1319,非遗植物拓染｜锤出三千年前的中国色,BV1wh72z8EXt,114611957272674,陈二十,22309487,日常,3:45,2025-06-02 17:00,606312,9965,17638,82,104,"非遗,我的手工真的很解压,传统文化,手工,植物拓染",周末如果不想聚会跟人社交，那就试试跟大自然产生链接，动手做一副属于自己独一无二的作品吧~,https://i2.hdslb.com/bfs/archive/cdf4bc1202ff41f59c71c6274c7a043cdc2171d4.jpg
1320,【全程高能】中国各地的非遗年俗能有多震撼？直接看呆了！,BV1XywNeNEd3,113849181145296,司空离,358807,人文历史,7:16,2025-01-18 20:12,2901923,43884,29288,621,338,"2025克穷暴富,民俗,英歌舞,传统文化,年俗,打铁花,非遗",-,https://i2.hdslb.com/bfs/archive/07a04911a2dadb3b495f1beb71f181169a64b619.jpg
1321,陈都灵四次非遗旗袍变装,BV1i1ZiB6E3G,116097378426485,可爱又迷人旳反派,3493079277373656,明星综合,4:13,2026-02-19 20:55,9082,202,328,5,17,"陈都灵,表演,美女",-,https://i2.hdslb.com/bfs/archive/b8060f153a8c411e26e498e997adf6661f015e7e.jpg
1322,为什么都以为排箫是国外乐器？&quot;非遗 &quot;传统文化 &quot;乐器 &quot;,BV1NRwezhEmx,116249379996802,非遗传统手艺哥,3632303318239519,田园美食,2:30,2026-03-18 17:09,1196,60,5,2,4,"制作,文化,寻找100位非遗手艺人,B站好片有奖种草,非物质文化遗产",-,https://i0.hdslb.com/bfs/archive/d15c455bdb33bbcad358aa0ddb7cd3f5b788fdca.jpg
1323,中国文化输出赢麻了！国风舞惊艳全场，街头“非遗喷火”看懵老外,BV14fXVYxEV6,114182427116994,下饭音乐,11173348,乐评盘点,5:45,2025-03-18 16:18,196064,3377,875,253,56,"非遗文化,中国舞,文化输出",,https://i1.hdslb.com/bfs/archive/233a03d3aafc688e7c5bc9fe392337f875fc58ef.jpg
1324,外网热评：中国非遗文化传承《傩戏》外国网友：精准的动作和传统文化的传承，很精彩,BV1WyckzjEd5,116215473242189,轩宝看油管,387967038,日常,1:36,2026-03-12 17:24,1067,12,5,0,0,"传统文化,中国,外网热评,中国非遗,外国网友评论,外网评论,评论翻译,外国人看中国,文化传承,非物质文化遗产",,https://i1.hdslb.com/bfs/archive/734cc883611d5be6e1ef3823234a16f1f8c2d334.jpg
1325,【纪录片】《中国手作》第一季 木作 第一集 榫卯智慧,BV1mk4y1c7M4,745848737,长安书院_,2147327022,人文历史,121:19,2023-09-09 17:26,166211,2479,12555,99,44,"历史,工匠,科普,人文,木作,榫卯,非遗,手作,纪录片,传统文化",如果觉得还不错，麻烦给个三连！谢谢~,https://i2.hdslb.com/bfs/archive/19f159e05c860021238a410bb02e3138deae4c61.png
1326,挑战戏神非遗大片 今天拍的是“傩戏”！,BV1uLByBvELm,115791680838243,-小胡同学呀,262240557,穿搭,2:45,2025-12-27 21:18,1729296,38471,60664,1453,357,"传统文化,冷不丁化妆挑战,胡有姬,葛仙村,戏神,傩戏,非遗,江西,非物质文化遗产,挑战",-,https://i2.hdslb.com/bfs/archive/084a84aa9c8c5dc3386443cd5993a8e3f35b684d.jpg
1327,外网看我国非遗文化变装转场！热评：文化自信在此刻具象化！ #非遗文化 #转场 #舞狮 #外国人看中国,BV1mWkzBtEho,115528446251640,星禾搞笑娱乐,1680121791,日常,1:36,2025-11-11 09:25,156081,2194,574,33,39,"中国风,制作,变装转场,B站辩论季！,歪果仁,传统文化,中国,文化",外网看我国非遗文化变装转场！热评：文化自信在此刻具象化！ #非遗文化 #转场 #舞狮 #外国人看中国,https://i0.hdslb.com/bfs/archive/2817e02809a8d3e33c7ece58178345d287ed3ea0.jpg
1328,你敢信画面、音乐、配音全Ai制作？AIGC赋能文旅非遗新范例,BV1it421u7UK,1754365323,野生Peng友,227377272,AI影像,2:50,2024-05-11 14:14,21363,361,597,3,35,"AI,蜀锦,人工智能,AIGC,AI影像征集大赛,文旅,非遗","历时3个星期，用AI搞了2234张图片+210首音乐+588条视频+49条配音素材
终于抽卡抽出来了，我哭死！！
我已入魔，半夜走在路上看着开过的汽车都像是AI扩散。
收集200多幅古今经典蜀锦纹样为样本，
训练Lora，搭建了comfy ui的新工作流
SD、Runway、Pika........能用的都用了
每天开机都在给显卡上香
求求Sora、Vidu快点吧，真·不想抽卡了!!!",https://i1.hdslb.com/bfs/archive/2254da15574725ebe7a7c4c3767c77464b30795d.jpg
1329,外网热评：中国非遗！龙须面惊艳外网！一根面能拉千米，中华绝技太绝了,BV1WyckzjE38,116215473245756,轩宝看油管,387967038,日常,2:4,2026-03-12 17:24,2940,44,3,3,1,"外网热评,文化,中国,外国网友评论,外网评论,评论翻译,外国网友,外国人看中国,外网,娱乐资讯",,https://i1.hdslb.com/bfs/archive/017a6b927ce0726e3ae65bc65666be3e5caa1f74.jpg
1330,江寻千：把100种非遗，拍成文艺复兴名场面,BV1nvceznEoG,116055401826217,环球人物新媒体,30042311,运动文化,8:7,2026-02-19 09:00,7354,530,246,8,8,"传统文化,文化,中国,非遗",,https://i1.hdslb.com/bfs/archive/f83a1f00a4aa6149581d5a49c0a01bcf3a027dbd.jpg
1331,非遗园,BV1Xdw9zhEyN,116245219247908,dagua009,1299667031,设计·创意,1:6,2026-03-17 23:28,11,0,0,0,0,数字人居,,https://i0.hdslb.com/bfs/archive/9306fa0a4a676fc8ec063be0739972fc1e1339c2.jpg
1332,小镇女孩出海非遗绒花，独立站年收百万,BV18UwezvEEF,116249447177043,夏洛特会建站,3546659824863486,日常,1:10,2026-03-18 17:26,442,3,1,0,0,"独立站搭建,非遗绒花,独立站,非遗,创业,小镇,外贸",-,https://i1.hdslb.com/bfs/archive/3ef07b2e047bc7e2aeae2abf5b070bacebdd5c19.jpg
1333,中国非遗惊艳世界，视觉盛宴引全球热议,BV1UVwszqEVM,116225405359197,油管外网趣评,508321791,日常,1:41,2026-03-14 11:31,1256,28,1,0,0,"绘画,游戏,动作游戏",-,https://i2.hdslb.com/bfs/archive/d80dab66b5956ebc796846f4ef9075ea766ceac7.jpg
1334,从1块泥巴到上亿天价！非遗汝瓷如何点土成“金”？,BV1rsjmzbEWd,114574342757495,影视飓风,946974,手工,12:5,2025-05-28 17:00,2948282,168993,39702,32794,3557,"碧蓝航线,汝瓷,4K,拍摄,匠人,制作,非遗,碧蓝航线8周年,非物质文化遗产",这些看似不起眼的泥巴和石头，经过巧妙的加工，竟然可能卖出上亿元的天价。作为瓷器的一种，为什么“它”这么值钱？这次我们和@碧蓝航线  一拍即合，前往河南汝州，想带你一起来看看这门传承了千年的中国手艺——汝瓷。如果你喜欢这期视频，请多多支持我们，并把视频分享给你的朋友们一起看看!,https://i0.hdslb.com/bfs/archive/de6649ac16c7c62fab9774d44b60a36965bf8592.jpg
1335,【超燃】中国非遗超燃混剪,BV1a1keYbEF2,113695099261522,万川嘉心,1970823994,影视剪辑,5:25,2024-12-22 14:44,43569,522,935,1,71,"非遗文化分享官,非遗,传统文化,中国,人文历史档案馆2.0",-,https://i0.hdslb.com/bfs/archive/8ee2d7ef1efc6aa7d7727e5abbe06bb3a52eb859.jpg
1336,这个杯子浑身是孔，却滴水不漏,BV1jm84zcExE,114919047503711,江寻千,1895195099,影视剪辑,8:57,2025-07-26 18:28,8061674,297315,157059,4390,3837,"瓷器,传统文化,陶瓷,玲珑瓷,手工,非遗,寻找100位非遗手艺人",,https://i1.hdslb.com/bfs/archive/d3717a4ab06941d7e11769fe1a7e10133677d782.jpg
1337,笑不中了！贾旭明老师号都没了，圆桌也没整清楚，又跑到非遗相声大会说相声了哈哈哈哈哈哈，网友：“相声这个行业危险系数这么高吗”哈哈哈哈或许是贾老师危险系数高？,BV1K8NMzYEmj,116192387795647,又一次嗑到了,3546939108886611,娱乐粉丝创作,22:12,2026-03-08 15:37,163503,3921,1214,998,330,"相声,爆笑,搞笑,贾局,段子,贾旭明,讽刺,小品,最新",-,https://i0.hdslb.com/bfs/archive/23c1efe6437884d6ea193d2b052293322e74de66.jpg
1338,老祖宗：不管了！好歹非遗传下来了！,BV1sjwez4ENA,116249463881838,料理小咪,18237423,颜值·网红舞,0:36,2026-03-18 17:29,13203,2076,653,122,67,"川剧摇,四时少女,火苗dj,葛仙村,古风","我们来葛仙村玩啦！好好玩！下次还来～
从左到右出境：
玉玲珑：小水泡汤
汉服：西海岸红杉
胡桃：料理小咪
大乔：十元酱少女",https://i2.hdslb.com/bfs/archive/59308324aa32767546f15be431472416fb28151a.jpg
1339,"贾旭明郑健相声《贾诗人》高清字幕版,贾旭明非遗相声春晚作品，搞笑不断！",BV1yBPoztEG3,116201934098540,相声茶馆,25375697,搞笑,22:12,2026-03-10 11:05,12543,150,72,19,16,"非遗相声,贾旭明相声,郑健,搞笑相声,非遗,相声小品,贾旭明,相声,春晚,搞笑","贾旭明郑健相声《贾诗人》高清字幕版,贾旭明非遗相声春晚作品，搞笑不断！",https://i1.hdslb.com/bfs/archive/32b9839ce3dd1a1fac4cbb5be6083dddea99bffa.jpg
1340,【央视】综合频道CCTV-1《非遗里的中国》（第一季）,BV1AN411M7VY,493763285,八神逸枫,10289419,综艺,1086:50,2023-11-25 18:26,333808,3674,14407,1972,114,"非遗,人文,文化","https://tv.cctv.com/2022/12/30/VIDAIxSnFuJtsqzH4HZK9Yc4221230.shtml
《非遗里的中国》通过非遗创新秀演、沉浸体验、还原绝技等全新的方式来打开非遗，多维度呈现非遗的创新成果、历史底蕴、中国智慧、东方美学。节目展现非遗在新时代迸发出的焕新力量，呈现非遗时光流变中的一脉相承与继往开来。",https://i0.hdslb.com/bfs/archive/8268536bcc5c0b6c21c2dc540a25c7aad0559223.png
1341,东巴纸,BV1ozw4ztEqm,116228106551729,归乡人山白,3494349557992101,手工,8:10,2026-03-14 23:02,677403,98034,9908,1849,1113,"寻找100位非遗手艺人,东巴纸,纳西族,手工纸,手工艺,手工,原创",纸寿千年，纳西族手工造纸。,https://i1.hdslb.com/bfs/archive/62ed064b30e48ab8740683535ec2a4640da5791a.jpg
1342,中国的42项世界非遗项目 你都知道吗？,BV1NK411G7rv,500654333,中新视频,104092224,社会,4:38,2020-12-19 15:11,28939,680,801,21,38,"世界非遗项目,中国",12月17日晚，中国单独申报的“太极拳”、与马来西亚联合申报的“送王船——有关人与海洋可持续联系的仪式及相关实践”两个项目，经联合国教科文组织保护非物质文化遗产政府间委员会评审通过，列入联合国教科文组织人类非物质文化遗产代表作名录。那么，你知道中国的世界非物质文化遗产项目有多少个？有哪些？快跟我一起增长知识吧！,https://i2.hdslb.com/bfs/archive/f2e9d4d1134718bada898f5f9cce68245e4c7592.jpg
1343,【大学生纪录短片/非遗/剪纸/原创】纸下的时间旅行者【高清1080P】万物理论拯救传统文化,BV1xs411y7CG,5301655,暗海见雪生,25005818,小剧场,15:39,2016-07-12 14:20,390084,7508,12177,347,198,"传统文化,传承,纪录片,冯骥才,万物理论",以乡村七十多岁民间剪纸艺人几十年扎根于民间文化为起点，伴随着生活在城市却致力于剪纸的保护与创新的艺术家郭梅花的故事进行交叉叙事，串起剪纸的历史与发展，民俗与文化。,https://i1.hdslb.com/bfs/archive/36284d6e91d13a830b61de8ac73cc367a4f1f2d7.jpg
1344,非遗群像MVP结算画面,BV1JwWyzPE74,115387786207195,Locus建鹏,448415359,运动综合,0:33,2025-10-17 13:15,3426804,947395,222099,100260,8884,"逆水寒手游,逆水寒非遗计划,逆水寒次元破壁",-,https://i2.hdslb.com/bfs/archive/b1acff3579f22a0752d4961c7d319667c1866b16.jpg
1345,谁还不是个rapper！一首歌串起中国43项世界级非遗,BV1FV4y1y78y,870118526,央视新闻,456664753,人文历史,3:13,2023-06-22 09:56,353155,46508,9405,272,783,"非遗,说唱",目前，中国43个项目列入联合国教科文组织，非物质文化遗产名录、名册数量居世界第一。端午节到来之际，央视新闻推出原创音乐MV《非常·非遗》，用一首歌曲串联起这43项世界级非遗项目，以音乐和视觉符号呈现中国式浪漫，彰显古老东方的历史文明之美。,https://i0.hdslb.com/bfs/archive/4b2558b64cc8011d043597b24c184eb78ec51587.jpg
1346,网红想火想疯了？魔改中国非遗“黄梅戏”，惨遭央视发文“怒”批,BV1oq4y1N7ug,547995107,下饭音乐,11173348,乐评盘点,4:29,2021-09-14 17:10,3642675,192762,15640,47189,12344,"音乐分享官,乐评盘点,周杰伦,小姐姐,漫步人生路,青花瓷,网红翻唱,粤语歌,黄梅戏",要说现在刷手机，新歌没几首，老歌倒是不断被 魔改翻唱~甚至为了流量，网红们跟风拍摄 根本不管歌曲内容~今天饭饭 就带来的几首 被网红玩“变味”的歌，坚持听完的 可都是我的死忠粉呐,https://i2.hdslb.com/bfs/archive/65a0a945e8e351ea4548859398048a400a3bc155.jpg
1347,鬼步、僵尸摔、滚灯……科普19种技惊四座的非遗绝技,BV1kXpWzyE6u,115217564570288,全球顶尖投影,3546744608524364,出行,2:45,2025-09-17 11:45,423696,37473,8866,256,555,"绝技,人文历史档案馆,传统文化,变脸,杂技,戏曲,鬼步,非遗,科普,京剧",,https://i1.hdslb.com/bfs/archive/c60f3ec3e64997d87ead2e58699a3eb49cb40e99.jpg
1348,这不是迷信，这是中国傩戏。,BV1Xf421v74t,1206450288,唱饭的王小潮,1107899745,人文历史,2:45,2024-08-10 09:58,4003239,421831,190005,3655,4475,"非遗文化,文化,正能量,寻找非遗文化,行走的人文,中国",-,https://i1.hdslb.com/bfs/archive/49daebd4631fa0c00276d9350417f86fbd6af584.jpg
1349,【非遗美学创业】每周工作一小时，每年躺平收入超七位数,BV1Hm421g7hX,1606157528,村姑欣陶,384402877,财经商业,42:49,2024-07-05 19:40,18723,905,830,59,34,"青年用「财」图鉴,共同富裕,投资,找工作,乡村振兴,非遗美学,创业,李子柒,融资,创业合伙人",作为斜杠财经博主，想做些差异化的内容，可以和大家共同富裕，比如好的合伙创业、商务合作和工作的机会。而且不是在项目极早期，充满高度不确定性的时候介绍给大家，希望是有数据支持的商业模式小DEMO已经跑通的时候，在项目充满生命力蓬勃发展的时候，介绍给大家。作为前投资人，未来也将继续做投资的创业财经博主，将以投资人的角度和创始人对话，探讨创业过程中的挑战和应对方案，希望想创业或者正在创业ing的朋友们有借鉴意义。如果有想和我一起录制视频的创业者，希望自己的项目让更多投资人、创业者、合作伙伴或者未来团队成员看到，欢,https://i0.hdslb.com/bfs/archive/f8cb19204ce43fe8528dd2d144d8ba0dc070a9ca.jpg
1350,每周质量报告 | 央视曝光假非遗乱象,BV1Upf9BVEut,116009952416434,央视网,222103174,日常,18:18,2026-02-04 10:20,30411,1851,309,51,81,非遗,,https://i2.hdslb.com/bfs/archive/34738e7584707de16910fa86679013ae30a45b8a.jpg
1351,【《浮光》遇到中国非遗】中国的43个世界级非遗，你知道几个？,BV1L1421275U,1555202564,非遗正年轻,156651846,人文历史,4:21,2024-05-27 21:37,70621,1491,2589,17,61,"浮光,周深,世界级非遗,中国,传统文化,历史,非遗,文化",-,https://i0.hdslb.com/bfs/archive/a11d2fe91f98de969d84d93481c666bc65adbd4f.jpg
1352,以朱为信，以泥承魂，印泥，中华文房瑰宝,BV1VanmzbEbt,115293598781324,I彭传明,589188442,手工,22:26,2025-09-30 22:15,335682,28987,2825,1570,500,"中国,原创,文化",-,https://i2.hdslb.com/bfs/archive/9f1331aecca0077f75a416b03dd6219d90c378e5.jpg
1353,手写代码的程序员成非遗了❓「古法编程」突然火了❗️,BV1UzwDz1E6w,116243071835663,智冷Shaw,480800563,计算机技术,0:51,2026-03-17 14:22,12246,121,75,86,64,"万万没想到,AI,人工智能,编程,程序员,学习,高能,科普,分享我的专业知识,代码",“古法编程”这个词一出来，我先笑了。以前程序员不用AI写代码叫基本操作，现在居然成了“古法手艺”。照这趋势下去，未来程序员怕不是要进博物馆现场表演纯手搓代码了。你觉得，不靠AI写代码的人，以后会不会真成“非遗传承人”？关注智冷Shaw，AI时代走前头！,https://i1.hdslb.com/bfs/archive/dedb798ce2c9122234b899598e2262af3e525da5.jpg
1354,99%的人没见过这个非遗，可它正在消失,BV14A57zLEd1,114358101284195,摇铃啊摇铃儿,1330962869,人文历史,6:55,2025-04-18 17:10,2833317,123676,118188,4454,1189,"烟花,药发木偶,非遗,温州,寻找100位非遗手艺人,传统文化,寻找100位非遗手艺人 3.0,木偶戏",这是99%的人没听说过的非遗，温州泰顺的药发木偶。是火树银花的真实写照历时四个月，在失望与希望中反复挣扎，这次终于把周尔禄爷爷坚持了一生的热爱，带到了你的面前。因为这项非遗原料的特殊，一直在法律的文化传承的矛盾中挣扎，几度垂危，这期视频，中间有过很多次想放弃的时候，或许是因为我成为了他的第一位年轻“女徒弟”，或许因为这是我家乡的非遗，又或许只是因为它的传承人是周爷爷，这个历经种种磨难，依然在苦难中开出花的，理想主义老头！他真的太好啦87天的争取实在是漫长！可又怎么漫长得过周爷爷60多年，2万多天的坚持呢。,https://i2.hdslb.com/bfs/archive/f1dde5456c9361870e919747e4b14e1c10f212cc.jpg
1355,开者即死，这四个字震慑了盗墓贼整整1400年,BV1W1ckz1EYk,116215389363710,江寻千,1895195099,手工,7:22,2026-03-12 17:11,1689853,71819,35517,702,773,"文化,闹蛾扑花钗,寻找100位非遗手艺人,非遗,花丝镶嵌,手工艺",,https://i2.hdslb.com/bfs/archive/2bdc919399b36b6c49fcc199af199f86ff1e8252.jpg
1356,在你看到这期视频之前，它，没有观众,BV1Nw4m1k7Mk,1106345646,南翔,596842980,手工,6:6,2024-08-14 16:50,15767253,917337,442020,17326,7673,"一起做手工吧16.0 手工暑期大作战,非遗,打铁花,我的整活手工大赏,非遗传承,炭花舞,七江炭花舞,火壶",-,https://i0.hdslb.com/bfs/archive/c3cc26fc610220badb0b446469ca0ecf63577451.jpg
1357,非遗植物拓染｜锤出三千年前的中国色,BV1wh72z8EXt,114611957272674,陈二十,22309487,日常,3:45,2025-06-02 17:00,606312,9965,17638,82,104,"非遗,我的手工真的很解压,传统文化,手工,植物拓染",周末如果不想聚会跟人社交，那就试试跟大自然产生链接，动手做一副属于自己独一无二的作品吧~,https://i2.hdslb.com/bfs/archive/cdf4bc1202ff41f59c71c6274c7a043cdc2171d4.jpg
1358,陈都灵四次非遗旗袍变装,BV1i1ZiB6E3G,116097378426485,可爱又迷人旳反派,3493079277373656,明星综合,4:13,2026-02-19 20:55,9082,202,328,5,17,"陈都灵,表演,美女",-,https://i2.hdslb.com/bfs/archive/b8060f153a8c411e26e498e997adf6661f015e7e.jpg
1359,为什么都以为排箫是国外乐器？&quot;非遗 &quot;传统文化 &quot;乐器 &quot;,BV1NRwezhEmx,116249379996802,非遗传统手艺哥,3632303318239519,田园美食,2:30,2026-03-18 17:09,1196,60,5,2,4,"制作,文化,寻找100位非遗手艺人,B站好片有奖种草,非物质文化遗产",-,https://i0.hdslb.com/bfs/archive/d15c455bdb33bbcad358aa0ddb7cd3f5b788fdca.jpg
1360,【全程高能】中国各地的非遗年俗能有多震撼？直接看呆了！,BV1XywNeNEd3,113849181145296,司空离,358807,人文历史,7:16,2025-01-18 20:12,2901923,43884,29288,621,338,"2025克穷暴富,民俗,英歌舞,传统文化,年俗,打铁花,非遗",-,https://i2.hdslb.com/bfs/archive/07a04911a2dadb3b495f1beb71f181169a64b619.jpg
1361,外网热评：中国非遗文化传承《傩戏》外国网友：精准的动作和传统文化的传承，很精彩,BV1WyckzjEd5,116215473242189,轩宝看油管,387967038,日常,1:36,2026-03-12 17:24,1067,12,5,0,0,"传统文化,中国,外网热评,中国非遗,外国网友评论,外网评论,评论翻译,外国人看中国,文化传承,非物质文化遗产",,https://i1.hdslb.com/bfs/archive/734cc883611d5be6e1ef3823234a16f1f8c2d334.jpg
1362,中国文化输出赢麻了！国风舞惊艳全场，街头“非遗喷火”看懵老外,BV14fXVYxEV6,114182427116994,下饭音乐,11173348,乐评盘点,5:45,2025-03-18 16:18,196064,3377,875,253,56,"非遗文化,中国舞,文化输出",,https://i1.hdslb.com/bfs/archive/233a03d3aafc688e7c5bc9fe392337f875fc58ef.jpg
1363,挑战戏神非遗大片 今天拍的是“傩戏”！,BV1uLByBvELm,115791680838243,-小胡同学呀,262240557,穿搭,2:45,2025-12-27 21:18,1729311,38471,60664,1453,357,"传统文化,冷不丁化妆挑战,胡有姬,葛仙村,戏神,傩戏,非遗,江西,非物质文化遗产,挑战",-,https://i2.hdslb.com/bfs/archive/084a84aa9c8c5dc3386443cd5993a8e3f35b684d.jpg
1364,外网看我国非遗文化变装转场！热评：文化自信在此刻具象化！ #非遗文化 #转场 #舞狮 #外国人看中国,BV1mWkzBtEho,115528446251640,星禾搞笑娱乐,1680121791,日常,1:36,2025-11-11 09:25,156081,2194,574,33,39,"中国风,制作,变装转场,B站辩论季！,歪果仁,传统文化,中国,文化",外网看我国非遗文化变装转场！热评：文化自信在此刻具象化！ #非遗文化 #转场 #舞狮 #外国人看中国,https://i0.hdslb.com/bfs/archive/2817e02809a8d3e33c7ece58178345d287ed3ea0.jpg
1365,《针尖上的非遗》纪录片作品,BV1DTwezYEgC,116247752675641,爱学习美女罢了,491748066,影视剪辑,12:40,2026-03-18 10:15,14,0,0,0,0,"纪录片,文化,艺术,非遗",,https://i0.hdslb.com/bfs/archive/8a5752778faa90c0c173dbc419191bacfa40b9ad.jpg
1366,你敢信画面、音乐、配音全Ai制作？AIGC赋能文旅非遗新范例,BV1it421u7UK,1754365323,野生Peng友,227377272,AI影像,2:50,2024-05-11 14:14,21363,361,597,3,35,"AI,蜀锦,人工智能,AIGC,AI影像征集大赛,文旅,非遗","历时3个星期，用AI搞了2234张图片+210首音乐+588条视频+49条配音素材
终于抽卡抽出来了，我哭死！！
我已入魔，半夜走在路上看着开过的汽车都像是AI扩散。
收集200多幅古今经典蜀锦纹样为样本，
训练Lora，搭建了comfy ui的新工作流
SD、Runway、Pika........能用的都用了
每天开机都在给显卡上香
求求Sora、Vidu快点吧，真·不想抽卡了!!!",https://i1.hdslb.com/bfs/archive/2254da15574725ebe7a7c4c3767c77464b30795d.jpg
1367,外网热评：中国非遗！龙须面惊艳外网！一根面能拉千米，中华绝技太绝了,BV1WyckzjE38,116215473245756,轩宝看油管,387967038,日常,2:4,2026-03-12 17:24,2940,44,3,3,1,"外网热评,文化,中国,外国网友评论,外网评论,评论翻译,外国网友,外国人看中国,外网,娱乐资讯",,https://i1.hdslb.com/bfs/archive/017a6b927ce0726e3ae65bc65666be3e5caa1f74.jpg
1368,《中国非遗文化/高燃宣传》,BV1UeLHzYEt1,114398601413645,魔鬼鱼大大,391609418,影视剪辑,2:0,2025-04-25 20:35,11687,131,205,0,32,"非遗,中国,中国非遗,人文,非遗文化,中国非遗文化,文化",中国非遗文化,https://i0.hdslb.com/bfs/archive/6535b238f8dced84fd9844c3842afce6c1dac0d7.jpg
1369,毛晓彤丨福州非遗嘉年华伞舞 拍的最好的版本,BV1NnPtz7EAo,116183730752186,毛曉彤,257442725,国风舞蹈,1:4,2026-03-07 09:00,144049,14678,3257,85,336,"毛晓彤,新春舞蹈集结计划,非遗嘉年华,古典舞,国风舞蹈,仙女,演员,中国风,古风,现场",,https://i0.hdslb.com/bfs/archive/fc4823fb65786cf1aa38b96f3f9a5b8b111df2cd.jpg
1370,小镇女孩出海非遗绒花，独立站年收百万,BV18UwezvEEF,116249447177043,夏洛特会建站,3546659824863486,日常,1:10,2026-03-18 17:26,442,3,1,0,0,"独立站搭建,非遗绒花,独立站,非遗,创业,小镇,外贸",-,https://i1.hdslb.com/bfs/archive/3ef07b2e047bc7e2aeae2abf5b070bacebdd5c19.jpg
1371,中国非遗惊艳世界，视觉盛宴引全球热议,BV1UVwszqEVM,116225405359197,油管外网趣评,508321791,日常,1:41,2026-03-14 11:31,1256,28,1,0,0,"绘画,游戏,动作游戏",-,https://i2.hdslb.com/bfs/archive/d80dab66b5956ebc796846f4ef9075ea766ceac7.jpg
